from_address,to_address,distance_km,weight_kg,height_cm,width_cm,length_cm,delivery_option,transport_mode,cost,estimated_time_hours
Hyderabad,Kolkata,989,19.63,11.6,67.8,78.4,Economy,Road,833.48,49.3
Hyderabad,Mumbai,618,37.33,24.9,30.4,94.0,Express,Road,1768.01,28.7
Delhi,Bangalore,747,38.26,99.0,65.8,57.9,Express,Rail,2709.6,17.8
Chennai,Pune,757,31.89,30.4,25.0,94.6,Express,Rail,1023.9,30.5
Ahmedabad,Mumbai,1398,26.86,28.4,58.3,30.0,Express,Rail,1824.21,24.4
Delhi,Kolkata,776,49.6,76.8,86.8,19.5,Economy,Air,7578.08,13.8
Ahmedabad,Kolkata,461,25.52,57.6,94.5,69.6,Economy,Air,7523.55,20.8
Hyderabad,Chennai,869,29.7,20.0,5.3,73.6,Express,Rail,1271.03,24.8
Mumbai,Pune,1509,62.72,85.0,53.2,23.9,Normal,Road,4769.49,54.4
Chennai,Kolkata,863,32.75,6.9,93.3,88.5,Normal,Road,1288.22,46.1
Mumbai,Hyderabad,478,48.86,11.6,77.3,77.8,Economy,Air,4647.92,10.7
Pune,Mumbai,1035,92.93,76.8,70.5,72.7,Normal,Air,24766.42,16.4
Mumbai,Ahmedabad,1164,22.86,37.1,60.9,26.9,Economy,Road,973.04,53.4
Chennai,Pune,757,33.38,53.8,31.5,51.1,Express,Road,1979.81,29.8
Bangalore,Pune,1219,47.56,43.7,14.0,67.6,Normal,Rail,1708.35,26.9
Mumbai,Chennai,1808,40.56,37.2,86.9,28.6,Economy,Air,14515.76,14.9
Bangalore,Pune,1219,92.36,47.1,86.8,57.3,Economy,Air,24765.87,27.3
Bangalore,Mumbai,707,40.94,50.7,87.1,90.7,Economy,Rail,1223.9,39.8
Ahmedabad,Delhi,555,42.59,95.9,99.6,57.8,Express,Rail,2567.27,29.6
Chennai,Hyderabad,801,31.7,9.8,50.3,92.3,Express,Road,1735.6,35.1
Mumbai,Kolkata,1416,7.26,86.9,43.4,94.5,Express,Road,7689.48,28.1
Hyderabad,Delhi,740,20.82,73.0,27.7,42.6,Express,Air,5546.44,20.0
Mumbai,Chennai,1808,46.1,99.9,99.6,12.0,Economy,Air,15886.95,27.5
Bangalore,Delhi,1766,28.86,46.6,56.6,33.7,Express,Air,17231.19,12.6
Mumbai,Ahmedabad,1164,26.81,89.5,75.5,19.8,Normal,Air,7350.19,20.0
Kolkata,Ahmedabad,996,49.11,91.0,85.4,13.8,Normal,Rail,1333.6,22.7
Kolkata,Mumbai,1957,74.25,57.4,45.6,5.9,Economy,Air,31409.2,26.6
Delhi,Bangalore,747,13.18,34.3,90.4,80.6,Economy,Rail,844.15,23.8
Pune,Kolkata,841,75.07,92.9,27.5,20.4,Economy,Rail,1371.2,32.7
Pune,Ahmedabad,1794,67.16,74.8,28.6,20.1,Express,Road,8824.1,41.9
Bangalore,Pune,1219,91.89,38.2,83.0,87.8,Economy,Road,4623.96,54.4
Mumbai,Pune,1509,28.27,65.9,43.0,98.2,Express,Rail,4111.17,39.7
Delhi,Kolkata,776,96.27,30.2,15.3,46.3,Express,Rail,3318.98,16.2
Bangalore,Delhi,1766,4.92,46.4,54.4,81.6,Express,Air,29683.08,10.5
Pune,Chennai,498,94.91,92.5,64.2,68.0,Economy,Air,10209.37,18.8
Hyderabad,Bangalore,1863,69.87,57.7,23.2,68.2,Normal,Air,34156.91,18.9
Pune,Kolkata,841,83.46,33.9,25.0,79.6,Express,Air,25385.47,18.7
Ahmedabad,Pune,900,90.17,80.6,21.1,13.1,Express,Air,31241.52,21.6
Bangalore,Hyderabad,751,31.39,81.6,19.0,9.4,Normal,Air,6305.71,13.7
Bangalore,Hyderabad,751,69.79,52.0,28.2,67.3,Economy,Road,2213.23,46.7
Ahmedabad,Chennai,1240,55.96,92.2,16.5,17.7,Normal,Air,17455.61,12.9
Ahmedabad,Kolkata,461,81.59,89.7,45.5,91.2,Normal,Road,1972.3,20.7
Bangalore,Pune,1219,63.95,77.8,54.5,64.5,Normal,Rail,2141.03,28.9
Hyderabad,Kolkata,989,8.52,19.3,41.4,19.5,Economy,Road,331.31,49.2
Chennai,Mumbai,528,83.37,42.0,78.1,94.9,Economy,Air,8593.25,12.5
Pune,Ahmedabad,1794,89.22,84.4,56.1,74.8,Express,Road,11976.29,43.7
Pune,Delhi,1004,67.05,80.8,73.8,84.8,Economy,Air,20446.13,19.1
Chennai,Ahmedabad,585,64.45,17.9,48.9,9.8,Normal,Rail,1065.87,28.6
Pune,Delhi,1004,75.32,84.0,29.0,12.8,Economy,Air,15243.49,14.3
Mumbai,Pune,1509,95.75,8.8,7.9,28.5,Economy,Air,26888.3,21.6
Bangalore,Ahmedabad,1506,70.1,77.9,20.9,62.7,Express,Air,36536.93,25.5
Mumbai,Kolkata,1416,3.06,34.6,69.3,96.0,Normal,Air,15313.95,23.5
Bangalore,Chennai,1449,69.87,33.7,70.0,81.5,Express,Road,7361.08,36.4
Hyderabad,Chennai,869,85.03,83.1,15.0,96.3,Express,Rail,3462.96,28.7
Kolkata,Ahmedabad,996,80.92,56.1,50.9,46.4,Express,Air,28823.63,22.1
Mumbai,Delhi,1685,88.22,28.2,49.1,63.0,Normal,Rail,4039.17,37.7
Bangalore,Delhi,1766,79.88,37.3,88.6,71.6,Normal,Air,31811.92,9.6
Pune,Bangalore,1536,55.74,27.8,50.2,72.6,Normal,Road,3932.42,54.1
Kolkata,Hyderabad,1729,58.36,50.0,55.4,45.4,Express,Air,36558.62,11.9
Kolkata,Mumbai,1957,12.51,23.3,16.4,55.9,Express,Road,1722.88,45.4
Kolkata,Chennai,869,83.35,33.1,39.3,33.7,Express,Air,25133.15,6.2
Kolkata,Hyderabad,1729,94.44,65.6,76.5,14.7,Economy,Air,31248.77,16.0
Chennai,Delhi,351,94.14,50.4,83.1,43.1,Economy,Air,6779.72,7.9
Kolkata,Chennai,869,99.39,16.3,77.6,62.6,Express,Road,6834.92,37.0
Kolkata,Pune,1165,59.06,45.7,59.0,10.7,Express,Road,5622.31,27.4
Mumbai,Ahmedabad,1164,24.37,57.4,19.9,43.8,Express,Air,10573.49,11.2
Kolkata,Hyderabad,1729,86.03,11.8,27.2,30.1,Express,Air,57577.85,15.1
Bangalore,Hyderabad,751,15.32,30.2,18.5,10.7,Normal,Air,3019.55,11.3
Mumbai,Bangalore,1816,69.02,71.5,94.6,52.5,Normal,Rail,3544.55,40.1
Hyderabad,Kolkata,989,25.41,13.7,96.4,84.4,Express,Air,10273.57,19.0
Kolkata,Ahmedabad,996,4.5,76.8,49.7,66.9,Normal,Road,2796.11,44.9
Mumbai,Bangalore,1816,35.12,36.7,68.7,86.5,Normal,Rail,2468.37,51.9
Chennai,Bangalore,1818,9.26,29.0,16.0,78.4,Express,Road,1302.41,44.4
Bangalore,Kolkata,1159,36.5,76.9,64.4,77.2,Economy,Rail,2147.87,44.2
Ahmedabad,Chennai,1240,3.37,64.9,80.9,72.4,Normal,Air,21275.69,10.9
Mumbai,Bangalore,1816,94.73,66.5,19.6,93.6,Normal,Air,44774.26,17.2
Ahmedabad,Mumbai,1398,45.95,18.7,23.1,61.9,Express,Road,5168.62,43.2
Pune,Delhi,1004,93.46,53.2,83.0,31.9,Normal,Air,23833.44,23.4
Ahmedabad,Kolkata,461,48.69,36.6,77.5,40.8,Normal,Road,1230.22,22.6
Pune,Chennai,498,32.16,49.9,91.8,41.2,Express,Air,7726.92,5.4
Hyderabad,Pune,489,10.49,85.3,14.5,91.5,Economy,Air,2056.1,25.0
Mumbai,Bangalore,1816,78.26,30.2,64.2,42.8,Economy,Rail,3651.24,60.3
Hyderabad,Ahmedabad,1078,72.01,77.1,87.9,8.4,Economy,Road,3186.52,67.8
Mumbai,Bangalore,1816,97.84,77.2,71.9,14.5,Economy,Air,34110.27,15.4
Chennai,Delhi,351,36.17,45.9,28.2,44.1,Express,Road,889.33,27.0
Bangalore,Ahmedabad,1506,91.33,18.6,48.8,29.1,Normal,Air,31011.8,25.2
Delhi,Chennai,365,44.45,37.8,60.8,65.7,Normal,Air,3853.34,8.8
Pune,Ahmedabad,1794,48.58,27.5,59.3,59.6,Express,Rail,3546.89,34.2
Chennai,Kolkata,863,86.57,78.9,97.5,91.5,Express,Rail,5831.02,30.4
Bangalore,Kolkata,1159,80.29,25.8,23.1,28.8,Express,Air,36158.27,7.4
Chennai,Delhi,351,78.97,8.2,39.7,17.5,Normal,Rail,872.71,12.1
Hyderabad,Kolkata,989,50.43,30.9,20.6,91.8,Normal,Rail,1570.04,22.3
Mumbai,Ahmedabad,1164,75.54,26.4,69.3,69.1,Normal,Air,21392.03,6.7
Mumbai,Bangalore,1816,37.17,76.2,29.9,41.2,Express,Rail,2799.6,24.6
Hyderabad,Kolkata,989,22.53,11.0,83.3,91.4,Normal,Air,5468.37,24.8
Kolkata,Bangalore,1854,12.05,27.3,56.1,41.9,Normal,Air,6483.3,18.7
Delhi,Bangalore,747,65.66,84.2,63.5,94.2,Normal,Road,3905.51,30.5
Bangalore,Pune,1219,36.59,98.2,39.9,90.7,Express,Rail,3556.19,36.9
Ahmedabad,Chennai,1240,66.45,66.0,61.7,7.0,Normal,Road,4522.68,40.9
Bangalore,Kolkata,1159,21.99,87.6,36.2,19.0,Express,Road,1826.33,46.0
Kolkata,Pune,1165,17.86,67.8,7.4,6.4,Economy,Air,4014.71,8.3
Pune,Kolkata,841,11.81,11.0,47.6,39.4,Express,Road,737.77,30.2
Kolkata,Bangalore,1854,64.51,8.0,99.9,85.5,Normal,Air,27555.97,16.7
Mumbai,Delhi,1685,61.03,11.2,31.1,65.1,Express,Air,37215.04,17.2
Ahmedabad,Kolkata,461,60.74,14.4,71.7,86.0,Express,Air,10964.21,13.6
Bangalore,Ahmedabad,1506,34.22,48.1,44.5,14.0,Normal,Rail,1597.11,31.5
Ahmedabad,Chennai,1240,9.58,13.1,46.0,75.7,Normal,Road,600.66,46.8
Hyderabad,Ahmedabad,1078,12.66,38.6,68.2,76.3,Express,Road,3552.19,30.3
Bangalore,Mumbai,707,65.85,26.3,15.3,85.3,Normal,Road,2450.06,38.1
Chennai,Kolkata,863,92.94,83.8,30.4,22.1,Express,Rail,3913.62,17.4
Delhi,Kolkata,776,65.91,11.6,75.4,97.3,Economy,Air,10291.59,15.3
Delhi,Ahmedabad,354,31.51,35.8,94.4,61.6,Economy,Road,549.17,31.1
Kolkata,Bangalore,1854,66.36,51.1,47.0,31.0,Express,Road,8941.63,47.5
Ahmedabad,Kolkata,461,66.88,9.3,42.6,61.9,Economy,Road,1184.29,23.0
Kolkata,Delhi,313,33.15,5.7,76.0,21.7,Normal,Air,2699.65,21.3
Hyderabad,Chennai,869,40.01,75.5,46.4,48.7,Economy,Rail,847.09,40.2
Pune,Delhi,1004,11.96,7.0,35.9,81.1,Express,Rail,576.24,18.5
Mumbai,Ahmedabad,1164,43.85,43.0,12.5,87.7,Express,Rail,2168.96,19.9
Mumbai,Kolkata,1416,51.24,91.1,38.2,74.1,Express,Road,5188.25,31.0
Delhi,Pune,1532,76.04,12.2,95.4,64.7,Normal,Air,30637.02,25.5
Hyderabad,Pune,489,97.11,35.0,46.8,49.5,Express,Rail,2263.55,16.8
Mumbai,Delhi,1685,46.44,8.6,40.0,32.3,Express,Road,6003.85,42.8
Chennai,Bangalore,1818,90.95,59.3,22.9,62.5,Express,Road,13536.28,51.7
Hyderabad,Ahmedabad,1078,8.89,66.4,8.7,72.2,Normal,Air,2406.76,13.5
Kolkata,Bangalore,1854,41.17,37.1,61.8,80.0,Express,Rail,3136.61,37.4
Kolkata,Delhi,313,72.51,67.4,91.1,88.0,Normal,Road,1719.23,18.3
Pune,Mumbai,1035,59.71,94.1,34.4,40.8,Normal,Road,3195.12,46.4
Mumbai,Hyderabad,478,67.21,53.3,6.7,34.3,Economy,Rail,840.07,20.4
Delhi,Mumbai,361,8.18,85.2,14.6,78.2,Express,Air,2390.22,19.8
Delhi,Kolkata,776,37.98,20.4,84.0,78.3,Economy,Air,5821.02,19.8
Bangalore,Ahmedabad,1506,61.25,76.5,79.5,27.2,Economy,Rail,2419.97,61.9
Bangalore,Delhi,1766,67.99,59.2,46.9,78.1,Normal,Air,30182.44,24.2
Delhi,Pune,1532,25.38,65.9,88.0,57.7,Economy,Air,21923.65,14.6
Delhi,Ahmedabad,354,45.21,53.8,83.9,13.7,Economy,Rail,413.65,21.9
Pune,Kolkata,841,37.71,41.7,12.8,26.3,Normal,Road,1693.27,41.5
Delhi,Chennai,365,29.04,83.8,71.1,18.2,Express,Rail,472.08,9.4
Kolkata,Mumbai,1957,83.58,57.1,74.1,55.1,Economy,Rail,3719.6,54.0
Ahmedabad,Chennai,1240,11.53,91.0,61.7,6.6,Express,Air,5084.73,14.2
Hyderabad,Mumbai,618,57.28,22.8,68.5,54.7,Normal,Road,1930.45,35.3
Chennai,Bangalore,1818,87.4,9.1,41.8,40.5,Express,Road,11576.39,37.9
Mumbai,Pune,1509,58.4,76.9,17.7,38.5,Normal,Air,20599.75,16.5
Ahmedabad,Hyderabad,1430,18.64,17.8,73.0,94.6,Economy,Rail,793.39,59.5
Hyderabad,Delhi,740,51.78,99.0,56.6,29.1,Express,Road,2750.86,18.8
Hyderabad,Delhi,740,12.89,40.0,89.5,75.6,Normal,Rail,1315.53,26.3
Kolkata,Pune,1165,8.72,45.3,45.9,99.5,Economy,Air,9243.29,13.8
Kolkata,Delhi,313,44.87,73.2,20.8,47.2,Normal,Road,734.07,24.8
Pune,Delhi,1004,64.13,80.2,10.4,68.8,Normal,Rail,1936.65,24.8
Chennai,Mumbai,528,84.94,69.4,46.6,17.0,Economy,Air,8729.87,16.9
Delhi,Hyderabad,1334,45.27,40.2,47.2,12.3,Economy,Air,11756.64,13.4
Mumbai,Chennai,1808,73.7,52.4,41.8,58.4,Normal,Rail,4160.62,44.7
Ahmedabad,Mumbai,1398,12.7,86.0,47.9,90.4,Normal,Road,5529.38,61.9
Hyderabad,Ahmedabad,1078,6.96,56.5,89.7,85.9,Express,Air,38205.85,21.4
Bangalore,Chennai,1449,98.52,80.2,27.5,51.9,Normal,Air,36204.77,26.5
Delhi,Kolkata,776,88.48,11.2,42.8,73.1,Normal,Air,16858.88,17.0
Delhi,Ahmedabad,354,64.41,47.7,69.6,37.7,Express,Air,8700.55,7.1
Chennai,Pune,757,12.85,19.5,20.6,35.7,Express,Road,707.09,36.3
Mumbai,Delhi,1685,20.03,95.9,31.1,64.4,Express,Air,22299.39,18.3
Delhi,Mumbai,361,66.04,73.5,62.5,85.0,Express,Road,2251.92,10.6
Kolkata,Hyderabad,1729,21.48,59.4,63.7,7.9,Express,Air,13341.24,16.3
Pune,Delhi,1004,45.63,70.4,20.0,44.5,Normal,Road,2217.41,44.5
Hyderabad,Ahmedabad,1078,98.81,37.8,42.9,77.3,Express,Air,36797.83,7.9
Ahmedabad,Mumbai,1398,14.52,9.8,94.8,87.1,Normal,Road,1235.94,58.0
Hyderabad,Mumbai,618,76.43,52.3,53.9,52.4,Normal,Rail,1281.88,25.3
Bangalore,Mumbai,707,58.54,9.6,31.7,61.8,Express,Air,15429.12,21.9
Pune,Mumbai,1035,88.3,74.1,77.6,39.8,Normal,Road,4633.76,39.4
Mumbai,Bangalore,1816,50.67,77.6,31.6,99.0,Express,Air,31875.59,14.7
Hyderabad,Kolkata,989,93.93,76.7,23.9,53.4,Express,Road,6333.66,26.7
Ahmedabad,Kolkata,461,45.97,62.6,54.0,36.2,Express,Rail,889.28,24.7
Kolkata,Ahmedabad,996,33.97,83.7,55.6,72.3,Normal,Rail,2137.68,33.6
Pune,Kolkata,841,31.11,90.4,87.8,64.8,Express,Rail,3710.37,33.6
Bangalore,Hyderabad,751,5.61,50.6,54.8,73.5,Normal,Road,1629.05,33.3
Mumbai,Ahmedabad,1164,2.38,34.8,19.4,70.6,Normal,Air,2926.57,24.0
Chennai,Hyderabad,801,14.24,24.7,35.9,67.9,Express,Rail,494.16,31.0
Hyderabad,Kolkata,989,35.75,78.3,73.5,66.1,Express,Rail,3460.56,19.8
Kolkata,Mumbai,1957,94.18,98.3,78.3,72.0,Express,Air,81160.3,17.9
Kolkata,Delhi,313,12.63,69.3,41.1,98.1,Normal,Road,837.91,25.8
Hyderabad,Bangalore,1863,65.77,76.0,25.3,83.7,Normal,Air,31834.22,19.8
Bangalore,Mumbai,707,5.55,91.0,26.4,27.1,Economy,Rail,213.44,35.2
Delhi,Chennai,365,96.47,97.9,20.0,67.0,Normal,Rail,1088.15,16.1
Kolkata,Hyderabad,1729,6.39,78.0,67.0,27.1,Express,Air,19651.96,24.6
Pune,Ahmedabad,1794,17.99,92.4,99.7,42.7,Normal,Road,7673.18,71.5
Chennai,Ahmedabad,585,30.19,62.3,93.2,36.8,Normal,Air,6304.09,23.9
Ahmedabad,Delhi,555,19.68,15.7,20.4,48.6,Normal,Air,2559.23,21.0
Bangalore,Mumbai,707,61.29,65.7,43.5,45.6,Normal,Road,2123.63,39.9
Ahmedabad,Delhi,555,93.61,5.6,41.4,47.4,Normal,Rail,1496.87,13.9
Hyderabad,Ahmedabad,1078,24.01,68.4,49.2,20.2,Express,Air,10527.38,21.0
Mumbai,Hyderabad,478,91.65,33.0,63.4,25.8,Economy,Rail,978.48,28.7
Pune,Hyderabad,1952,55.15,49.7,56.1,68.1,Economy,Road,4461.43,94.4
Ahmedabad,Kolkata,461,70.52,12.4,58.6,10.9,Express,Air,11464.94,7.9
Ahmedabad,Chennai,1240,68.19,73.1,51.4,90.4,Normal,Road,4188.4,44.2
Chennai,Kolkata,863,46.51,81.7,73.7,42.6,Economy,Air,8355.04,14.8
Mumbai,Kolkata,1416,99.42,93.8,11.6,93.7,Economy,Rail,3317.11,56.6
Pune,Delhi,1004,99.29,41.3,87.6,91.1,Normal,Road,5166.52,40.7
Hyderabad,Chennai,869,18.26,56.0,55.2,74.1,Economy,Road,1674.0,49.0
Pune,Kolkata,841,38.24,26.8,48.8,19.7,Economy,Air,6773.49,19.5
Chennai,Mumbai,528,21.01,14.6,8.2,61.8,Express,Road,789.52,21.2
Bangalore,Pune,1219,86.44,10.4,52.9,32.5,Express,Air,38082.72,19.2
Hyderabad,Mumbai,618,30.53,18.6,67.7,26.0,Normal,Rail,516.32,32.8
Delhi,Hyderabad,1334,68.04,57.8,9.5,37.7,Express,Air,33227.98,19.8
Pune,Mumbai,1035,30.34,22.5,56.1,27.9,Economy,Rail,807.54,37.3
Chennai,Kolkata,863,41.56,44.6,55.3,41.9,Normal,Road,1732.44,32.8
Hyderabad,Chennai,869,53.8,83.8,9.9,40.8,Express,Air,15917.54,21.2
Bangalore,Ahmedabad,1506,21.28,91.2,33.8,91.4,Economy,Road,3708.18,76.1
Ahmedabad,Mumbai,1398,69.71,71.9,42.7,27.7,Normal,Rail,2853.86,34.6
Kolkata,Delhi,313,51.53,52.2,14.4,98.2,Normal,Rail,523.96,17.4
Bangalore,Hyderabad,751,15.02,29.8,93.8,60.0,Normal,Rail,703.19,23.7
Bangalore,Ahmedabad,1506,55.29,94.6,37.1,77.5,Normal,Air,21406.61,10.4
Hyderabad,Mumbai,618,14.43,56.9,22.5,89.5,Express,Road,1067.27,17.0
Chennai,Pune,757,1.14,18.1,64.9,11.5,Economy,Road,77.21,33.3
Ahmedabad,Hyderabad,1430,49.04,5.6,57.4,6.1,Express,Air,25112.94,6.5
Pune,Ahmedabad,1794,94.0,22.0,92.2,54.8,Economy,Road,6907.03,75.0
Pune,Chennai,498,37.62,43.6,58.7,99.1,Economy,Rail,628.59,30.4
Chennai,Ahmedabad,585,40.83,40.8,50.2,65.5,Express,Road,1641.9,27.8
Hyderabad,Kolkata,989,97.74,97.5,90.0,92.3,Economy,Road,6922.47,53.8
Kolkata,Chennai,869,92.45,70.0,31.6,56.6,Express,Road,5639.02,20.6
Bangalore,Kolkata,1159,14.85,83.0,83.0,93.2,Normal,Road,7536.6,50.4
Hyderabad,Bangalore,1863,75.68,18.3,98.9,73.8,Express,Air,57887.62,15.1
Mumbai,Delhi,1685,60.71,63.3,61.6,97.0,Normal,Road,6544.14,57.5
Bangalore,Delhi,1766,55.53,40.7,22.6,60.7,Normal,Road,5170.2,51.3
Mumbai,Chennai,1808,27.16,41.1,79.5,19.7,Normal,Rail,1432.12,50.5
Ahmedabad,Delhi,555,76.25,14.7,13.3,45.9,Express,Air,15909.02,6.5
Mumbai,Kolkata,1416,60.01,35.8,41.6,32.7,Normal,Road,4439.77,59.7
Bangalore,Kolkata,1159,52.35,70.1,21.1,30.5,Normal,Rail,1691.31,27.6
Kolkata,Bangalore,1854,78.38,39.3,94.7,73.5,Normal,Air,37176.83,10.4
Chennai,Bangalore,1818,33.56,63.9,81.4,36.3,Normal,Rail,2189.52,56.0
Delhi,Ahmedabad,354,32.41,95.0,24.1,34.8,Normal,Rail,329.84,20.0
Bangalore,Delhi,1766,37.92,82.6,42.3,15.8,Express,Road,5115.15,48.8
Chennai,Hyderabad,801,46.43,72.3,46.7,32.7,Express,Road,2967.22,27.0
Ahmedabad,Mumbai,1398,63.52,28.0,67.6,72.9,Normal,Road,4394.82,51.3
Pune,Kolkata,841,4.16,97.0,71.7,82.2,Express,Air,39048.14,10.1
Hyderabad,Mumbai,618,64.88,9.2,98.4,69.4,Normal,Rail,1314.92,14.4
Kolkata,Mumbai,1957,51.31,54.3,60.1,59.6,Normal,Rail,2946.82,50.2
Delhi,Ahmedabad,354,99.77,50.9,33.1,92.5,Economy,Road,1506.36,24.9
Hyderabad,Bangalore,1863,78.53,54.5,38.1,14.3,Express,Air,54341.24,7.3
Mumbai,Chennai,1808,84.99,66.6,69.3,20.6,Express,Road,11561.51,42.6
Pune,Bangalore,1536,23.57,43.5,22.5,65.8,Normal,Rail,983.84,34.1
Pune,Bangalore,1536,0.94,25.4,31.4,71.9,Economy,Air,3242.62,12.7
Hyderabad,Mumbai,618,46.03,29.9,87.0,55.1,Express,Rail,1304.92,23.1
Hyderabad,Delhi,740,84.63,63.6,82.3,72.1,Normal,Air,15938.9,11.8
Bangalore,Delhi,1766,12.14,40.5,18.4,41.9,Express,Road,1632.0,44.2
Delhi,Kolkata,776,17.1,32.4,22.8,85.0,Express,Road,1067.98,28.5
Bangalore,Pune,1219,38.7,58.4,67.0,43.9,Normal,Rail,1474.74,27.4
Chennai,Pune,757,76.23,32.7,31.1,56.1,Economy,Rail,1403.13,33.9
Mumbai,Kolkata,1416,11.86,78.6,83.2,39.9,Economy,Air,14605.59,16.5
Bangalore,Delhi,1766,87.54,8.1,30.0,86.9,Economy,Rail,3981.36,61.0
Bangalore,Pune,1219,73.89,70.5,86.8,63.0,Normal,Road,4808.69,52.5
Chennai,Kolkata,863,35.41,31.7,56.2,35.7,Express,Rail,1317.21,30.8
Mumbai,Ahmedabad,1164,96.3,79.6,92.3,99.3,Express,Road,13251.37,25.8
Hyderabad,Pune,489,25.13,85.1,42.3,18.5,Express,Rail,567.12,11.1
Mumbai,Bangalore,1816,51.8,31.4,94.0,40.1,Normal,Rail,2868.32,53.4
Mumbai,Hyderabad,478,97.23,65.3,71.2,85.8,Express,Rail,1973.39,13.7
Kolkata,Delhi,313,82.92,37.1,59.9,58.8,Normal,Rail,840.0,10.4
Ahmedabad,Chennai,1240,12.86,86.5,46.9,5.1,Normal,Road,876.37,55.2
Kolkata,Mumbai,1957,87.51,88.3,13.9,39.2,Economy,Rail,4245.4,55.4
Kolkata,Hyderabad,1729,70.09,27.2,67.3,71.9,Economy,Road,4824.94,68.6
Ahmedabad,Chennai,1240,1.3,37.6,16.5,86.7,Express,Road,996.01,26.3
Mumbai,Chennai,1808,31.68,88.7,18.0,78.5,Economy,Air,12584.86,19.6
Chennai,Kolkata,863,65.18,46.8,73.6,64.7,Economy,Rail,1381.35,29.7
Mumbai,Ahmedabad,1164,75.37,61.0,41.5,96.5,Normal,Road,4165.27,38.9
Kolkata,Pune,1165,94.16,7.5,85.5,88.2,Economy,Air,22408.46,15.1
Chennai,Pune,757,89.84,95.7,52.0,15.7,Normal,Air,17321.62,25.1
Hyderabad,Delhi,740,13.63,86.8,59.0,39.7,Express,Road,2375.34,33.5
Chennai,Kolkata,863,7.22,29.9,8.8,10.7,Normal,Air,1491.2,21.1
Pune,Hyderabad,1952,40.53,65.9,56.1,19.5,Economy,Rail,1738.88,76.4
Delhi,Kolkata,776,33.01,60.7,77.5,66.7,Express,Road,3513.66,36.5
Bangalore,Chennai,1449,24.83,92.8,16.0,63.2,Economy,Rail,892.17,44.9
Chennai,Hyderabad,801,14.15,6.1,52.2,37.9,Express,Air,4045.65,20.1
Kolkata,Hyderabad,1729,88.7,78.3,7.8,81.7,Normal,Air,34996.3,19.1
Mumbai,Bangalore,1816,45.79,39.2,52.5,58.9,Normal,Road,3954.1,57.3
Mumbai,Ahmedabad,1164,74.21,5.2,86.6,6.2,Economy,Rail,2016.73,39.1
Chennai,Kolkata,863,80.41,72.8,67.3,26.3,Economy,Rail,1803.97,41.3
Hyderabad,Chennai,869,50.45,90.7,22.0,81.4,Economy,Rail,961.47,31.2
Kolkata,Delhi,313,9.1,48.4,40.0,32.7,Normal,Air,1015.07,16.5
Ahmedabad,Pune,900,77.7,74.6,56.9,80.6,Economy,Road,3039.1,45.4
Chennai,Delhi,351,0.65,67.4,85.7,74.1,Economy,Road,1209.03,26.3
Chennai,Mumbai,528,71.31,13.8,92.5,90.2,Express,Rail,1762.39,29.5
Mumbai,Kolkata,1416,10.01,17.7,82.9,12.1,Express,Road,1049.24,35.8
Kolkata,Pune,1165,31.84,81.1,71.6,74.9,Normal,Rail,2901.48,25.8
Mumbai,Ahmedabad,1164,11.01,47.7,34.8,16.5,Normal,Road,634.62,49.9
Mumbai,Ahmedabad,1164,80.86,33.9,71.9,62.3,Economy,Rail,2100.02,53.7
Pune,Kolkata,841,5.37,33.4,82.9,21.5,Normal,Rail,303.75,20.1
Mumbai,Pune,1509,79.48,16.5,10.9,79.2,Economy,Road,4507.78,73.2
Mumbai,Kolkata,1416,58.82,92.2,12.1,99.7,Economy,Air,16469.36,26.0
Hyderabad,Chennai,869,4.75,48.8,21.0,59.5,Express,Rail,476.52,22.4
Hyderabad,Mumbai,618,90.88,31.1,47.4,19.1,Express,Air,21554.18,14.9
Ahmedabad,Chennai,1240,9.23,41.4,44.8,66.1,Express,Road,2339.94,42.9
Pune,Ahmedabad,1794,71.48,50.6,79.2,37.7,Express,Air,46372.43,6.9
Bangalore,Chennai,1449,89.63,79.0,10.6,99.2,Express,Rail,6156.23,42.1
Mumbai,Ahmedabad,1164,65.86,30.3,82.5,92.1,Economy,Road,3112.86,59.6
Delhi,Mumbai,361,24.04,35.2,75.1,39.1,Express,Road,677.37,21.5
Delhi,Kolkata,776,94.86,84.5,82.0,97.2,Express,Rail,4398.5,13.3
Bangalore,Chennai,1449,52.88,5.1,92.2,24.1,Economy,Rail,1918.74,60.1
Hyderabad,Chennai,869,2.68,60.7,92.1,78.6,Express,Rail,3753.19,32.7
Pune,Kolkata,841,10.55,33.7,18.0,20.0,Normal,Air,2422.5,9.2
Hyderabad,Mumbai,618,66.72,82.4,40.9,74.7,Normal,Road,1928.76,32.0
Pune,Ahmedabad,1794,99.43,96.7,8.1,62.2,Express,Road,13751.95,42.8
Hyderabad,Ahmedabad,1078,8.24,37.9,35.4,65.4,Economy,Air,3912.2,14.1
Chennai,Delhi,351,21.36,70.9,38.3,79.8,Express,Road,1037.79,18.5
Delhi,Bangalore,747,49.56,41.0,56.9,14.6,Normal,Air,9534.78,8.8
Mumbai,Pune,1509,84.65,33.0,35.3,95.4,Economy,Rail,2863.41,55.4
Mumbai,Delhi,1685,59.61,63.3,50.9,7.9,Express,Road,7694.9,34.2
Hyderabad,Mumbai,618,97.45,43.9,57.6,92.9,Express,Rail,2797.13,12.8
Pune,Kolkata,841,55.19,51.6,10.2,5.4,Economy,Rail,1186.12,35.2
Mumbai,Chennai,1808,21.09,65.6,97.8,50.0,Economy,Rail,2942.5,66.8
Kolkata,Chennai,869,64.37,41.8,40.2,41.2,Economy,Rail,1220.23,30.7
Kolkata,Ahmedabad,996,6.63,76.5,68.4,13.1,Normal,Air,3354.92,10.6
Chennai,Pune,757,39.02,54.6,96.7,70.3,Normal,Air,15121.19,7.1
Chennai,Kolkata,863,57.34,54.1,59.3,98.4,Economy,Road,2375.28,55.0
Delhi,Mumbai,361,80.94,17.0,45.2,98.9,Normal,Road,1606.27,29.9
Kolkata,Delhi,313,91.13,91.8,11.4,41.9,Normal,Air,6882.95,13.8
Chennai,Pune,757,70.19,60.8,79.3,15.7,Economy,Road,2153.66,52.2
Mumbai,Chennai,1808,56.49,14.6,32.2,55.9,Normal,Rail,2919.48,46.5
Ahmedabad,Chennai,1240,17.63,43.3,63.7,69.7,Normal,Road,2334.18,51.2
Chennai,Hyderabad,801,47.78,30.5,40.4,37.1,Normal,Rail,1097.71,31.3
Mumbai,Pune,1509,23.18,33.5,75.7,78.5,Normal,Rail,1884.88,31.5
Ahmedabad,Mumbai,1398,91.39,43.7,51.0,54.1,Normal,Road,6407.67,42.8
Pune,Mumbai,1035,78.16,54.8,59.0,21.5,Economy,Road,3073.7,60.8
Bangalore,Delhi,1766,37.15,49.1,42.7,92.7,Express,Road,4882.67,43.8
Ahmedabad,Kolkata,461,55.36,37.7,84.6,29.6,Express,Road,1831.79,15.1
Bangalore,Pune,1219,22.52,26.4,24.6,66.9,Express,Road,2209.04,41.0
Ahmedabad,Mumbai,1398,64.91,62.1,5.8,29.0,Normal,Air,24805.03,15.4
Pune,Ahmedabad,1794,35.2,28.9,49.3,69.3,Express,Rail,2889.71,42.9
Hyderabad,Kolkata,989,64.91,62.9,33.4,15.3,Economy,Rail,1691.19,46.7
Kolkata,Hyderabad,1729,71.25,89.8,33.4,19.2,Economy,Road,5228.66,84.8
Hyderabad,Ahmedabad,1078,14.42,7.4,52.3,33.1,Normal,Rail,455.92,34.5
Bangalore,Delhi,1766,72.79,26.1,55.8,79.6,Express,Rail,5793.08,42.8
Delhi,Ahmedabad,354,10.21,17.2,29.6,81.8,Economy,Air,780.64,9.5
Bangalore,Hyderabad,751,87.21,44.9,89.3,40.3,Express,Rail,2925.9,13.2
Mumbai,Bangalore,1816,89.0,52.5,87.4,41.3,Normal,Rail,4416.27,39.2
Bangalore,Delhi,1766,41.21,59.1,91.1,48.5,Normal,Air,21583.27,13.9
Delhi,Ahmedabad,354,63.63,5.4,31.0,77.3,Economy,Air,4743.3,20.3
Mumbai,Ahmedabad,1164,61.64,65.2,43.3,96.7,Normal,Road,3255.77,38.8
Chennai,Delhi,351,75.81,55.4,6.7,5.4,Express,Road,1886.44,16.8
Mumbai,Bangalore,1816,50.58,34.1,11.2,9.3,Normal,Rail,2881.16,41.6
Delhi,Ahmedabad,354,99.62,51.6,76.3,20.7,Normal,Road,1667.5,15.9
Chennai,Kolkata,863,50.71,16.7,72.6,80.3,Normal,Air,10406.32,6.7
Chennai,Hyderabad,801,11.26,84.4,9.6,16.0,Normal,Rail,250.21,30.7
Bangalore,Hyderabad,751,68.73,5.9,45.0,14.6,Express,Rail,2379.78,21.5
Mumbai,Kolkata,1416,72.02,16.2,15.8,15.1,Economy,Air,19171.28,18.5
Bangalore,Delhi,1766,70.49,33.1,8.7,52.2,Economy,Air,27053.77,9.2
Mumbai,Chennai,1808,83.61,68.6,19.2,13.6,Express,Road,11844.45,38.2
Bangalore,Ahmedabad,1506,98.87,33.1,49.1,14.5,Economy,Road,6375.52,72.4
Pune,Hyderabad,1952,12.03,85.9,89.6,5.9,Economy,Air,4834.78,27.5
Kolkata,Hyderabad,1729,9.75,82.4,22.4,43.1,Normal,Rail,880.69,43.5
Pune,Hyderabad,1952,88.67,20.8,17.6,74.0,Economy,Road,6807.08,94.6
Ahmedabad,Mumbai,1398,61.33,79.0,63.1,86.9,Express,Road,9053.21,46.2
Ahmedabad,Chennai,1240,6.8,67.2,6.2,87.5,Express,Air,3442.38,25.3
Hyderabad,Kolkata,989,52.55,71.6,14.0,67.9,Economy,Rail,1208.85,37.3
Chennai,Ahmedabad,585,64.52,19.9,85.6,85.9,Economy,Road,1585.69,31.8
Kolkata,Chennai,869,50.94,57.3,41.0,82.6,Economy,Rail,1050.55,27.8
Ahmedabad,Bangalore,1075,31.95,98.2,75.8,6.7,Normal,Rail,934.73,38.6
Kolkata,Ahmedabad,996,56.45,67.2,48.3,37.4,Economy,Road,2403.84,55.4
Ahmedabad,Hyderabad,1430,65.89,73.0,15.8,77.1,Economy,Road,3649.33,80.5
Kolkata,Ahmedabad,996,52.44,71.7,9.3,20.6,Economy,Air,10952.7,12.0
Bangalore,Mumbai,707,12.51,86.0,25.5,83.3,Economy,Air,4998.65,7.2
Mumbai,Pune,1509,89.23,48.5,61.0,52.9,Normal,Road,6773.29,57.0
Ahmedabad,Kolkata,461,78.22,91.5,70.7,21.5,Economy,Road,1409.9,39.3
Pune,Bangalore,1536,97.96,92.0,77.4,31.0,Normal,Rail,4471.43,36.0
Kolkata,Pune,1165,70.3,86.8,72.6,93.9,Express,Road,9721.85,30.7
Hyderabad,Ahmedabad,1078,13.7,72.5,97.6,21.9,Express,Air,12871.86,20.8
Ahmedabad,Kolkata,461,57.28,68.4,44.7,76.0,Express,Rail,1277.98,9.6
Mumbai,Chennai,1808,38.4,10.0,10.4,30.4,Economy,Rail,1727.37,47.2
Kolkata,Mumbai,1957,75.48,8.1,82.3,14.7,Express,Air,56078.48,19.5
Pune,Mumbai,1035,51.34,80.7,71.1,70.8,Economy,Rail,1972.78,51.8
Hyderabad,Kolkata,989,5.85,75.6,24.3,87.5,Normal,Road,1720.6,42.7
Bangalore,Pune,1219,72.63,23.4,47.6,98.4,Economy,Road,3869.0,54.2
Chennai,Bangalore,1818,28.27,30.1,20.3,85.4,Economy,Rail,1225.17,54.2
Hyderabad,Kolkata,989,5.56,93.6,63.5,67.9,Normal,Air,20156.76,20.0
Bangalore,Mumbai,707,52.3,79.7,20.1,56.6,Normal,Road,1793.12,36.3
Hyderabad,Delhi,740,29.71,95.3,63.7,50.1,Express,Air,15221.39,14.0
Bangalore,Chennai,1449,68.41,35.5,92.0,94.8,Normal,Rail,2997.71,45.3
Hyderabad,Kolkata,989,80.38,47.3,9.2,90.3,Economy,Rail,1913.2,34.3
Chennai,Hyderabad,801,7.01,68.7,78.5,87.2,Normal,Road,3545.02,42.9
Pune,Hyderabad,1952,81.77,11.9,70.2,7.3,Express,Rail,6518.83,28.4
Kolkata,Ahmedabad,996,7.51,83.1,91.5,43.7,Normal,Air,16231.29,13.7
Mumbai,Kolkata,1416,1.09,73.4,11.0,75.9,Economy,Air,3712.75,18.2
Kolkata,Pune,1165,68.74,62.6,31.7,93.0,Normal,Rail,2557.24,24.7
Bangalore,Mumbai,707,74.8,80.7,85.7,33.0,Express,Road,3806.08,36.6
Hyderabad,Chennai,869,55.58,57.7,16.7,5.5,Express,Rail,2189.61,21.1
Hyderabad,Mumbai,618,41.56,66.4,53.7,20.3,Economy,Air,5480.72,9.4
Chennai,Pune,757,75.23,99.1,57.1,66.2,Economy,Rail,1413.71,25.9
Ahmedabad,Delhi,555,36.04,68.8,27.3,32.1,Economy,Road,770.93,36.9
Kolkata,Hyderabad,1729,58.62,58.7,39.6,35.1,Normal,Road,4565.83,49.5
Pune,Delhi,1004,84.09,17.8,74.6,88.4,Normal,Rail,2461.24,31.1
Delhi,Hyderabad,1334,60.86,85.0,86.6,18.3,Express,Road,5800.71,30.7
Mumbai,Chennai,1808,85.03,65.0,82.2,60.0,Express,Road,12467.01,46.8
Ahmedabad,Hyderabad,1430,77.63,39.8,26.2,78.4,Express,Rail,4629.7,22.5
Hyderabad,Kolkata,989,1.55,27.7,96.6,98.3,Express,Road,4102.82,23.2
Delhi,Hyderabad,1334,73.33,94.2,8.8,77.3,Economy,Road,3728.48,64.7
Hyderabad,Bangalore,1863,47.23,48.2,9.4,98.2,Normal,Road,4578.74,67.4
Kolkata,Ahmedabad,996,54.66,21.5,67.1,39.7,Express,Road,4096.71,39.1
Pune,Delhi,1004,81.82,37.8,80.3,89.3,Economy,Air,17684.78,11.6
Kolkata,Mumbai,1957,15.45,19.9,62.2,82.6,Express,Road,2950.02,39.4
Ahmedabad,Bangalore,1075,21.47,20.3,84.2,7.1,Economy,Road,936.78,54.2
Chennai,Kolkata,863,15.11,20.8,92.6,54.1,Normal,Air,4918.24,23.3
Kolkata,Chennai,869,22.05,62.6,49.8,50.8,Economy,Rail,673.91,43.4
Delhi,Kolkata,776,66.14,30.1,73.8,37.6,Normal,Air,13063.65,13.2
Mumbai,Chennai,1808,20.63,86.7,52.9,44.9,Economy,Air,13690.45,21.7
Chennai,Pune,757,53.38,76.5,13.9,67.6,Express,Air,16145.85,20.6
Pune,Kolkata,841,42.36,88.1,71.3,45.8,Normal,Rail,1408.3,37.0
Mumbai,Bangalore,1816,13.82,50.3,27.1,86.6,Normal,Air,11526.36,11.3
Chennai,Kolkata,863,52.49,54.4,40.6,24.5,Normal,Rail,1321.53,30.4
Kolkata,Delhi,313,85.57,45.2,39.7,31.2,Express,Rail,1266.71,23.3
Ahmedabad,Mumbai,1398,37.34,57.7,29.1,34.1,Normal,Air,12784.44,23.9
Mumbai,Hyderabad,478,23.36,79.4,95.2,14.5,Express,Rail,531.22,22.2
Chennai,Mumbai,528,39.22,65.4,81.4,83.2,Normal,Air,11541.97,9.4
Mumbai,Kolkata,1416,4.26,41.5,98.5,63.3,Express,Rail,3437.13,39.8
Delhi,Hyderabad,1334,49.69,6.0,85.8,93.4,Express,Rail,2800.78,30.7
Bangalore,Kolkata,1159,17.36,8.4,27.7,5.0,Economy,Road,884.78,57.0
Pune,Bangalore,1536,58.81,54.2,75.0,11.5,Economy,Air,17287.75,27.2
Hyderabad,Delhi,740,96.35,31.3,62.6,23.5,Normal,Air,16058.86,15.5
Mumbai,Kolkata,1416,29.78,95.0,81.3,95.9,Express,Air,74729.8,13.5
Ahmedabad,Pune,900,24.71,37.3,78.7,69.8,Express,Road,2756.16,26.6
Bangalore,Hyderabad,751,70.27,81.0,44.2,38.5,Express,Road,4116.92,22.3
Pune,Hyderabad,1952,75.0,37.5,57.7,22.0,Normal,Rail,4144.79,40.7
Bangalore,Ahmedabad,1506,73.84,27.3,28.0,30.2,Economy,Road,4746.09,71.4
Mumbai,Chennai,1808,92.06,69.2,68.0,63.3,Express,Road,13352.2,41.1
Kolkata,Bangalore,1854,18.7,77.6,53.6,42.8,Express,Road,4509.29,48.0
Chennai,Kolkata,863,35.06,86.7,78.7,48.4,Economy,Air,11441.64,6.7
Bangalore,Ahmedabad,1506,58.31,35.9,63.2,29.7,Express,Rail,3743.92,33.7
Hyderabad,Mumbai,618,50.13,25.0,71.6,40.4,Normal,Rail,920.25,34.0
Bangalore,Pune,1219,10.44,30.6,27.4,46.1,Normal,Road,591.25,40.3
Chennai,Mumbai,528,42.44,17.8,89.9,64.9,Express,Air,8093.43,9.8
Chennai,Bangalore,1818,10.35,20.5,25.5,29.2,Express,Road,1397.07,42.0
Kolkata,Delhi,313,2.47,16.5,87.4,96.5,Economy,Air,1768.76,8.5
Kolkata,Delhi,313,32.85,53.5,78.6,47.5,Economy,Rail,306.91,30.9
Delhi,Hyderabad,1334,80.87,37.1,65.0,59.3,Economy,Road,4023.51,57.6
Kolkata,Hyderabad,1729,27.11,66.2,30.8,47.3,Normal,Air,11922.01,16.1
Delhi,Pune,1532,2.8,74.1,67.9,94.3,Express,Air,49936.87,8.1
Mumbai,Bangalore,1816,55.07,7.5,42.7,77.7,Economy,Road,3810.23,80.5
Pune,Delhi,1004,23.32,75.1,47.1,17.0,Express,Road,1590.43,39.4
Hyderabad,Pune,489,47.88,97.6,56.4,30.9,Normal,Road,1280.6,20.2
Ahmedabad,Hyderabad,1430,75.02,88.3,46.3,65.8,Express,Rail,5222.36,25.2
Mumbai,Bangalore,1816,31.13,44.2,19.8,6.0,Express,Road,4107.52,35.8
Ahmedabad,Pune,900,47.97,5.9,45.9,32.8,Economy,Road,1743.57,53.3
Pune,Bangalore,1536,25.36,72.9,66.4,83.7,Economy,Rail,2735.74,53.7
Kolkata,Delhi,313,65.02,55.5,30.5,22.9,Economy,Road,754.89,23.9
Ahmedabad,Delhi,555,70.2,51.7,35.5,19.5,Express,Road,2738.53,18.3
Ahmedabad,Hyderabad,1430,1.32,13.6,6.4,25.6,Normal,Rail,59.86,35.3
Chennai,Delhi,351,8.48,76.3,18.9,30.3,Normal,Road,154.69,30.1
Kolkata,Pune,1165,38.47,6.2,97.6,72.9,Normal,Rail,1276.54,29.3
Mumbai,Kolkata,1416,66.77,24.8,42.0,96.3,Normal,Road,4849.44,54.9
Mumbai,Delhi,1685,48.38,33.4,39.2,9.9,Express,Road,6692.74,40.6
Chennai,Mumbai,528,79.54,60.5,42.6,28.1,Economy,Air,8875.63,17.5
Hyderabad,Pune,489,9.4,20.0,13.7,63.8,Express,Road,314.39,26.8
Mumbai,Ahmedabad,1164,49.04,35.1,58.0,66.2,Normal,Rail,1792.34,29.1
Delhi,Ahmedabad,354,89.92,51.1,46.6,33.0,Express,Rail,1343.55,14.8
Ahmedabad,Delhi,555,86.83,61.9,86.8,20.2,Express,Road,3577.71,25.2
Ahmedabad,Chennai,1240,77.7,53.1,74.7,88.9,Express,Rail,4575.0,32.1
Pune,Mumbai,1035,52.64,52.3,57.4,63.2,Normal,Rail,1680.53,30.4
Mumbai,Chennai,1808,83.6,17.3,88.0,24.2,Normal,Road,6950.96,66.6
Ahmedabad,Kolkata,461,62.59,61.1,9.7,26.0,Express,Road,1953.31,25.9
Mumbai,Bangalore,1816,80.2,10.8,58.0,94.1,Normal,Rail,4626.43,43.9
Chennai,Hyderabad,801,7.5,33.9,94.7,96.3,Economy,Road,2070.28,38.0
Bangalore,Kolkata,1159,62.72,22.0,76.2,44.4,Economy,Air,14761.12,21.6
Pune,Chennai,498,17.1,22.1,43.1,37.1,Economy,Air,1872.94,12.5
Hyderabad,Kolkata,989,99.15,35.8,40.3,77.6,Normal,Air,23649.22,16.8
Pune,Ahmedabad,1794,55.25,75.7,39.2,48.0,Normal,Road,5180.24,65.1
Delhi,Ahmedabad,354,1.15,98.5,25.4,34.9,Express,Rail,301.51,19.6
Delhi,Chennai,365,4.25,38.8,18.1,39.9,Express,Road,145.22,12.6
Pune,Kolkata,841,91.83,74.8,73.7,80.3,Economy,Rail,1974.24,37.3
Mumbai,Kolkata,1416,64.4,8.6,81.8,41.2,Economy,Rail,2122.01,50.0
Mumbai,Pune,1509,77.15,76.0,85.7,93.2,Express,Air,67086.0,6.9
Delhi,Ahmedabad,354,50.49,26.0,9.8,74.5,Normal,Rail,563.32,11.8
Pune,Delhi,1004,78.74,19.1,36.9,50.2,Express,Road,5986.22,28.7
Pune,Ahmedabad,1794,69.94,77.4,50.7,23.8,Normal,Air,31815.59,27.6
Bangalore,Mumbai,707,7.63,78.8,35.7,92.8,Economy,Road,1527.28,37.1
Hyderabad,Delhi,740,59.59,7.3,34.0,98.8,Express,Rail,2033.23,31.0
Bangalore,Mumbai,707,68.69,19.8,74.2,13.2,Express,Road,3455.11,19.6
Kolkata,Chennai,869,34.66,81.4,34.0,49.8,Normal,Road,1578.27,35.4
Kolkata,Ahmedabad,996,48.56,74.3,18.4,71.4,Economy,Rail,1180.05,30.6
Delhi,Chennai,365,28.76,80.0,63.7,10.0,Express,Road,719.06,23.9
Hyderabad,Pune,489,11.24,32.8,88.9,41.7,Normal,Air,3256.36,11.2
Mumbai,Ahmedabad,1164,20.29,96.8,58.3,72.7,Economy,Road,4143.17,55.7
Delhi,Chennai,365,35.0,38.4,64.4,27.4,Express,Rail,610.73,25.9
Chennai,Kolkata,863,94.94,26.4,37.5,42.3,Economy,Road,3428.01,50.1
Bangalore,Ahmedabad,1506,24.42,19.5,97.2,91.4,Normal,Rail,1578.62,30.4
Bangalore,Pune,1219,14.24,70.4,90.4,91.4,Normal,Road,7312.29,38.0
Mumbai,Kolkata,1416,53.53,73.3,22.5,84.8,Economy,Air,13733.12,27.6
Pune,Delhi,1004,44.58,93.7,89.9,93.7,Normal,Road,8366.87,30.8
Kolkata,Ahmedabad,996,56.92,26.9,27.1,70.3,Normal,Road,2941.28,38.8
Ahmedabad,Hyderabad,1430,65.13,22.5,41.8,50.0,Economy,Road,3521.49,76.0
Kolkata,Bangalore,1854,22.64,68.8,24.3,24.4,Economy,Rail,1081.36,56.8
Ahmedabad,Mumbai,1398,43.04,78.7,62.8,83.3,Express,Rail,5070.33,33.2
Chennai,Kolkata,863,11.38,48.4,88.4,88.4,Economy,Air,13155.2,7.6
Pune,Kolkata,841,76.63,96.4,23.0,46.8,Normal,Rail,1918.43,30.1
Chennai,Hyderabad,801,51.94,18.5,83.8,47.9,Express,Air,14394.46,23.9
Delhi,Bangalore,747,41.65,47.8,22.0,61.1,Express,Road,2511.97,22.5
Delhi,Hyderabad,1334,73.46,13.7,72.1,65.2,Economy,Air,20411.63,27.7
Delhi,Bangalore,747,55.26,9.2,21.2,36.8,Express,Road,2886.73,31.5
Chennai,Bangalore,1818,31.15,74.4,96.3,32.4,Economy,Road,3645.31,78.5
Kolkata,Chennai,869,46.13,86.3,56.6,5.5,Normal,Road,1890.85,35.5
Ahmedabad,Chennai,1240,60.32,5.6,88.8,31.4,Express,Air,29844.6,9.3
Chennai,Hyderabad,801,35.23,18.8,8.1,59.9,Express,Rail,1226.97,14.8
Delhi,Mumbai,361,67.37,63.1,70.7,61.5,Express,Road,1994.15,17.8
Chennai,Ahmedabad,585,76.97,35.7,90.3,82.9,Normal,Air,10277.35,7.6
Kolkata,Delhi,313,52.94,54.8,71.1,63.1,Economy,Air,3466.31,24.7
Ahmedabad,Hyderabad,1430,69.02,93.7,98.7,32.3,Express,Rail,4227.95,33.4
Delhi,Kolkata,776,56.48,54.4,65.0,51.8,Economy,Air,8297.12,10.1
Mumbai,Chennai,1808,46.76,80.7,75.1,24.7,Express,Rail,3738.99,35.6
Bangalore,Chennai,1449,64.24,70.6,29.2,11.4,Normal,Air,23503.62,9.3
Hyderabad,Delhi,740,39.91,59.0,96.2,84.0,Economy,Rail,1806.54,33.6
Ahmedabad,Pune,900,4.04,17.9,19.8,48.8,Express,Rail,162.39,33.7
Chennai,Pune,757,52.35,58.7,69.4,57.7,Economy,Road,1609.7,49.8
Hyderabad,Chennai,869,96.98,31.6,8.0,98.4,Express,Air,33767.59,13.0
Mumbai,Pune,1509,78.34,34.3,86.5,72.4,Normal,Rail,3253.37,38.5
Kolkata,Mumbai,1957,52.75,21.6,40.6,8.6,Economy,Road,4082.84,80.1
Delhi,Mumbai,361,34.34,50.9,88.0,34.5,Normal,Road,653.24,31.9
Delhi,Mumbai,361,72.59,48.6,72.8,54.6,Economy,Rail,683.3,25.2
Mumbai,Delhi,1685,46.95,9.4,54.5,67.6,Normal,Road,4016.9,62.4
Hyderabad,Mumbai,618,19.66,31.3,35.3,46.9,Economy,Rail,271.15,19.1
Mumbai,Ahmedabad,1164,54.48,57.2,30.7,94.6,Normal,Air,15044.59,18.4
Hyderabad,Kolkata,989,44.64,17.4,49.7,69.2,Economy,Rail,965.02,31.9
Ahmedabad,Kolkata,461,35.88,36.6,23.8,77.0,Express,Road,1358.08,21.8
Delhi,Chennai,365,81.38,92.4,49.5,48.3,Express,Air,11607.2,9.1
Bangalore,Mumbai,707,86.18,63.6,91.7,42.2,Express,Air,22073.12,11.6
Ahmedabad,Chennai,1240,7.0,15.7,50.5,85.3,Normal,Rail,513.68,25.2
Mumbai,Delhi,1685,55.84,11.7,33.7,48.8,Express,Rail,4012.69,25.8
Ahmedabad,Bangalore,1075,7.07,24.8,70.9,46.0,Normal,Air,4597.27,10.9
Mumbai,Hyderabad,478,93.12,59.5,51.2,61.3,Normal,Rail,1350.05,16.0
Pune,Chennai,498,60.03,70.1,61.7,82.9,Normal,Rail,1102.43,15.9
Delhi,Kolkata,776,90.37,65.4,5.0,18.9,Economy,Rail,1693.57,34.5
Bangalore,Mumbai,707,68.31,35.1,59.2,91.8,Normal,Rail,1511.96,36.6
Chennai,Kolkata,863,98.65,43.4,17.1,32.9,Normal,Air,23275.47,16.8
Hyderabad,Chennai,869,86.19,87.2,27.3,71.7,Normal,Air,18043.67,13.3
Bangalore,Hyderabad,751,17.75,18.2,57.8,85.1,Normal,Rail,375.49,31.2
Delhi,Chennai,365,7.64,6.5,73.5,51.2,Normal,Road,127.85,21.7
Ahmedabad,Pune,900,69.69,93.4,64.2,48.2,Normal,Air,16684.01,10.3
Pune,Kolkata,841,1.24,52.3,74.4,72.7,Normal,Rail,1549.21,18.9
Chennai,Kolkata,863,48.59,40.0,60.1,96.4,Economy,Road,1754.55,53.7
Kolkata,Bangalore,1854,51.94,54.7,63.0,28.3,Express,Air,37293.84,20.4
Kolkata,Ahmedabad,996,5.75,37.6,79.0,49.5,Express,Rail,1337.52,22.3
Kolkata,Delhi,313,17.17,71.0,61.8,33.9,Express,Rail,382.26,11.0
Chennai,Hyderabad,801,99.04,81.8,64.3,32.2,Economy,Road,3176.79,41.7
Delhi,Kolkata,776,28.46,86.5,6.3,15.6,Economy,Air,4628.1,13.8
Delhi,Ahmedabad,354,78.36,27.4,22.2,55.1,Economy,Rail,730.2,25.6
Delhi,Pune,1532,49.85,99.4,78.2,27.6,Normal,Air,19617.88,21.6
Hyderabad,Chennai,869,64.4,76.8,16.0,20.9,Normal,Rail,1612.21,34.2
Bangalore,Ahmedabad,1506,68.51,42.1,29.9,55.4,Normal,Road,4940.89,51.5
Hyderabad,Kolkata,989,68.45,8.9,92.2,65.6,Normal,Air,18339.27,12.8
Kolkata,Pune,1165,10.28,67.2,42.2,78.4,Express,Road,4067.29,28.6
Hyderabad,Ahmedabad,1078,69.18,22.1,57.0,68.9,Economy,Road,2930.09,58.3
Hyderabad,Mumbai,618,72.66,28.9,8.2,63.8,Economy,Air,9262.06,25.0
Mumbai,Hyderabad,478,95.8,13.2,62.4,40.7,Express,Air,18213.47,6.8
Delhi,Ahmedabad,354,29.81,67.7,12.2,48.1,Normal,Rail,328.75,25.5
Kolkata,Mumbai,1957,78.18,31.3,10.9,41.9,Economy,Rail,4006.55,59.4
Ahmedabad,Mumbai,1398,61.23,22.0,51.7,18.7,Normal,Road,4377.53,45.0
Kolkata,Chennai,869,3.97,11.7,74.1,78.8,Economy,Rail,264.95,45.0
Pune,Delhi,1004,15.58,36.3,42.2,5.4,Express,Rail,700.83,30.0
Mumbai,Kolkata,1416,22.97,41.5,70.5,79.1,Economy,Air,13200.57,15.3
Kolkata,Bangalore,1854,5.99,99.7,66.5,39.7,Normal,Road,5212.96,58.6
Bangalore,Mumbai,707,55.67,96.9,67.8,33.4,Normal,Road,2019.34,22.9
Ahmedabad,Hyderabad,1430,19.35,8.4,7.4,99.7,Economy,Rail,649.32,54.7
Ahmedabad,Kolkata,461,96.51,82.1,96.8,6.6,Normal,Road,2152.35,24.1
Bangalore,Pune,1219,65.56,54.7,94.3,87.7,Express,Road,8670.46,25.6
Delhi,Bangalore,747,65.56,49.8,92.2,9.4,Express,Air,17007.96,6.0
Kolkata,Pune,1165,79.47,48.3,21.2,61.1,Economy,Road,3701.19,54.7
Bangalore,Ahmedabad,1506,34.07,84.4,75.1,43.2,Economy,Air,16745.57,24.9
Bangalore,Pune,1219,5.04,21.5,11.0,31.0,Normal,Road,319.25,43.6
Chennai,Mumbai,528,10.45,85.5,63.2,78.9,Economy,Rail,989.92,34.4
Kolkata,Bangalore,1854,69.5,80.3,50.2,17.1,Economy,Air,24590.05,14.3
Delhi,Kolkata,776,69.32,61.6,73.1,63.1,Economy,Air,11460.96,14.6
Bangalore,Mumbai,707,12.19,55.4,14.1,39.4,Express,Air,3050.42,18.2
Kolkata,Chennai,869,19.78,80.7,70.1,97.0,Normal,Rail,2675.89,19.8
Hyderabad,Delhi,740,21.35,28.9,63.6,89.6,Normal,Road,1122.28,31.6
Delhi,Pune,1532,3.39,53.9,11.7,27.4,Normal,Air,1344.71,22.0
Hyderabad,Mumbai,618,78.01,36.0,14.3,75.1,Economy,Rail,1247.61,29.8
Chennai,Bangalore,1818,14.92,93.1,48.2,41.8,Economy,Rail,1708.81,70.2
Bangalore,Delhi,1766,13.16,70.8,10.7,18.0,Normal,Rail,685.81,39.4
Kolkata,Ahmedabad,996,16.1,80.5,95.5,91.0,Express,Air,55969.45,22.4
Ahmedabad,Pune,900,99.57,61.2,84.5,31.5,Express,Rail,4223.07,20.5
Bangalore,Kolkata,1159,94.65,91.8,90.3,44.7,Economy,Road,4819.11,59.6
Pune,Kolkata,841,39.73,81.9,71.2,14.3,Normal,Road,1531.35,40.0
Pune,Mumbai,1035,13.7,33.1,66.5,13.6,Normal,Air,3406.51,23.3
Chennai,Bangalore,1818,46.64,18.2,71.8,22.6,Normal,Air,21046.51,24.9
Mumbai,Bangalore,1816,89.4,36.6,8.1,45.5,Normal,Air,44208.79,23.6
Mumbai,Kolkata,1416,88.14,74.9,10.2,94.8,Express,Rail,6052.08,26.5
Chennai,Delhi,351,36.96,66.6,72.0,58.3,Economy,Road,860.56,18.7
Ahmedabad,Hyderabad,1430,93.95,60.1,96.1,24.9,Express,Road,9714.33,41.1
Pune,Delhi,1004,5.92,40.4,48.0,52.6,Economy,Rail,512.2,40.7
Kolkata,Bangalore,1854,62.28,81.0,94.8,81.8,Economy,Road,10046.58,74.5
Delhi,Ahmedabad,354,95.85,12.3,20.7,15.6,Economy,Rail,757.42,31.4
Chennai,Delhi,351,41.95,69.8,93.5,50.0,Normal,Rail,719.89,13.1
Chennai,Pune,757,80.3,84.3,54.4,36.9,Express,Rail,2820.63,23.1
Ahmedabad,Bangalore,1075,30.76,17.5,80.0,21.3,Normal,Road,1648.14,48.8
Chennai,Mumbai,528,35.64,48.3,20.8,92.8,Express,Air,6753.63,21.6
Delhi,Mumbai,361,24.17,8.9,35.1,17.0,Normal,Rail,245.24,10.8
Hyderabad,Delhi,740,15.22,47.6,97.7,55.7,Economy,Road,1504.21,34.7
Ahmedabad,Delhi,555,16.03,97.2,56.9,53.2,Express,Air,11746.63,24.2
Delhi,Pune,1532,56.74,91.2,47.0,70.5,Express,Rail,4500.09,31.6
Kolkata,Chennai,869,40.46,84.9,47.4,13.8,Economy,Air,7230.69,11.1
Kolkata,Mumbai,1957,2.74,56.1,47.3,68.8,Economy,Air,13989.26,21.9
Chennai,Hyderabad,801,36.43,19.1,86.1,40.1,Normal,Road,1396.18,43.0
Mumbai,Ahmedabad,1164,72.92,47.2,99.3,81.4,Normal,Road,4712.37,44.3
Pune,Mumbai,1035,83.63,61.8,18.6,33.8,Express,Rail,3557.07,32.3
Mumbai,Chennai,1808,41.24,91.9,44.4,57.8,Express,Air,33613.12,10.1
Pune,Delhi,1004,55.61,9.0,83.5,84.3,Normal,Rail,1694.83,21.1
Chennai,Mumbai,528,26.64,95.8,84.3,49.9,Express,Air,17211.71,14.6
Bangalore,Chennai,1449,12.38,31.3,99.5,11.3,Express,Rail,820.33,38.5
Ahmedabad,Hyderabad,1430,81.92,40.5,74.6,6.7,Normal,Road,5952.93,46.4
Delhi,Ahmedabad,354,16.75,30.9,44.9,91.6,Normal,Road,430.98,31.6
Bangalore,Pune,1219,62.99,77.6,61.9,20.9,Normal,Rail,2454.11,31.1
Hyderabad,Chennai,869,53.67,38.4,18.7,18.0,Normal,Rail,1477.2,36.6
Delhi,Chennai,365,22.18,52.8,84.0,80.5,Express,Air,10144.52,21.5
Mumbai,Bangalore,1816,46.32,12.3,82.8,92.7,Normal,Rail,2428.41,49.8
Hyderabad,Mumbai,618,71.13,7.7,82.4,26.1,Express,Road,3420.87,18.6
Mumbai,Bangalore,1816,69.24,79.5,12.4,78.6,Normal,Road,5905.18,58.4
Chennai,Bangalore,1818,12.33,29.0,11.3,68.4,Economy,Road,971.97,86.2
Delhi,Hyderabad,1334,35.48,13.6,85.4,94.5,Express,Rail,2066.91,36.3
Bangalore,Kolkata,1159,57.24,14.4,59.9,6.3,Economy,Air,12449.71,25.4
Chennai,Hyderabad,801,10.32,25.3,52.9,72.2,Normal,Air,3939.23,24.7
Delhi,Pune,1532,35.8,41.1,25.4,26.6,Economy,Rail,1217.21,42.0
Hyderabad,Ahmedabad,1078,29.18,73.6,12.8,51.9,Normal,Rail,935.56,36.6
Ahmedabad,Mumbai,1398,55.61,32.6,86.3,22.9,Economy,Rail,2029.68,38.3
Ahmedabad,Hyderabad,1430,10.96,46.6,67.6,13.1,Economy,Rail,368.67,42.4
Delhi,Chennai,365,36.69,23.9,24.0,85.2,Normal,Road,633.82,23.0
Kolkata,Pune,1165,79.05,66.2,43.0,50.2,Express,Rail,4548.27,20.6
Ahmedabad,Chennai,1240,12.66,51.5,26.9,94.5,Economy,Road,1360.45,63.5
Chennai,Mumbai,528,38.57,69.5,19.5,64.1,Economy,Road,840.84,33.7
Ahmedabad,Mumbai,1398,29.71,52.3,53.0,56.5,Express,Air,14836.76,25.9
Mumbai,Bangalore,1816,45.29,86.0,47.0,8.4,Economy,Air,16973.77,27.4
Delhi,Bangalore,747,43.35,34.7,42.0,77.6,Express,Air,12120.48,15.8
Ahmedabad,Bangalore,1075,56.44,19.8,10.3,30.0,Express,Rail,2794.14,35.7
Hyderabad,Chennai,869,3.3,9.3,84.5,38.1,Express,Air,1766.76,12.1
Mumbai,Bangalore,1816,34.84,38.9,38.4,67.8,Economy,Road,2605.73,91.6
Mumbai,Pune,1509,30.84,37.1,6.9,36.0,Normal,Air,12479.9,25.1
Kolkata,Chennai,869,69.75,60.9,98.6,40.9,Normal,Rail,1844.76,21.4
Bangalore,Delhi,1766,49.92,82.1,68.4,20.8,Normal,Rail,2893.07,44.4
Mumbai,Pune,1509,85.11,25.3,30.2,33.2,Express,Rail,6131.48,41.2
Mumbai,Kolkata,1416,34.02,11.4,81.1,50.2,Economy,Rail,1224.5,46.5
Kolkata,Bangalore,1854,66.51,34.8,44.4,28.9,Express,Rail,5739.32,43.5
Delhi,Kolkata,776,50.17,67.8,83.3,94.1,Normal,Air,20755.29,21.0
Pune,Kolkata,841,72.8,10.7,24.1,48.9,Economy,Road,2569.69,54.1
Pune,Delhi,1004,86.09,91.6,65.2,85.4,Normal,Rail,3162.2,31.9
Pune,Mumbai,1035,11.8,23.2,28.3,83.6,Normal,Rail,370.77,34.0
Chennai,Mumbai,528,16.36,18.0,29.5,81.3,Express,Air,3029.37,24.1
Ahmedabad,Pune,900,2.48,86.7,13.0,62.2,Economy,Rail,326.89,45.0
Pune,Ahmedabad,1794,72.56,18.4,15.6,74.8,Economy,Air,26889.59,25.0
Kolkata,Bangalore,1854,88.51,27.6,16.6,81.6,Normal,Air,42970.88,22.8
Pune,Mumbai,1035,14.86,21.6,97.1,46.8,Normal,Air,4628.45,20.1
Mumbai,Delhi,1685,54.8,50.1,28.4,31.4,Economy,Rail,2205.13,51.2
Chennai,Pune,757,74.08,80.9,10.2,92.2,Express,Road,3998.11,29.7
Hyderabad,Pune,489,68.68,55.8,27.5,47.0,Economy,Rail,874.95,23.3
Bangalore,Delhi,1766,21.43,89.6,92.0,65.0,Express,Rail,9008.91,25.3
Ahmedabad,Bangalore,1075,73.83,93.0,36.6,45.1,Economy,Road,3300.71,51.4
Hyderabad,Bangalore,1863,69.67,77.4,65.9,22.5,Normal,Air,30087.13,20.2
Hyderabad,Kolkata,989,8.68,20.0,54.1,97.1,Express,Road,1666.75,37.8
Hyderabad,Bangalore,1863,48.1,74.8,29.8,70.3,Normal,Rail,2526.29,38.2
Pune,Ahmedabad,1794,88.49,26.3,95.1,92.7,Express,Air,61039.31,26.2
Bangalore,Delhi,1766,70.28,21.0,43.1,45.7,Normal,Road,5695.69,65.9
Mumbai,Chennai,1808,72.0,46.3,92.4,48.1,Express,Rail,5410.98,29.8
Kolkata,Delhi,313,74.77,41.3,46.0,24.6,Economy,Rail,587.14,14.9
Delhi,Chennai,365,29.37,29.9,63.7,91.2,Normal,Air,3286.89,4.9
Delhi,Pune,1532,32.66,70.8,70.3,72.8,Express,Rail,5231.9,22.9
Chennai,Ahmedabad,585,33.62,27.3,91.3,99.7,Express,Air,11359.97,5.0
Pune,Delhi,1004,97.76,68.8,17.6,89.8,Economy,Air,18371.41,16.7
Hyderabad,Bangalore,1863,13.63,35.1,55.4,18.5,Economy,Rail,553.86,64.5
Kolkata,Hyderabad,1729,36.38,45.9,90.8,30.0,Normal,Air,15137.16,14.0
Ahmedabad,Pune,900,95.03,57.8,92.7,65.5,Normal,Road,4010.29,28.2
Ahmedabad,Delhi,555,16.77,49.4,16.0,90.0,Normal,Road,459.92,30.4
Ahmedabad,Bangalore,1075,11.69,73.4,19.1,38.2,Economy,Rail,282.34,39.3
Kolkata,Ahmedabad,996,89.14,60.6,60.4,97.3,Express,Air,31166.78,10.4
Ahmedabad,Hyderabad,1430,9.88,36.2,32.0,98.2,Economy,Rail,761.07,44.9
Hyderabad,Mumbai,618,3.37,48.7,72.2,50.6,Express,Rail,1008.22,29.9
Ahmedabad,Delhi,555,94.77,100.0,91.2,80.7,Economy,Road,3505.19,31.7
Chennai,Hyderabad,801,7.54,95.4,41.2,42.9,Economy,Road,1181.0,38.0
Bangalore,Mumbai,707,39.16,43.2,66.5,95.7,Economy,Road,1492.34,46.8
Kolkata,Hyderabad,1729,60.55,39.1,14.1,39.9,Economy,Rail,2485.17,51.6
Pune,Chennai,498,75.77,82.0,63.3,46.2,Normal,Road,1713.26,25.3
Bangalore,Hyderabad,751,68.78,19.7,52.1,64.8,Express,Road,3711.87,35.1
Ahmedabad,Delhi,555,15.29,17.1,90.8,84.9,Express,Rail,631.52,11.4
Chennai,Kolkata,863,11.21,45.4,14.0,67.8,Express,Rail,422.76,29.6
Chennai,Ahmedabad,585,74.18,49.0,79.7,85.1,Economy,Road,1706.74,33.1
Ahmedabad,Pune,900,67.19,64.3,30.2,96.8,Economy,Road,2266.5,51.5
Mumbai,Bangalore,1816,53.67,5.6,16.1,21.3,Normal,Rail,3036.11,55.8
Ahmedabad,Delhi,555,62.04,97.5,39.3,69.0,Express,Air,12640.91,7.2
Chennai,Mumbai,528,11.64,6.5,97.2,86.6,Economy,Rail,151.89,26.3
Bangalore,Chennai,1449,30.44,49.0,50.0,7.1,Economy,Road,1848.56,67.4
Chennai,Pune,757,45.23,28.0,33.0,83.8,Normal,Road,1655.07,38.4
Pune,Bangalore,1536,84.94,75.0,61.6,57.7,Normal,Road,6507.08,54.1
Ahmedabad,Mumbai,1398,71.57,55.2,45.1,35.0,Economy,Rail,2590.0,47.8
Ahmedabad,Kolkata,461,93.93,37.9,71.3,7.0,Normal,Air,10159.02,9.5
Bangalore,Kolkata,1159,90.95,37.2,62.2,85.0,Express,Rail,4393.58,31.2
Pune,Ahmedabad,1794,94.15,67.0,39.2,49.9,Economy,Air,31802.86,11.3
Ahmedabad,Mumbai,1398,17.74,19.8,51.8,80.4,Normal,Rail,704.54,47.6
Hyderabad,Delhi,740,36.03,20.1,83.7,90.0,Economy,Road,1031.88,34.1
Bangalore,Ahmedabad,1506,26.15,37.3,38.7,9.4,Express,Rail,1912.66,40.3
Mumbai,Hyderabad,478,5.52,94.9,80.9,96.5,Economy,Road,2992.68,39.5
Mumbai,Pune,1509,56.47,53.2,20.9,16.2,Economy,Rail,1904.84,49.0
Ahmedabad,Hyderabad,1430,87.11,19.7,39.6,82.8,Economy,Road,4922.01,72.1
Bangalore,Pune,1219,81.01,37.4,53.0,13.1,Normal,Air,25946.11,19.7
Delhi,Pune,1532,75.47,45.1,26.7,81.2,Normal,Rail,3744.75,42.2
Hyderabad,Chennai,869,44.54,78.2,73.2,54.1,Economy,Road,2083.28,51.4
Pune,Chennai,498,39.63,8.5,92.6,19.3,Express,Road,1621.61,29.5
Kolkata,Bangalore,1854,40.5,69.7,57.6,33.9,Express,Rail,3655.47,29.1
Delhi,Hyderabad,1334,40.69,66.2,89.3,64.3,Express,Air,37590.91,22.0
Pune,Ahmedabad,1794,20.13,33.6,8.5,36.8,Express,Air,14192.64,26.2
Kolkata,Mumbai,1957,9.74,57.4,54.5,76.9,Economy,Road,3410.68,93.6
Bangalore,Pune,1219,77.53,74.0,98.8,15.5,Economy,Rail,2159.23,37.0
Mumbai,Bangalore,1816,30.15,75.0,48.0,98.4,Express,Air,48880.47,19.3
Bangalore,Delhi,1766,30.27,68.4,82.4,59.4,Economy,Air,23070.79,11.7
Bangalore,Pune,1219,77.97,48.2,18.9,45.4,Normal,Road,4364.72,36.6
Bangalore,Ahmedabad,1506,8.27,69.3,43.3,58.1,Normal,Rail,1601.9,49.7
Ahmedabad,Hyderabad,1430,97.34,83.3,18.7,17.1,Express,Rail,5799.54,38.6
Mumbai,Hyderabad,478,21.66,50.0,75.9,94.7,Normal,Road,1752.77,18.1
Kolkata,Chennai,869,52.52,16.2,34.0,40.6,Normal,Rail,1239.94,33.1
Pune,Chennai,498,93.71,34.0,31.9,22.4,Express,Rail,1890.91,11.2
Chennai,Bangalore,1818,48.38,34.4,48.0,37.1,Normal,Rail,2815.15,39.0
Delhi,Kolkata,776,63.83,77.4,68.4,19.2,Express,Rail,2045.86,25.8
Pune,Mumbai,1035,90.07,37.2,9.4,68.7,Normal,Air,22267.93,9.2
Chennai,Kolkata,863,63.2,78.3,34.3,66.3,Express,Air,18756.11,16.2
Chennai,Kolkata,863,52.41,76.3,52.8,6.8,Express,Air,15874.8,20.8
Bangalore,Pune,1219,70.71,89.3,47.2,81.7,Express,Rail,3802.62,34.2
Chennai,Delhi,351,43.98,44.4,86.7,35.2,Normal,Road,712.36,15.4
Delhi,Mumbai,361,25.93,13.5,34.1,43.7,Economy,Road,383.0,17.6
Chennai,Delhi,351,39.3,35.4,44.2,35.8,Normal,Road,627.9,24.3
Bangalore,Ahmedabad,1506,51.11,52.9,95.2,30.6,Normal,Rail,2333.68,27.5
Bangalore,Chennai,1449,27.28,96.5,69.1,28.4,Express,Air,21754.34,14.1
Mumbai,Pune,1509,63.76,24.3,97.0,40.5,Economy,Road,3877.45,78.0
Ahmedabad,Chennai,1240,0.6,49.1,83.8,32.5,Economy,Road,1209.85,59.9
Kolkata,Pune,1165,68.16,99.9,85.0,25.2,Express,Rail,3248.47,29.5
Kolkata,Chennai,869,39.83,16.7,18.3,57.9,Normal,Rail,978.32,34.5
Hyderabad,Ahmedabad,1078,26.51,76.5,48.0,28.4,Normal,Rail,807.72,30.2
Delhi,Hyderabad,1334,92.26,62.8,5.4,5.9,Economy,Rail,2986.76,48.4
Pune,Kolkata,841,8.57,88.3,66.9,56.2,Express,Rail,2599.39,29.8
Hyderabad,Bangalore,1863,18.13,78.0,71.2,5.8,Normal,Rail,1101.69,39.1
Chennai,Pune,757,28.47,92.5,39.0,13.5,Express,Air,7763.78,9.8
Ahmedabad,Delhi,555,4.16,51.8,71.9,62.6,Economy,Road,1135.44,27.6
Kolkata,Ahmedabad,996,50.28,21.2,23.4,75.2,Express,Air,19166.34,17.1
Mumbai,Ahmedabad,1164,26.33,59.1,26.7,54.7,Normal,Road,1638.96,49.7
Kolkata,Hyderabad,1729,56.23,48.1,94.1,65.9,Express,Road,8283.3,50.1
Pune,Delhi,1004,12.61,54.2,52.1,54.1,Economy,Air,5797.2,15.3
Ahmedabad,Delhi,555,1.01,23.5,12.8,59.3,Economy,Air,374.26,24.9
Bangalore,Mumbai,707,16.87,34.5,64.5,14.2,Normal,Rail,379.86,28.5
Hyderabad,Pune,489,25.42,15.2,27.6,37.4,Economy,Rail,299.5,17.0
Ahmedabad,Pune,900,10.02,47.4,16.9,97.6,Economy,Rail,325.14,29.4
Delhi,Chennai,365,91.95,47.0,33.6,64.5,Economy,Road,1390.14,23.7
Pune,Bangalore,1536,10.04,76.4,27.1,62.0,Express,Air,13340.49,22.0
Mumbai,Delhi,1685,65.27,69.2,7.5,54.1,Express,Road,7601.83,44.9
Bangalore,Kolkata,1159,13.04,53.3,38.8,50.7,Express,Rail,1024.99,17.4
Delhi,Ahmedabad,354,58.66,53.7,66.9,39.0,Express,Air,8216.18,10.6
Hyderabad,Delhi,740,37.2,5.8,60.7,69.4,Economy,Road,1102.69,50.8
Pune,Delhi,1004,19.94,24.0,91.3,79.6,Normal,Road,1809.96,49.7
Hyderabad,Pune,489,58.05,96.5,63.5,44.8,Economy,Road,1125.08,24.2
Bangalore,Chennai,1449,64.06,70.9,49.3,25.2,Normal,Air,24451.18,23.2
Pune,Mumbai,1035,40.33,83.5,5.6,5.9,Normal,Road,2109.91,36.8
Hyderabad,Chennai,869,97.54,23.9,32.0,25.8,Normal,Air,19810.15,10.8
Bangalore,Chennai,1449,18.02,29.9,14.6,84.0,Economy,Rail,646.07,49.8
Bangalore,Delhi,1766,45.89,40.1,40.4,21.3,Express,Air,32710.45,8.0
Delhi,Mumbai,361,79.59,23.2,40.9,40.6,Express,Rail,1416.28,8.9
Bangalore,Pune,1219,53.78,80.0,36.1,10.1,Normal,Road,3508.33,55.0
Bangalore,Hyderabad,751,8.6,49.7,68.0,11.2,Express,Rail,305.24,23.2
Ahmedabad,Kolkata,461,46.69,35.6,40.5,71.0,Express,Rail,963.5,22.2
Chennai,Mumbai,528,22.34,24.3,87.0,42.6,Normal,Rail,381.38,31.6
Hyderabad,Delhi,740,55.28,17.8,13.0,47.2,Normal,Road,2079.71,34.8
Pune,Bangalore,1536,47.02,43.9,81.4,35.1,Normal,Road,3379.71,53.3
Hyderabad,Chennai,869,29.8,52.7,56.9,12.4,Normal,Road,1190.81,24.6
Bangalore,Delhi,1766,20.07,36.3,33.8,82.5,Express,Rail,1509.29,27.8
Kolkata,Chennai,869,77.12,31.8,37.9,99.7,Normal,Air,17618.19,18.7
Delhi,Pune,1532,40.05,26.6,76.2,50.1,Express,Air,24324.71,20.7
Ahmedabad,Delhi,555,79.3,34.7,22.8,78.2,Express,Rail,1865.48,21.6
Hyderabad,Mumbai,618,57.96,17.2,94.6,5.9,Express,Rail,1560.23,24.8
Pune,Ahmedabad,1794,77.98,56.1,36.0,7.2,Economy,Road,5208.27,84.0
Pune,Bangalore,1536,20.82,42.1,55.8,22.9,Economy,Rail,778.18,59.9
Mumbai,Ahmedabad,1164,10.88,57.5,8.0,70.5,Normal,Road,593.54,49.9
Kolkata,Mumbai,1957,23.69,67.7,11.6,10.5,Express,Road,3248.88,48.9
Delhi,Chennai,365,13.35,44.7,75.6,42.0,Economy,Road,445.15,33.5
Ahmedabad,Mumbai,1398,60.57,94.2,60.8,52.7,Express,Rail,3639.32,21.6
Mumbai,Pune,1509,40.22,81.7,55.0,91.5,Normal,Rail,3694.83,28.7
Ahmedabad,Delhi,555,70.18,72.6,33.3,63.2,Economy,Rail,887.9,33.6
Ahmedabad,Bangalore,1075,91.13,22.4,59.0,42.4,Economy,Road,4220.75,59.2
Kolkata,Hyderabad,1729,91.67,71.3,73.6,25.6,Normal,Rail,5223.18,53.0
Mumbai,Pune,1509,10.97,77.8,36.0,47.8,Normal,Road,2022.67,42.9
Ahmedabad,Bangalore,1075,34.69,42.9,23.5,8.6,Normal,Road,1942.56,42.3
Ahmedabad,Bangalore,1075,46.41,12.8,67.4,72.8,Normal,Road,2479.96,32.9
Chennai,Kolkata,863,10.5,32.9,55.8,42.1,Economy,Air,2808.63,9.8
Hyderabad,Mumbai,618,22.06,8.3,69.1,25.5,Express,Road,1091.29,28.3
Mumbai,Bangalore,1816,69.19,47.2,61.8,9.6,Normal,Road,6821.26,53.0
Mumbai,Chennai,1808,42.46,99.0,37.0,23.3,Express,Road,5435.81,54.0
Delhi,Hyderabad,1334,17.12,44.5,15.2,36.1,Express,Air,8032.52,16.6
Pune,Chennai,498,23.62,15.1,35.7,6.4,Express,Rail,477.66,13.9
Kolkata,Hyderabad,1729,62.58,9.2,89.1,44.1,Express,Rail,5339.49,33.3
Delhi,Ahmedabad,354,95.92,62.0,98.2,71.1,Express,Air,11798.58,19.7
Hyderabad,Pune,489,66.8,11.4,6.7,91.6,Normal,Rail,982.12,22.6
Chennai,Mumbai,528,2.61,77.1,16.8,27.5,Normal,Road,192.58,23.5
Kolkata,Mumbai,1957,15.59,24.4,8.6,92.7,Express,Rail,1438.63,31.6
Chennai,Kolkata,863,79.28,44.4,82.2,76.3,Economy,Air,13221.96,17.2
Bangalore,Pune,1219,68.89,73.4,62.8,41.2,Normal,Road,4150.44,48.9
Mumbai,Ahmedabad,1164,5.68,99.2,94.1,16.9,Economy,Air,7416.91,11.8
Mumbai,Bangalore,1816,72.64,34.6,73.6,28.3,Economy,Air,25058.27,18.2
Bangalore,Delhi,1766,86.31,50.7,95.3,39.2,Normal,Road,7576.53,59.7
Pune,Ahmedabad,1794,16.01,95.6,50.8,77.4,Normal,Road,7092.62,64.5
Delhi,Kolkata,776,72.8,29.4,49.0,48.1,Normal,Air,14422.68,8.2
Ahmedabad,Mumbai,1398,15.9,23.0,6.2,52.6,Express,Rail,998.56,40.5
Hyderabad,Bangalore,1863,49.21,65.9,60.9,43.8,Economy,Road,3582.66,78.7
Pune,Delhi,1004,77.24,76.4,38.1,72.4,Express,Air,28314.18,13.0
Pune,Hyderabad,1952,25.06,50.4,92.5,39.3,Express,Air,24292.2,9.8
Ahmedabad,Hyderabad,1430,15.16,28.5,59.9,67.9,Economy,Road,1224.42,67.5
Pune,Bangalore,1536,70.75,97.5,12.6,91.4,Normal,Road,5791.95,46.5
Pune,Kolkata,841,31.14,44.1,88.3,74.1,Economy,Road,1994.22,44.2
Delhi,Ahmedabad,354,75.0,93.4,42.8,34.3,Economy,Rail,573.68,26.0
Pune,Hyderabad,1952,29.19,45.9,21.8,22.7,Economy,Road,2272.99,79.4
Bangalore,Mumbai,707,20.49,76.2,81.9,23.2,Normal,Rail,629.76,33.4
Delhi,Chennai,365,29.67,40.9,31.3,37.5,Express,Road,808.63,12.6
Chennai,Delhi,351,75.3,5.7,60.3,98.8,Economy,Road,1061.93,27.9
Kolkata,Bangalore,1854,47.59,37.0,45.8,40.2,Normal,Rail,2814.69,50.9
Pune,Kolkata,841,6.2,38.8,36.4,14.5,Normal,Air,1277.95,24.3
Chennai,Kolkata,863,12.73,55.4,95.4,76.4,Economy,Rail,1656.56,43.8
Pune,Hyderabad,1952,19.2,98.7,96.0,82.2,Economy,Air,59113.22,25.5
Hyderabad,Ahmedabad,1078,44.71,62.6,43.0,63.2,Economy,Rail,1140.06,51.9
Mumbai,Hyderabad,478,38.79,62.7,72.6,87.6,Express,Air,14308.69,20.6
Kolkata,Pune,1165,67.47,57.1,88.1,21.0,Normal,Road,3916.11,38.2
Delhi,Pune,1532,94.45,71.5,15.0,99.4,Economy,Road,6284.5,67.1
Kolkata,Mumbai,1957,72.06,68.3,95.4,68.7,Express,Road,14251.36,49.0
Hyderabad,Pune,489,22.77,59.7,92.8,11.1,Normal,Rail,361.44,27.0
Pune,Ahmedabad,1794,23.72,29.6,32.6,15.6,Normal,Air,10834.59,26.2
Hyderabad,Mumbai,618,85.41,95.6,59.8,5.2,Economy,Air,10631.85,25.6
Hyderabad,Pune,489,36.82,69.5,80.7,54.4,Express,Air,10568.09,15.4
Ahmedabad,Delhi,555,14.9,94.6,84.5,52.5,Normal,Road,2376.43,30.2
Chennai,Kolkata,863,32.35,52.7,70.4,31.0,Express,Air,10423.8,15.2
Pune,Chennai,498,98.12,36.6,83.6,25.0,Express,Road,3811.67,29.2
Delhi,Pune,1532,49.01,42.2,98.5,67.6,Economy,Road,3476.87,73.1
Hyderabad,Pune,489,39.44,11.8,74.0,31.8,Economy,Air,4132.06,8.1
Chennai,Pune,757,93.49,33.9,67.2,59.8,Normal,Air,17630.85,9.8
Bangalore,Hyderabad,751,65.3,39.4,86.3,14.7,Economy,Rail,1282.99,39.3
Chennai,Ahmedabad,585,35.88,50.0,94.8,16.1,Express,Air,7616.91,7.8
Pune,Mumbai,1035,3.88,27.9,51.4,70.4,Economy,Air,4384.62,27.1
Mumbai,Pune,1509,46.64,82.7,41.3,65.1,Normal,Rail,1905.15,29.7
Bangalore,Chennai,1449,58.89,98.8,50.6,70.9,Economy,Air,19233.56,21.2
Pune,Delhi,1004,57.36,14.4,11.0,91.3,Express,Road,4237.43,30.2
Ahmedabad,Chennai,1240,52.13,60.5,72.8,80.1,Economy,Road,3825.65,57.8
Delhi,Chennai,365,55.69,81.0,16.7,17.2,Economy,Air,3789.91,22.1
Chennai,Ahmedabad,585,98.0,53.1,39.5,56.7,Normal,Air,12899.5,24.0
Kolkata,Hyderabad,1729,53.64,18.3,51.6,34.7,Normal,Air,23363.07,9.2
Chennai,Mumbai,528,4.16,18.5,86.3,25.4,Economy,Air,865.39,11.2
Pune,Chennai,498,55.21,29.8,66.7,20.5,Normal,Road,1497.01,35.7
Delhi,Kolkata,776,20.77,64.8,30.6,65.1,Express,Road,1567.0,30.7
Delhi,Bangalore,747,82.25,35.1,79.8,41.0,Express,Road,4218.7,18.3
Pune,Chennai,498,33.27,13.5,91.4,78.9,Economy,Road,632.74,40.8
Bangalore,Ahmedabad,1506,95.2,79.4,16.7,55.0,Normal,Air,38146.37,17.6
Kolkata,Ahmedabad,996,27.47,14.4,9.6,35.2,Normal,Road,1325.65,49.5
Pune,Bangalore,1536,59.43,29.6,70.2,72.8,Express,Road,6357.06,36.6
Hyderabad,Ahmedabad,1078,77.86,69.4,44.7,48.5,Normal,Rail,2668.3,27.5
Pune,Kolkata,841,94.2,88.7,82.3,34.0,Economy,Rail,1865.78,26.0
Mumbai,Chennai,1808,73.13,94.8,20.7,10.5,Express,Rail,6014.31,42.6
Pune,Hyderabad,1952,51.11,74.4,50.6,53.9,Express,Air,38893.17,19.0
Chennai,Hyderabad,801,42.79,55.8,37.8,99.5,Express,Air,13326.24,14.0
Delhi,Hyderabad,1334,93.05,77.6,90.9,21.6,Normal,Road,6223.42,48.8
Pune,Mumbai,1035,37.64,15.8,91.8,28.7,Express,Road,2799.13,27.3
Chennai,Hyderabad,801,63.3,42.4,92.7,93.3,Express,Air,23465.51,14.3
Ahmedabad,Chennai,1240,35.9,63.5,36.2,38.6,Economy,Rail,1151.76,40.1
Mumbai,Bangalore,1816,49.46,13.1,53.9,19.6,Economy,Rail,1943.08,56.8
Ahmedabad,Bangalore,1075,37.74,39.6,89.8,56.0,Normal,Road,2350.28,40.5
Delhi,Ahmedabad,354,74.84,5.6,88.9,72.4,Economy,Road,1014.14,24.7
Hyderabad,Chennai,869,16.45,23.9,50.5,68.2,Normal,Road,704.02,41.9
Delhi,Ahmedabad,354,75.23,79.1,43.0,74.0,Express,Rail,1110.07,24.4
Delhi,Mumbai,361,34.74,6.3,70.0,9.9,Normal,Rail,412.08,19.0
Kolkata,Delhi,313,48.85,77.3,28.5,19.5,Express,Road,1089.29,27.1
Bangalore,Hyderabad,751,82.15,23.8,72.1,81.9,Express,Air,23146.29,24.8
Delhi,Mumbai,361,12.49,43.1,31.0,23.3,Economy,Rail,97.77,29.8
Pune,Bangalore,1536,52.73,71.5,98.1,26.1,Normal,Rail,2216.63,30.3
Mumbai,Delhi,1685,36.68,94.6,72.6,28.5,Economy,Road,2396.26,76.4
Bangalore,Delhi,1766,47.47,91.3,14.6,22.6,Normal,Rail,2431.61,44.5
Delhi,Ahmedabad,354,36.38,82.0,75.6,60.9,Express,Rail,1139.85,19.6
Mumbai,Chennai,1808,13.48,75.5,16.4,60.7,Express,Road,1913.12,37.3
Hyderabad,Delhi,740,72.67,99.0,24.2,73.5,Economy,Road,2018.4,37.1
Hyderabad,Delhi,740,45.12,73.1,91.5,11.4,Normal,Air,9067.28,5.9
Kolkata,Hyderabad,1729,96.76,32.5,95.8,10.8,Express,Road,13151.42,47.3
Mumbai,Ahmedabad,1164,44.06,53.4,58.4,42.1,Express,Rail,2172.59,27.7
Chennai,Pune,757,51.52,52.9,73.5,29.6,Economy,Rail,975.0,26.5
Chennai,Kolkata,863,24.2,8.7,19.1,88.9,Economy,Rail,538.66,43.2
Bangalore,Kolkata,1159,12.06,66.6,65.1,97.4,Normal,Road,5331.38,40.5
Delhi,Bangalore,747,89.88,33.0,98.6,64.5,Economy,Rail,1520.9,27.9
Chennai,Kolkata,863,65.9,87.5,94.2,60.4,Express,Air,33435.48,10.5
Bangalore,Pune,1219,44.5,35.8,24.4,64.8,Normal,Road,2683.01,44.6
Delhi,Bangalore,747,9.82,22.2,22.6,86.9,Economy,Air,1464.33,19.3
Chennai,Delhi,351,16.71,21.9,42.4,62.7,Economy,Road,214.53,34.7
Pune,Chennai,498,72.57,18.0,76.3,6.1,Economy,Rail,847.23,15.8
Chennai,Mumbai,528,25.21,12.9,18.6,64.6,Economy,Road,581.17,37.0
Hyderabad,Pune,489,70.89,24.2,50.6,58.5,Normal,Road,1666.49,21.0
Kolkata,Hyderabad,1729,54.59,7.0,9.2,56.7,Economy,Air,20336.27,9.1
Bangalore,Chennai,1449,23.05,41.6,38.6,32.3,Express,Rail,1559.12,39.7
Ahmedabad,Mumbai,1398,99.08,26.3,95.9,31.8,Economy,Air,26781.51,26.6
Mumbai,Chennai,1808,60.65,21.9,55.4,62.0,Express,Rail,4589.29,31.8
Kolkata,Delhi,313,87.6,30.8,52.4,40.1,Normal,Air,7264.18,21.9
Delhi,Pune,1532,65.76,35.4,42.1,73.5,Normal,Road,4647.5,56.3
Delhi,Chennai,365,32.64,17.1,77.9,38.5,Normal,Rail,356.07,22.7
Hyderabad,Mumbai,618,80.31,67.1,28.4,44.8,Normal,Air,12491.7,21.7
Pune,Chennai,498,58.31,45.1,59.9,70.9,Express,Road,2266.34,12.3
Chennai,Delhi,351,56.06,96.0,92.5,10.7,Normal,Rail,631.49,26.7
Kolkata,Bangalore,1854,14.84,86.1,97.3,91.7,Economy,Road,12141.29,70.1
Delhi,Bangalore,747,73.44,71.1,45.3,10.1,Economy,Air,11151.01,18.1
Delhi,Chennai,365,15.12,18.4,28.3,6.2,Normal,Road,290.59,15.9
Kolkata,Bangalore,1854,41.45,37.0,79.2,71.0,Normal,Road,3591.93,54.5
Delhi,Kolkata,776,16.45,42.7,45.2,95.1,Normal,Air,7422.73,16.9
Kolkata,Hyderabad,1729,23.12,93.5,30.8,13.7,Normal,Road,2095.92,47.5
Pune,Mumbai,1035,82.34,97.7,62.5,12.3,Express,Rail,3817.66,24.5
Pune,Mumbai,1035,5.94,40.3,45.3,30.6,Economy,Road,449.84,51.7
Bangalore,Delhi,1766,16.69,15.1,25.1,6.0,Normal,Road,1488.96,50.0
Kolkata,Chennai,869,97.68,58.7,58.6,80.1,Economy,Road,3269.44,39.6
Hyderabad,Pune,489,28.6,42.8,23.5,76.4,Express,Rail,688.99,11.9
Pune,Hyderabad,1952,50.61,52.7,78.6,7.3,Normal,Rail,3014.91,44.6
Delhi,Hyderabad,1334,46.58,89.1,13.9,73.3,Economy,Air,12810.86,11.4
Hyderabad,Bangalore,1863,78.64,37.2,39.2,86.3,Normal,Road,7897.69,60.9
Bangalore,Kolkata,1159,60.88,96.0,58.9,99.5,Economy,Road,4843.69,61.6
Mumbai,Bangalore,1816,9.86,34.8,93.7,20.3,Normal,Air,5846.07,10.9
Ahmedabad,Delhi,555,98.62,98.0,77.5,47.0,Economy,Road,2395.9,32.0
Kolkata,Bangalore,1854,41.2,63.9,69.7,46.9,Express,Air,31671.37,20.2
Ahmedabad,Delhi,555,87.8,99.2,9.1,97.9,Economy,Air,10312.21,16.9
Delhi,Pune,1532,10.98,40.7,59.2,86.1,Economy,Rail,1639.68,50.6
Ahmedabad,Hyderabad,1430,53.74,82.7,15.4,22.1,Economy,Rail,1943.29,44.2
Hyderabad,Delhi,740,99.65,51.2,71.7,50.2,Normal,Rail,2007.94,24.9
Bangalore,Delhi,1766,57.04,98.8,78.5,10.9,Normal,Rail,3311.22,36.0
Chennai,Pune,757,68.53,30.6,65.4,12.9,Economy,Rail,1221.41,36.4
Pune,Kolkata,841,21.8,89.8,22.5,10.1,Normal,Rail,600.99,21.4
Pune,Bangalore,1536,47.81,70.4,20.3,71.2,Normal,Air,18617.23,18.5
Bangalore,Chennai,1449,72.41,60.0,18.7,68.1,Express,Air,41905.11,6.4
Ahmedabad,Mumbai,1398,50.19,35.1,80.2,69.0,Normal,Air,18321.25,25.9
Delhi,Hyderabad,1334,45.21,97.1,14.3,25.8,Economy,Rail,1504.31,51.2
Bangalore,Delhi,1766,21.37,23.2,69.6,95.7,Normal,Rail,1478.95,45.8
Mumbai,Hyderabad,478,50.16,99.9,44.3,38.4,Express,Rail,1083.94,12.1
Delhi,Bangalore,747,43.12,21.8,61.5,56.6,Normal,Rail,1033.01,25.7
Kolkata,Hyderabad,1729,62.23,92.9,86.4,99.6,Economy,Road,11388.84,78.6
Ahmedabad,Hyderabad,1430,75.3,93.1,14.5,47.2,Express,Road,8346.81,35.0
Ahmedabad,Kolkata,461,38.42,23.6,49.6,16.8,Normal,Rail,574.71,27.6
Pune,Chennai,498,93.99,79.3,53.2,30.4,Express,Rail,2025.18,28.5
Bangalore,Chennai,1449,90.07,44.4,6.5,19.6,Normal,Air,34716.26,13.7
Pune,Mumbai,1035,55.8,42.2,63.5,42.4,Economy,Air,11386.82,15.2
Delhi,Bangalore,747,90.47,54.1,46.6,14.5,Economy,Air,12484.59,14.1
Kolkata,Pune,1165,55.51,95.1,24.4,13.9,Normal,Road,3316.81,34.2
Mumbai,Kolkata,1416,38.55,75.5,17.4,48.1,Express,Rail,2302.42,25.5
Bangalore,Kolkata,1159,84.13,74.0,81.7,40.9,Normal,Air,22191.29,9.0
Chennai,Hyderabad,801,98.49,87.4,15.5,93.1,Economy,Road,2929.57,36.2
Mumbai,Bangalore,1816,84.54,91.7,24.8,14.6,Economy,Rail,3370.35,55.1
Pune,Bangalore,1536,89.03,65.2,47.8,20.3,Normal,Road,7389.48,56.3
Chennai,Ahmedabad,585,97.6,99.4,51.0,63.3,Express,Road,3989.63,33.3
Bangalore,Kolkata,1159,3.44,7.2,53.6,19.5,Normal,Road,215.24,33.0
Mumbai,Hyderabad,478,69.31,17.0,31.0,23.9,Economy,Rail,828.21,25.7
Ahmedabad,Bangalore,1075,51.51,43.0,23.3,21.4,Express,Air,19855.81,17.1
Kolkata,Mumbai,1957,79.51,95.6,51.3,88.9,Normal,Air,44769.83,20.6
Pune,Bangalore,1536,20.37,38.5,90.3,82.8,Normal,Road,4765.89,51.0
Pune,Delhi,1004,60.59,88.3,95.3,55.4,Normal,Road,4319.82,39.2
Delhi,Ahmedabad,354,24.91,25.4,40.3,18.8,Normal,Road,397.67,27.5
Bangalore,Ahmedabad,1506,56.96,35.5,27.1,11.3,Normal,Air,20210.93,18.1
Mumbai,Kolkata,1416,89.32,45.1,76.8,35.2,Normal,Road,5940.79,51.5
Kolkata,Bangalore,1854,12.37,48.0,62.1,61.2,Economy,Air,12233.32,24.7
Chennai,Bangalore,1818,28.79,85.0,43.3,90.1,Express,Road,8748.99,42.1
Pune,Hyderabad,1952,30.45,35.1,37.9,12.6,Normal,Rail,1823.21,49.8
Ahmedabad,Bangalore,1075,84.94,96.9,16.5,40.5,Express,Road,6203.57,21.3
Mumbai,Delhi,1685,86.21,73.8,26.5,13.4,Express,Rail,6950.2,23.9
Chennai,Delhi,351,88.39,9.1,9.6,33.9,Normal,Rail,965.73,17.8
Delhi,Mumbai,361,58.55,16.4,35.3,19.1,Express,Rail,977.19,18.8
Bangalore,Kolkata,1159,48.05,51.6,31.7,78.4,Normal,Road,2557.17,48.7
Hyderabad,Kolkata,989,83.64,28.0,66.5,86.3,Express,Road,5676.84,25.5
Bangalore,Ahmedabad,1506,81.94,22.9,14.9,24.8,Express,Air,46404.51,24.9
Ahmedabad,Hyderabad,1430,15.82,52.9,91.8,25.8,Normal,Rail,1177.13,39.9
Pune,Mumbai,1035,7.33,45.2,70.2,95.4,Express,Air,21627.59,7.6
Mumbai,Ahmedabad,1164,2.15,48.8,30.3,50.2,Express,Rail,754.59,27.5
Hyderabad,Bangalore,1863,21.6,42.7,45.9,36.7,Normal,Rail,1175.78,39.9
Pune,Mumbai,1035,29.75,43.3,61.4,55.3,Normal,Air,7595.53,19.1
Mumbai,Ahmedabad,1164,11.96,90.0,59.6,27.7,Express,Road,2477.75,39.9
Pune,Bangalore,1536,39.59,25.9,83.3,70.7,Normal,Road,2840.46,52.9
Kolkata,Hyderabad,1729,0.81,22.6,91.2,64.1,Express,Rail,2200.85,28.3
Mumbai,Ahmedabad,1164,19.14,90.5,18.5,6.2,Normal,Rail,646.19,27.4
Mumbai,Ahmedabad,1164,68.08,86.0,61.4,97.1,Express,Road,8931.28,25.5
Chennai,Kolkata,863,68.16,32.6,26.7,52.8,Economy,Road,2164.65,45.0
Ahmedabad,Hyderabad,1430,35.4,56.8,68.0,29.1,Normal,Road,2697.01,45.0
Ahmedabad,Chennai,1240,27.36,54.3,65.8,19.1,Normal,Road,1750.39,42.7
Bangalore,Kolkata,1159,74.23,97.5,39.1,75.7,Economy,Rail,2122.07,53.2
Ahmedabad,Kolkata,461,17.91,91.5,38.1,36.5,Express,Rail,574.95,12.9
Hyderabad,Pune,489,61.43,46.2,48.2,97.0,Normal,Rail,830.92,29.9
Delhi,Bangalore,747,68.25,54.7,32.5,58.0,Economy,Rail,1220.36,26.9
Ahmedabad,Chennai,1240,22.12,83.4,16.7,51.4,Economy,Rail,638.84,38.1
Delhi,Ahmedabad,354,87.93,79.6,52.7,96.1,Express,Road,2546.37,13.3
Bangalore,Ahmedabad,1506,58.73,12.7,25.8,50.0,Normal,Road,4698.07,51.1
Mumbai,Delhi,1685,92.06,61.7,21.5,46.4,Normal,Air,35981.71,12.6
Pune,Kolkata,841,20.35,34.0,33.2,93.1,Normal,Air,4139.25,22.5
Mumbai,Ahmedabad,1164,52.89,70.9,52.9,70.1,Normal,Rail,1793.06,42.5
Ahmedabad,Chennai,1240,91.3,7.5,77.8,13.4,Economy,Air,24484.81,19.5
Hyderabad,Mumbai,618,62.28,90.5,88.4,10.1,Normal,Road,1887.1,34.1
Ahmedabad,Pune,900,5.91,10.2,83.8,66.7,Normal,Air,2358.98,15.4
Hyderabad,Pune,489,6.56,75.3,69.1,75.2,Economy,Air,7202.04,20.2
Ahmedabad,Mumbai,1398,22.74,69.2,86.0,33.6,Normal,Air,15344.64,16.2
Bangalore,Chennai,1449,7.18,19.5,88.6,54.4,Economy,Road,1003.12,63.3
Pune,Chennai,498,92.64,33.5,51.0,22.5,Economy,Air,8784.55,14.3
Mumbai,Bangalore,1816,15.05,7.1,18.5,75.7,Economy,Road,1095.75,78.8
Ahmedabad,Delhi,555,29.3,14.5,60.9,39.9,Normal,Rail,476.7,23.1
Pune,Mumbai,1035,3.28,48.4,58.6,6.0,Normal,Road,181.24,44.3
Chennai,Delhi,351,96.3,49.5,73.7,31.3,Economy,Rail,811.33,17.6
Pune,Kolkata,841,6.75,67.3,38.4,73.3,Normal,Rail,997.0,24.4
Kolkata,Bangalore,1854,7.29,84.7,51.0,96.4,Express,Air,54201.61,16.8
Kolkata,Mumbai,1957,69.93,60.9,60.2,60.5,Normal,Road,6219.87,59.6
Mumbai,Hyderabad,478,11.07,93.8,50.3,77.2,Express,Road,2405.51,27.6
Pune,Ahmedabad,1794,97.35,92.6,10.9,28.8,Economy,Air,31945.4,21.8
Chennai,Mumbai,528,32.46,71.4,40.9,98.9,Express,Air,10750.19,13.5
Kolkata,Mumbai,1957,20.52,20.4,82.3,81.8,Economy,Road,2185.44,92.7
Bangalore,Chennai,1449,81.1,89.9,39.2,43.8,Express,Road,8532.76,49.4
Ahmedabad,Mumbai,1398,83.32,59.2,50.0,38.5,Express,Air,46768.04,14.9
Pune,Ahmedabad,1794,7.55,12.4,79.3,33.3,Economy,Rail,307.56,56.4
Bangalore,Pune,1219,94.09,92.6,28.9,71.8,Economy,Road,5017.35,57.3
Kolkata,Bangalore,1854,62.06,56.9,89.7,60.4,Normal,Air,26060.79,12.8
Hyderabad,Pune,489,6.41,24.4,82.6,36.3,Express,Road,508.26,30.8
Chennai,Delhi,351,98.12,95.2,61.8,63.2,Economy,Air,6858.78,19.4
Mumbai,Chennai,1808,49.91,26.4,38.3,50.4,Economy,Road,3920.81,81.0
Bangalore,Kolkata,1159,61.01,41.0,69.9,6.7,Normal,Road,3455.71,34.8
Pune,Kolkata,841,14.21,46.6,90.2,98.3,Normal,Rail,1957.19,19.0
Bangalore,Chennai,1449,59.07,26.6,76.0,89.4,Express,Air,29181.32,23.6
Bangalore,Pune,1219,6.16,10.4,46.7,31.8,Normal,Rail,229.89,45.9
Delhi,Kolkata,776,40.08,67.5,67.4,12.3,Express,Road,2330.29,25.4
Bangalore,Ahmedabad,1506,71.46,94.4,79.1,32.8,Express,Road,8114.74,43.1
Mumbai,Chennai,1808,34.99,44.0,95.3,51.2,Economy,Road,3361.21,86.8
Kolkata,Hyderabad,1729,55.52,16.7,73.9,79.9,Economy,Road,3992.08,79.9
Mumbai,Chennai,1808,50.14,8.2,31.4,41.5,Economy,Road,3465.92,83.2
Pune,Bangalore,1536,44.68,26.3,41.0,67.7,Express,Road,5312.26,43.6
Chennai,Kolkata,863,75.57,36.9,83.7,29.9,Express,Road,5142.93,35.2
Pune,Ahmedabad,1794,43.04,74.3,74.9,10.4,Economy,Air,15097.18,23.2
Ahmedabad,Bangalore,1075,57.47,59.0,54.3,20.4,Normal,Rail,1944.46,26.1
Chennai,Delhi,351,80.06,95.3,13.1,28.7,Express,Rail,1223.46,20.3
Hyderabad,Delhi,740,66.09,79.3,82.0,62.8,Economy,Rail,1470.36,27.1
Delhi,Bangalore,747,46.54,46.8,49.3,96.8,Normal,Air,9289.88,6.6
Mumbai,Delhi,1685,89.76,57.4,95.6,46.8,Normal,Rail,4319.16,36.6
Delhi,Mumbai,361,87.19,67.3,27.1,67.2,Economy,Air,6303.58,11.4
Bangalore,Chennai,1449,95.19,99.2,97.7,6.5,Normal,Air,35988.22,14.0
Mumbai,Kolkata,1416,44.66,53.5,27.5,35.9,Normal,Air,15543.94,24.4
Delhi,Chennai,365,32.99,79.9,36.8,43.8,Express,Rail,538.68,21.1
Delhi,Ahmedabad,354,4.94,93.4,91.6,7.4,Express,Road,356.89,25.8
Hyderabad,Mumbai,618,38.19,60.4,67.4,19.3,Express,Road,1931.25,35.7
Pune,Kolkata,841,73.44,85.5,55.1,9.9,Normal,Air,15516.26,11.0
Kolkata,Mumbai,1957,33.2,80.9,97.9,26.9,Normal,Air,22816.65,17.0
Pune,Delhi,1004,8.43,58.2,12.3,39.4,Normal,Air,2001.82,10.7
Delhi,Kolkata,776,24.87,91.4,69.0,68.3,Express,Rail,3186.3,15.1
Pune,Bangalore,1536,50.75,19.1,51.9,88.7,Economy,Road,3352.81,58.4
Kolkata,Pune,1165,55.68,93.4,75.6,17.0,Economy,Rail,1408.58,32.6
Pune,Bangalore,1536,35.76,43.2,57.9,72.6,Economy,Rail,1445.27,57.3
Mumbai,Hyderabad,478,5.0,75.2,38.7,47.6,Normal,Air,3277.53,10.8
Ahmedabad,Hyderabad,1430,13.89,22.4,77.8,92.1,Express,Road,3203.38,38.4
Ahmedabad,Bangalore,1075,32.38,21.8,73.6,31.5,Economy,Road,1335.91,54.3
Pune,Delhi,1004,32.62,35.3,21.9,18.6,Express,Air,11570.78,16.9
Hyderabad,Chennai,869,35.06,20.7,32.3,51.2,Economy,Road,1167.13,59.1
Mumbai,Ahmedabad,1164,66.81,18.4,24.7,84.7,Economy,Road,3171.89,61.4
Bangalore,Chennai,1449,49.09,83.1,40.1,31.8,Express,Rail,3349.49,37.6
Kolkata,Chennai,869,71.77,92.3,16.4,89.4,Normal,Rail,1716.44,23.0
Mumbai,Delhi,1685,80.46,75.7,26.1,12.1,Economy,Air,26222.05,23.7
Mumbai,Hyderabad,478,68.95,89.8,8.6,14.5,Express,Air,11908.24,17.9
Chennai,Hyderabad,801,62.91,28.4,60.7,87.9,Economy,Air,9464.78,16.1
Delhi,Hyderabad,1334,49.92,17.5,65.3,13.4,Express,Air,26218.34,7.0
Bangalore,Hyderabad,751,18.22,44.7,30.0,41.1,Express,Road,1054.51,30.2
Delhi,Ahmedabad,354,84.15,88.1,68.5,51.6,Express,Rail,1366.74,14.1
Bangalore,Chennai,1449,96.31,90.2,77.6,44.9,Normal,Rail,3975.09,31.3
Hyderabad,Ahmedabad,1078,11.8,71.2,72.0,78.5,Normal,Rail,2655.48,23.2
Kolkata,Ahmedabad,996,21.9,85.8,43.9,58.4,Normal,Rail,1360.55,36.5
Pune,Bangalore,1536,26.44,10.2,51.1,25.8,Express,Road,2929.24,41.8
Delhi,Kolkata,776,21.02,64.4,95.0,63.3,Normal,Road,3068.3,36.0
Pune,Chennai,498,78.15,36.7,38.5,77.8,Economy,Air,7081.98,16.1
Delhi,Pune,1532,53.8,86.7,26.8,81.1,Normal,Rail,2429.82,34.8
Chennai,Ahmedabad,585,84.63,76.7,55.0,52.6,Normal,Road,2305.59,22.6
Bangalore,Chennai,1449,27.61,16.7,79.5,67.3,Economy,Air,8604.08,10.2
Pune,Chennai,498,1.97,83.9,62.5,19.4,Express,Air,4021.93,16.8
Kolkata,Pune,1165,32.71,53.7,7.2,31.0,Economy,Road,1452.42,58.5
Kolkata,Bangalore,1854,9.76,96.9,58.3,50.9,Express,Air,40036.25,26.4
Pune,Delhi,1004,76.39,72.9,48.0,59.9,Economy,Rail,1940.53,38.4
Mumbai,Hyderabad,478,31.41,18.7,64.8,12.9,Express,Road,1060.22,25.0
Mumbai,Ahmedabad,1164,40.62,84.6,54.7,84.8,Economy,Road,3849.67,51.7
Hyderabad,Pune,489,15.49,35.5,58.7,43.6,Economy,Rail,221.38,32.7
Ahmedabad,Delhi,555,95.97,27.4,48.8,50.9,Express,Air,21942.19,6.8
Mumbai,Bangalore,1816,13.16,6.3,54.4,16.5,Economy,Rail,615.98,63.6
Ahmedabad,Mumbai,1398,62.8,54.8,18.3,88.1,Normal,Rail,2375.33,45.4
Kolkata,Ahmedabad,996,32.58,89.5,58.6,20.8,Normal,Air,8412.62,25.2
Hyderabad,Kolkata,989,60.65,49.9,25.0,36.4,Express,Air,24725.77,8.8
Ahmedabad,Chennai,1240,32.11,22.0,49.7,99.4,Economy,Rail,994.1,35.0
Ahmedabad,Delhi,555,9.92,64.4,61.5,11.3,Express,Air,2222.89,5.0
Bangalore,Delhi,1766,28.78,91.6,45.5,74.3,Normal,Air,28803.73,19.1
Bangalore,Chennai,1449,59.47,14.8,25.6,21.9,Express,Road,5980.39,42.4
Pune,Delhi,1004,57.78,86.1,62.5,96.8,Express,Air,40545.98,8.8
Bangalore,Mumbai,707,9.59,81.3,18.9,20.7,Economy,Rail,148.98,26.1
Ahmedabad,Bangalore,1075,66.65,36.1,52.5,16.1,Express,Rail,3145.08,25.7
Kolkata,Pune,1165,52.44,55.4,88.9,85.0,Economy,Air,20809.77,24.4
Ahmedabad,Bangalore,1075,69.66,28.8,16.4,90.5,Express,Rail,3152.8,34.6
Hyderabad,Ahmedabad,1078,42.7,63.6,88.2,92.5,Economy,Rail,2617.35,53.2
Bangalore,Ahmedabad,1506,36.42,23.5,60.7,36.2,Normal,Rail,1646.37,32.1
Kolkata,Hyderabad,1729,48.13,9.2,71.1,29.0,Express,Road,6829.36,53.5
Ahmedabad,Kolkata,461,63.41,51.6,50.0,88.1,Express,Road,1989.91,29.2
Delhi,Hyderabad,1334,73.75,87.7,17.5,44.9,Economy,Road,3890.74,62.4
Kolkata,Pune,1165,19.82,63.3,6.6,84.5,Normal,Air,5390.68,21.0
Hyderabad,Kolkata,989,1.91,68.1,44.6,68.4,Economy,Road,1542.76,46.0
Kolkata,Chennai,869,17.67,9.2,62.8,70.4,Normal,Road,788.54,46.0
Kolkata,Delhi,313,56.28,16.2,49.3,84.4,Economy,Air,3826.31,23.2
Delhi,Hyderabad,1334,9.1,35.2,64.5,6.9,Economy,Road,458.14,54.4
Bangalore,Delhi,1766,83.81,66.0,90.6,23.2,Express,Road,10679.89,39.9
Kolkata,Mumbai,1957,56.72,44.3,84.4,30.9,Economy,Road,4865.64,82.6
Mumbai,Bangalore,1816,35.84,39.5,78.4,54.7,Express,Air,26026.35,23.0
Pune,Mumbai,1035,54.03,25.0,71.7,38.0,Express,Rail,2369.21,26.6
Kolkata,Chennai,869,51.57,25.0,25.7,29.8,Economy,Air,9246.69,9.2
Hyderabad,Delhi,740,56.6,67.5,90.6,35.6,Economy,Air,8140.38,9.6
Ahmedabad,Delhi,555,34.0,90.8,22.8,39.0,Economy,Rail,457.12,27.4
Ahmedabad,Kolkata,461,57.81,46.3,42.9,84.2,Normal,Air,6493.66,18.5
Kolkata,Chennai,869,97.09,88.4,77.5,90.6,Express,Road,7962.97,39.1
Pune,Kolkata,841,3.34,53.7,92.6,89.2,Express,Air,26290.15,20.3
Delhi,Hyderabad,1334,33.65,96.2,97.2,34.4,Economy,Rail,2042.66,35.1
Delhi,Mumbai,361,88.35,33.6,12.6,27.4,Economy,Rail,702.72,26.3
Hyderabad,Chennai,869,48.0,37.7,49.7,70.2,Express,Road,3386.7,36.3
Bangalore,Pune,1219,91.74,41.8,35.2,93.8,Normal,Rail,3622.0,40.2
Pune,Kolkata,841,39.69,11.8,51.4,75.3,Express,Road,2364.1,34.4
Hyderabad,Delhi,740,34.32,83.2,63.0,76.4,Economy,Air,11213.65,7.1
Kolkata,Bangalore,1854,9.74,41.5,22.1,19.3,Normal,Rail,560.73,40.0
Pune,Mumbai,1035,16.77,69.8,84.3,49.2,Economy,Rail,1491.76,45.1
Chennai,Mumbai,528,32.24,59.6,41.5,48.2,Normal,Air,4647.14,20.5
Kolkata,Bangalore,1854,26.24,65.2,62.3,81.2,Normal,Air,29797.67,14.4
Hyderabad,Chennai,869,78.66,98.2,55.5,41.4,Express,Road,4768.2,37.4
Kolkata,Mumbai,1957,51.73,63.4,87.9,46.3,Normal,Rail,2757.56,48.2
Chennai,Kolkata,863,68.8,29.0,37.1,33.1,Economy,Air,11322.07,14.8
Ahmedabad,Delhi,555,30.12,8.4,15.6,74.5,Express,Air,6138.6,15.4
Delhi,Hyderabad,1334,14.89,51.9,89.8,37.8,Normal,Air,12026.17,25.0
Ahmedabad,Chennai,1240,8.12,40.4,18.9,97.8,Express,Road,1356.17,29.4
Kolkata,Bangalore,1854,40.37,22.5,75.9,73.6,Express,Road,5991.63,38.3
Bangalore,Kolkata,1159,26.47,33.8,53.8,86.2,Economy,Air,7701.4,16.8
Pune,Delhi,1004,74.81,78.9,31.3,68.8,Express,Rail,3656.9,21.6
Pune,Mumbai,1035,2.36,44.4,17.3,30.4,Express,Air,1746.69,5.7
Hyderabad,Mumbai,618,6.84,32.3,72.6,83.6,Express,Rail,1119.77,18.7
Chennai,Delhi,351,34.39,37.9,47.2,48.9,Express,Rail,511.75,21.7
Kolkata,Bangalore,1854,3.71,86.0,96.9,65.0,Express,Rail,8284.69,37.3
Kolkata,Delhi,313,75.21,47.9,49.4,19.8,Express,Road,1809.43,17.9
Chennai,Pune,757,97.35,57.9,51.6,27.3,Express,Road,5392.66,20.9
Pune,Mumbai,1035,21.52,15.5,32.5,87.2,Express,Rail,1012.33,20.1
Kolkata,Delhi,313,77.16,64.9,68.1,70.3,Express,Air,8726.59,12.3
Pune,Bangalore,1536,75.8,32.2,92.8,19.9,Economy,Rail,2676.04,49.3
Ahmedabad,Hyderabad,1430,17.64,91.2,41.4,67.0,Normal,Rail,2035.43,30.1
Mumbai,Kolkata,1416,57.27,43.8,7.2,62.9,Economy,Air,16625.94,27.4
Chennai,Hyderabad,801,60.33,80.0,42.0,53.6,Economy,Road,1916.65,40.2
Ahmedabad,Hyderabad,1430,92.18,35.7,32.8,90.0,Economy,Air,26158.79,20.1
Bangalore,Pune,1219,18.1,48.8,65.9,81.4,Normal,Road,3028.22,37.2
Chennai,Hyderabad,801,67.85,87.4,99.6,86.9,Economy,Rail,3174.64,36.3
Chennai,Bangalore,1818,48.34,74.0,32.8,42.8,Express,Road,6411.05,47.4
Ahmedabad,Bangalore,1075,78.85,14.8,85.5,77.0,Express,Road,6639.54,35.4
Delhi,Mumbai,361,79.66,25.0,14.2,66.0,Economy,Rail,745.28,17.9
Kolkata,Delhi,313,29.88,47.2,79.8,71.5,Express,Rail,772.97,10.8
Kolkata,Chennai,869,22.49,40.2,39.5,32.7,Express,Road,1485.61,32.9
Kolkata,Mumbai,1957,74.5,71.0,18.9,32.8,Normal,Rail,4493.53,37.8
Kolkata,Mumbai,1957,58.63,29.6,73.5,75.8,Express,Rail,5139.47,48.1
Delhi,Kolkata,776,85.33,34.9,40.6,87.2,Normal,Air,15458.54,9.1
Pune,Chennai,498,67.04,11.2,26.4,24.6,Economy,Rail,818.67,19.4
Bangalore,Delhi,1766,50.13,59.1,65.7,6.2,Express,Air,35842.09,13.9
Chennai,Bangalore,1818,62.83,95.4,53.2,30.8,Express,Air,43157.57,22.3
Ahmedabad,Kolkata,461,52.53,28.2,80.7,22.4,Express,Road,1717.55,16.0
Kolkata,Ahmedabad,996,28.11,75.6,74.7,92.2,Economy,Air,19925.7,11.7
Ahmedabad,Bangalore,1075,10.28,88.8,9.9,80.1,Economy,Road,602.96,53.4
Mumbai,Kolkata,1416,59.14,61.8,33.5,5.9,Normal,Road,4371.33,51.8
Ahmedabad,Chennai,1240,25.55,43.7,30.7,65.0,Normal,Air,7894.01,19.3
Kolkata,Pune,1165,53.45,37.4,69.4,52.8,Express,Rail,2584.38,21.9
Chennai,Delhi,351,89.39,53.4,52.1,22.0,Normal,Air,7537.49,13.6
Delhi,Mumbai,361,77.99,77.5,25.3,52.7,Normal,Air,6999.01,23.3
Bangalore,Kolkata,1159,67.35,35.8,23.2,42.6,Economy,Road,3191.11,63.6
Ahmedabad,Hyderabad,1430,59.73,44.6,74.0,26.7,Normal,Rail,2785.0,36.8
Kolkata,Delhi,313,72.81,83.8,35.0,34.3,Express,Rail,1079.41,26.1
Chennai,Bangalore,1818,35.68,81.5,97.6,77.9,Economy,Air,42377.08,14.7
Hyderabad,Chennai,869,32.52,80.1,35.9,58.2,Economy,Road,1190.84,41.7
Mumbai,Ahmedabad,1164,16.46,73.7,94.4,61.3,Economy,Air,19420.36,21.9
Bangalore,Delhi,1766,98.7,60.7,10.6,10.3,Normal,Rail,5268.76,38.8
Ahmedabad,Mumbai,1398,88.14,12.0,97.8,74.6,Economy,Road,5017.32,68.4
Ahmedabad,Mumbai,1398,33.12,56.9,67.8,57.9,Normal,Air,14120.3,8.3
Hyderabad,Pune,489,36.44,78.4,76.0,25.4,Normal,Rail,505.46,15.9
Kolkata,Delhi,313,60.56,93.6,18.3,66.0,Normal,Rail,603.47,26.2
Chennai,Kolkata,863,37.66,58.7,99.6,96.2,Normal,Air,24230.3,18.4
Mumbai,Kolkata,1416,9.67,58.0,15.7,20.0,Express,Road,1042.14,41.6
Bangalore,Pune,1219,7.77,70.0,82.7,49.2,Express,Road,5364.61,36.5
Hyderabad,Bangalore,1863,53.01,70.8,82.9,46.1,Economy,Rail,2455.76,62.5
Chennai,Ahmedabad,585,22.91,45.6,29.6,26.2,Express,Rail,607.01,15.0
Hyderabad,Ahmedabad,1078,86.79,19.5,78.4,24.6,Economy,Road,3387.77,62.1
Delhi,Kolkata,776,35.18,11.6,87.7,93.2,Express,Road,1925.32,36.5
Bangalore,Mumbai,707,77.35,7.6,88.4,94.7,Economy,Rail,1187.9,40.1
Bangalore,Ahmedabad,1506,5.4,46.7,23.9,78.2,Express,Road,1811.13,46.9
Mumbai,Ahmedabad,1164,75.78,16.4,51.5,62.5,Express,Rail,3901.98,18.6
Hyderabad,Bangalore,1863,25.9,15.6,48.4,5.7,Normal,Rail,1581.18,39.8
Kolkata,Pune,1165,7.0,94.9,66.9,26.8,Express,Road,3062.8,43.2
Chennai,Delhi,351,73.1,90.2,9.3,85.5,Economy,Air,4627.98,7.9
Ahmedabad,Pune,900,4.38,61.6,24.9,75.3,Normal,Rail,638.35,28.4
Delhi,Kolkata,776,96.55,75.5,82.0,22.3,Economy,Road,2715.19,39.5
Hyderabad,Pune,489,26.89,35.5,79.4,36.5,Normal,Road,688.35,23.5
Pune,Ahmedabad,1794,60.05,54.9,20.0,6.4,Economy,Road,4240.14,84.8
Ahmedabad,Bangalore,1075,85.69,56.0,17.8,62.3,Express,Road,6648.2,40.8
Delhi,Ahmedabad,354,65.81,39.7,63.3,73.0,Normal,Rail,733.67,14.2
Bangalore,Kolkata,1159,13.42,94.5,26.4,12.8,Economy,Air,3050.93,9.9
Bangalore,Delhi,1766,18.87,67.6,36.2,97.5,Express,Air,31727.68,24.2
Delhi,Ahmedabad,354,42.49,67.8,60.0,93.8,Economy,Air,5841.9,6.0
Bangalore,Mumbai,707,1.93,65.3,84.4,27.6,Normal,Rail,582.25,32.9
Bangalore,Hyderabad,751,87.02,97.2,43.5,99.3,Normal,Air,15562.95,20.4
Hyderabad,Delhi,740,99.67,22.7,37.4,87.8,Express,Rail,3427.38,19.8
Kolkata,Chennai,869,78.3,45.5,7.4,56.6,Economy,Road,2980.32,41.1
Kolkata,Mumbai,1957,87.39,34.2,46.4,98.5,Economy,Air,32033.23,28.0
Bangalore,Mumbai,707,84.08,26.1,6.6,74.7,Normal,Air,15161.15,22.5
Chennai,Pune,757,53.55,56.2,70.9,99.7,Economy,Rail,1344.97,36.3
Bangalore,Pune,1219,93.1,73.0,56.4,95.7,Normal,Road,5422.98,56.3
Kolkata,Bangalore,1854,90.15,97.3,89.9,49.5,Economy,Air,36356.84,14.0
Kolkata,Mumbai,1957,92.34,63.2,96.1,10.6,Normal,Road,8391.77,71.4
Bangalore,Ahmedabad,1506,78.74,66.4,42.1,23.4,Normal,Road,5604.57,47.8
Pune,Chennai,498,72.73,60.7,68.9,24.6,Economy,Air,6918.61,18.2
Kolkata,Ahmedabad,996,10.71,64.7,49.8,67.7,Normal,Road,2190.54,32.5
Hyderabad,Delhi,740,94.97,8.9,84.6,29.3,Express,Rail,3115.64,26.3
Ahmedabad,Pune,900,29.47,54.7,13.4,74.5,Express,Rail,1131.78,25.1
Pune,Bangalore,1536,6.14,15.0,78.1,85.0,Express,Rail,1487.99,29.0
Kolkata,Delhi,313,8.77,14.6,81.6,28.1,Normal,Road,139.75,14.2
Ahmedabad,Kolkata,461,60.86,58.7,62.6,87.7,Express,Rail,1214.63,25.7
Mumbai,Kolkata,1416,9.94,96.8,27.7,60.1,Express,Air,16846.54,20.8
Hyderabad,Ahmedabad,1078,78.92,86.0,59.5,54.7,Normal,Air,22308.51,24.3
Bangalore,Kolkata,1159,18.48,64.9,36.3,32.8,Normal,Road,1119.98,40.1
Hyderabad,Delhi,740,97.37,28.6,47.4,9.5,Normal,Air,19782.28,21.3
Bangalore,Kolkata,1159,77.2,57.0,35.6,43.1,Normal,Road,4782.18,41.7
Bangalore,Delhi,1766,82.95,14.6,73.6,65.7,Normal,Air,36601.86,15.0
Kolkata,Pune,1165,70.89,38.3,81.6,90.1,Economy,Road,3186.37,55.9
Kolkata,Pune,1165,56.21,21.9,63.8,12.2,Economy,Road,2730.27,64.6
Kolkata,Mumbai,1957,71.73,55.6,42.7,92.5,Economy,Air,29841.46,16.2
Mumbai,Delhi,1685,99.94,47.0,8.9,57.1,Express,Rail,6860.11,36.5
Bangalore,Mumbai,707,87.58,46.8,82.1,18.8,Normal,Road,3383.62,32.6
Ahmedabad,Bangalore,1075,55.85,99.8,23.3,22.7,Express,Air,22062.52,23.6
Pune,Hyderabad,1952,26.52,80.7,39.6,81.2,Normal,Rail,2956.82,44.0
Hyderabad,Chennai,869,95.83,17.8,86.7,98.7,Economy,Air,16918.27,24.7
Ahmedabad,Kolkata,461,31.69,81.7,62.4,73.4,Express,Air,13313.04,24.4
Ahmedabad,Delhi,555,57.64,10.1,63.8,52.2,Normal,Road,1744.48,28.2
Chennai,Delhi,351,47.92,72.1,11.1,38.7,Express,Rail,767.46,23.0
Ahmedabad,Bangalore,1075,70.57,94.6,98.7,25.4,Normal,Rail,2293.36,29.2
Pune,Mumbai,1035,76.75,98.1,60.8,87.0,Express,Road,8397.83,24.0
Mumbai,Kolkata,1416,6.83,44.3,20.3,23.5,Express,Road,774.05,45.0
Mumbai,Delhi,1685,9.37,94.9,59.5,95.2,Normal,Rail,5305.62,48.9
Delhi,Chennai,365,31.46,21.9,45.9,28.9,Economy,Road,437.32,23.9
Mumbai,Delhi,1685,45.45,13.9,29.5,88.5,Economy,Air,13966.17,12.3
Chennai,Ahmedabad,585,33.02,34.1,81.0,59.0,Normal,Road,1053.86,30.1
Delhi,Kolkata,776,22.23,37.8,87.8,91.7,Express,Rail,2156.94,27.9
Delhi,Kolkata,776,15.31,82.8,7.9,8.7,Express,Road,945.79,22.9
Hyderabad,Ahmedabad,1078,18.45,54.3,90.5,52.3,Express,Road,4569.23,43.2
Pune,Ahmedabad,1794,45.07,16.1,57.7,37.1,Normal,Road,3832.11,55.5
Pune,Chennai,498,36.15,92.1,92.5,82.0,Express,Air,27420.57,21.7
Mumbai,Hyderabad,478,65.65,91.6,58.5,71.7,Express,Rail,1737.81,15.4
Delhi,Bangalore,747,76.47,32.8,64.5,43.4,Normal,Road,2850.71,29.1
Ahmedabad,Kolkata,461,39.19,52.3,79.7,32.3,Express,Air,6172.16,8.4
Mumbai,Delhi,1685,89.26,76.0,59.3,21.5,Normal,Air,34201.33,26.4
Pune,Mumbai,1035,35.5,56.1,83.3,70.0,Normal,Air,16956.77,16.4
Chennai,Mumbai,528,10.32,95.2,89.8,72.7,Economy,Air,12348.17,18.3
Chennai,Ahmedabad,585,92.25,24.6,70.5,92.8,Economy,Road,2227.55,34.4
Delhi,Bangalore,747,82.74,40.3,84.6,9.3,Economy,Air,11733.83,24.0
Pune,Hyderabad,1952,57.27,87.1,64.5,24.5,Express,Air,45390.54,6.9
Pune,Bangalore,1536,28.17,90.6,82.6,51.4,Express,Road,9086.74,44.2
Ahmedabad,Mumbai,1398,66.46,26.2,65.6,16.0,Normal,Road,4351.36,56.6
Kolkata,Hyderabad,1729,71.64,71.0,32.1,32.2,Express,Rail,5137.5,39.1
Bangalore,Chennai,1449,55.7,52.3,17.1,99.6,Normal,Rail,2232.1,43.5
Delhi,Chennai,365,76.37,81.6,28.0,63.5,Normal,Air,6470.86,5.6
Bangalore,Pune,1219,21.44,35.2,59.0,95.1,Normal,Rail,1566.41,27.7
Chennai,Bangalore,1818,38.31,94.9,53.0,26.4,Express,Road,5052.12,37.7
Ahmedabad,Chennai,1240,84.42,62.2,32.3,20.3,Express,Rail,4293.0,27.2
Chennai,Kolkata,863,72.19,73.8,35.6,8.7,Economy,Air,11796.28,17.8
Pune,Ahmedabad,1794,56.91,86.4,77.4,8.3,Express,Road,6921.83,47.0
Pune,Delhi,1004,68.72,41.7,91.5,27.6,Normal,Air,16386.43,18.9
Ahmedabad,Mumbai,1398,45.7,88.5,26.3,32.3,Express,Road,5235.39,33.1
Delhi,Ahmedabad,354,74.13,46.0,33.5,9.0,Normal,Air,7058.85,24.5
Delhi,Pune,1532,62.84,24.8,43.6,88.9,Normal,Air,23838.17,16.6
Hyderabad,Delhi,740,66.7,17.6,55.3,28.4,Express,Road,3752.48,32.7
Hyderabad,Bangalore,1863,55.05,77.6,43.8,66.2,Economy,Rail,2284.83,60.0
Kolkata,Pune,1165,95.6,87.7,44.2,23.9,Normal,Air,30014.87,25.1
Pune,Mumbai,1035,94.35,7.3,24.6,58.9,Economy,Rail,2570.35,46.2
Pune,Kolkata,841,78.29,23.8,44.1,49.5,Express,Road,5197.51,30.9
Chennai,Hyderabad,801,10.16,11.2,7.0,92.4,Economy,Rail,209.09,41.3
Bangalore,Hyderabad,751,15.48,25.2,84.9,39.5,Normal,Air,3430.06,12.3
Delhi,Ahmedabad,354,30.67,81.2,20.2,88.7,Economy,Rail,240.69,21.8
Ahmedabad,Hyderabad,1430,98.34,70.5,90.8,97.7,Express,Road,14513.05,27.8
Pune,Bangalore,1536,38.25,21.2,6.9,70.4,Normal,Rail,1792.49,45.9
Ahmedabad,Hyderabad,1430,56.89,89.1,98.8,89.2,Economy,Road,8327.22,63.4
Delhi,Chennai,365,99.29,80.1,68.5,96.3,Normal,Rail,1206.09,12.3
Ahmedabad,Chennai,1240,62.38,61.1,99.2,39.7,Normal,Road,3877.94,56.1
Chennai,Bangalore,1818,32.2,20.9,66.7,71.5,Normal,Rail,1930.46,38.8
Ahmedabad,Hyderabad,1430,8.48,57.4,17.4,97.9,Express,Road,2195.78,34.2
Ahmedabad,Bangalore,1075,39.15,71.1,30.7,40.6,Normal,Air,11265.7,14.4
Hyderabad,Mumbai,618,94.32,73.3,57.5,51.4,Normal,Road,3155.43,22.4
Hyderabad,Pune,489,51.12,15.8,82.0,81.6,Economy,Road,914.8,25.0
Bangalore,Pune,1219,9.2,12.2,73.7,75.0,Normal,Air,3757.03,25.8
Ahmedabad,Hyderabad,1430,87.4,79.7,15.1,16.6,Express,Road,8810.33,31.9
Mumbai,Hyderabad,478,95.16,5.4,80.2,27.1,Economy,Air,8332.05,16.0
Ahmedabad,Pune,900,20.13,98.9,62.5,22.7,Normal,Air,6536.61,7.2
Delhi,Kolkata,776,1.13,21.7,23.8,18.7,Express,Air,615.23,19.2
Mumbai,Ahmedabad,1164,19.11,35.5,99.2,20.4,Express,Air,8002.38,18.4
Bangalore,Ahmedabad,1506,25.47,37.8,27.9,5.7,Express,Rail,1650.65,21.6
Ahmedabad,Delhi,555,90.32,10.7,76.8,45.9,Express,Air,18594.58,18.3
Hyderabad,Kolkata,989,77.25,91.9,71.3,62.5,Economy,Air,15431.23,16.2
Ahmedabad,Delhi,555,50.22,77.5,34.8,99.9,Economy,Road,1217.14,30.0
Ahmedabad,Bangalore,1075,32.77,80.6,94.8,43.3,Normal,Rail,1985.75,30.5
Chennai,Pune,757,14.37,35.1,99.0,65.1,Normal,Rail,927.59,30.6
Delhi,Mumbai,361,59.5,22.5,14.0,42.2,Economy,Rail,498.73,20.0
Kolkata,Pune,1165,95.54,57.2,26.6,51.2,Express,Rail,4941.42,22.0
Chennai,Delhi,351,96.16,11.4,35.7,50.3,Normal,Road,1598.22,29.6
Pune,Bangalore,1536,1.79,34.3,20.1,64.9,Express,Air,5081.31,8.6
Kolkata,Delhi,313,72.61,81.7,87.1,40.1,Normal,Road,1026.74,16.5
Hyderabad,Ahmedabad,1078,23.73,87.8,34.7,92.0,Normal,Rail,1832.87,28.9
Bangalore,Mumbai,707,96.56,79.3,59.4,91.6,Express,Air,26160.54,10.0
Ahmedabad,Chennai,1240,31.69,88.7,41.5,19.1,Normal,Road,1976.27,52.8
Kolkata,Chennai,869,45.22,78.9,80.2,31.2,Economy,Rail,1008.71,28.7
Chennai,Delhi,351,35.94,64.0,58.4,79.5,Normal,Rail,686.51,20.7
Bangalore,Kolkata,1159,60.71,33.1,10.8,89.1,Express,Air,25238.06,14.2
Chennai,Delhi,351,26.47,18.7,7.4,66.9,Normal,Road,452.34,33.1
Ahmedabad,Hyderabad,1430,38.51,19.9,47.2,34.8,Normal,Rail,1578.05,37.9
Delhi,Kolkata,776,13.29,95.8,16.8,87.4,Express,Rail,956.63,27.1
Chennai,Hyderabad,801,43.71,35.8,21.9,63.2,Economy,Air,6698.31,17.8
Chennai,Hyderabad,801,71.87,17.5,11.1,11.4,Economy,Road,2313.21,41.4
Hyderabad,Delhi,740,34.15,44.2,76.3,51.8,Express,Road,1948.67,25.2
Delhi,Kolkata,776,82.37,82.4,47.6,15.9,Normal,Road,3029.3,35.1
Chennai,Hyderabad,801,84.37,26.4,9.0,25.8,Economy,Road,2948.89,38.3
Pune,Ahmedabad,1794,63.62,42.6,53.5,32.5,Economy,Air,23807.23,10.6
Bangalore,Kolkata,1159,4.08,26.8,51.7,38.2,Economy,Air,2641.05,24.1
Pune,Mumbai,1035,15.65,5.7,64.6,64.2,Normal,Air,3947.64,22.7
Kolkata,Delhi,313,19.98,90.3,42.3,66.8,Normal,Road,789.94,26.0
Pune,Mumbai,1035,18.89,9.0,81.4,75.6,Economy,Road,822.67,50.6
Bangalore,Kolkata,1159,81.88,39.3,10.2,64.5,Express,Rail,4028.58,16.5
Delhi,Pune,1532,33.73,52.5,73.4,73.4,Normal,Rail,2652.87,37.7
Kolkata,Pune,1165,98.68,86.4,28.6,63.6,Economy,Road,4708.19,69.7
Chennai,Delhi,351,44.78,74.2,96.3,14.2,Normal,Road,808.8,28.4
Hyderabad,Chennai,869,28.36,67.1,33.3,8.3,Economy,Rail,549.11,44.2
Bangalore,Chennai,1449,91.98,75.7,69.8,7.9,Normal,Road,6016.67,41.9
Kolkata,Delhi,313,2.74,58.5,11.0,70.7,Economy,Road,111.59,16.2
Pune,Ahmedabad,1794,46.84,21.6,6.3,90.3,Express,Road,6881.42,52.0
Ahmedabad,Mumbai,1398,80.29,7.3,30.8,87.8,Economy,Air,22215.56,20.8
Pune,Kolkata,841,95.24,51.4,27.0,85.6,Economy,Rail,1870.05,34.6
Ahmedabad,Kolkata,461,16.81,67.6,40.3,57.3,Economy,Rail,361.67,18.7
Pune,Delhi,1004,47.01,38.0,32.8,82.4,Normal,Air,11899.26,14.6
Kolkata,Mumbai,1957,33.61,39.1,49.3,76.6,Express,Road,5317.63,55.5
Delhi,Kolkata,776,34.49,65.1,75.8,85.9,Express,Road,5404.9,34.9
Pune,Chennai,498,82.43,88.7,99.1,56.7,Express,Road,3779.26,23.3
Delhi,Hyderabad,1334,23.06,72.4,36.8,16.1,Express,Rail,1397.71,32.4
Pune,Mumbai,1035,57.91,76.2,70.3,98.9,Economy,Air,22564.7,20.8
Bangalore,Hyderabad,751,0.56,80.4,52.9,15.2,Economy,Road,403.55,46.2
Kolkata,Pune,1165,21.32,65.6,95.4,23.1,Economy,Road,1292.32,61.7
Mumbai,Chennai,1808,25.72,95.3,45.1,39.0,Normal,Road,3150.53,55.1
Bangalore,Delhi,1766,43.14,61.0,50.5,63.4,Economy,Air,15210.64,15.2
Chennai,Delhi,351,70.21,86.8,41.5,56.2,Economy,Rail,613.76,20.0
Ahmedabad,Chennai,1240,38.31,96.5,77.1,13.2,Normal,Air,10907.13,23.0
Mumbai,Bangalore,1816,38.3,37.1,62.3,49.6,Normal,Rail,2108.55,44.5
Pune,Chennai,498,1.52,17.2,87.0,79.2,Express,Rail,485.41,14.9
Pune,Ahmedabad,1794,92.54,67.1,9.6,60.6,Express,Air,62145.46,12.6
Delhi,Chennai,365,29.38,36.5,15.4,19.7,Economy,Road,427.42,24.7
Delhi,Pune,1532,37.98,33.7,26.2,87.2,Express,Rail,2476.29,35.7
Mumbai,Chennai,1808,16.86,17.5,98.0,62.5,Economy,Rail,929.5,60.5
Hyderabad,Ahmedabad,1078,54.58,44.8,8.2,46.4,Express,Rail,2418.35,33.1
Hyderabad,Bangalore,1863,40.43,92.3,91.1,88.2,Economy,Road,10306.08,88.1
Ahmedabad,Hyderabad,1430,99.65,40.5,30.0,11.3,Express,Road,10862.99,27.9
Bangalore,Mumbai,707,30.38,75.9,42.1,40.3,Express,Road,1486.14,28.5
Chennai,Delhi,351,88.1,18.0,92.5,86.8,Economy,Road,1277.5,21.4
Delhi,Bangalore,747,55.53,64.6,86.6,11.7,Express,Road,3333.72,31.4
Ahmedabad,Kolkata,461,98.99,11.9,20.6,64.6,Normal,Air,11093.09,10.1
Chennai,Pune,757,43.47,87.7,79.2,7.6,Express,Air,13403.22,17.2
Bangalore,Hyderabad,751,90.8,50.5,95.2,53.4,Normal,Air,18315.61,10.4
Kolkata,Bangalore,1854,77.42,46.1,7.9,11.3,Economy,Air,30955.98,22.0
Hyderabad,Delhi,740,39.63,49.1,81.6,92.1,Normal,Air,13940.68,22.7
Ahmedabad,Kolkata,461,49.03,77.0,84.8,61.0,Express,Air,14061.18,16.1
Ahmedabad,Delhi,555,9.55,51.5,37.5,54.1,Express,Road,826.59,18.7
Kolkata,Ahmedabad,996,51.6,34.7,91.1,91.2,Express,Road,4176.69,37.3
Pune,Delhi,1004,26.76,45.3,67.6,78.0,Economy,Air,9199.27,14.4
Hyderabad,Mumbai,618,79.9,60.3,21.5,73.8,Normal,Air,11719.98,17.9
Hyderabad,Mumbai,618,88.78,81.9,40.6,42.2,Express,Rail,2682.53,18.0
Kolkata,Ahmedabad,996,7.67,16.8,40.8,57.3,Normal,Road,357.27,35.5
Ahmedabad,Bangalore,1075,93.51,57.3,83.0,53.6,Normal,Road,4790.64,46.0
Ahmedabad,Kolkata,461,11.25,46.5,34.7,18.3,Economy,Rail,130.95,17.5
Mumbai,Delhi,1685,11.19,55.8,17.1,14.1,Express,Air,6962.17,19.3
Chennai,Ahmedabad,585,11.59,97.8,73.4,32.0,Economy,Road,1014.95,41.4
Hyderabad,Pune,489,24.02,7.2,60.5,77.4,Economy,Rail,265.16,35.6
Mumbai,Kolkata,1416,74.18,98.0,30.6,51.2,Economy,Road,4491.78,63.3
Delhi,Mumbai,361,91.8,31.5,5.3,68.8,Normal,Air,8882.95,13.7
Bangalore,Chennai,1449,84.8,43.8,47.2,19.3,Normal,Air,32259.0,21.9
Bangalore,Hyderabad,751,49.41,80.0,54.8,35.6,Normal,Air,9491.28,17.7
Hyderabad,Mumbai,618,70.49,62.1,71.4,40.9,Normal,Road,2055.26,24.5
Kolkata,Mumbai,1957,38.25,88.4,96.3,70.2,Express,Road,18053.17,49.5
Chennai,Bangalore,1818,57.38,39.2,6.9,46.4,Normal,Rail,2872.55,37.4
Hyderabad,Delhi,740,48.11,21.0,86.1,66.3,Express,Air,14178.64,24.7
Hyderabad,Chennai,869,76.19,13.5,92.0,13.8,Express,Air,22594.18,23.8
Ahmedabad,Mumbai,1398,29.67,86.6,31.5,92.0,Economy,Rail,1620.63,43.7
Mumbai,Kolkata,1416,5.69,67.2,79.5,95.6,Express,Road,10388.55,37.1
Delhi,Mumbai,361,2.21,96.3,62.3,12.3,Economy,Rail,135.98,14.9
Ahmedabad,Kolkata,461,76.21,73.7,19.5,93.6,Economy,Road,1356.26,25.6
Chennai,Kolkata,863,50.7,10.4,17.8,9.6,Economy,Road,1659.83,44.4
Kolkata,Bangalore,1854,24.96,21.6,15.4,28.6,Express,Air,18236.78,13.9
Chennai,Delhi,351,46.35,80.9,69.4,42.5,Express,Air,6160.8,23.7
Hyderabad,Pune,489,60.75,73.2,76.2,76.4,Express,Rail,1750.53,12.6
Chennai,Mumbai,528,7.8,99.5,85.0,16.0,Normal,Rail,418.06,18.9
Bangalore,Pune,1219,2.1,46.4,65.7,19.0,Express,Air,4914.0,13.7
Delhi,Chennai,365,90.1,90.8,29.0,42.9,Express,Rail,1441.88,10.6
Chennai,Mumbai,528,94.8,90.2,92.7,33.1,Economy,Rail,1192.92,30.0
Pune,Chennai,498,60.02,38.7,53.7,50.3,Normal,Road,1450.41,34.1
Delhi,Chennai,365,99.21,18.9,72.6,30.6,Economy,Air,6834.87,5.6
Pune,Delhi,1004,79.95,48.7,64.1,32.1,Economy,Air,16328.87,22.4
Pune,Ahmedabad,1794,51.64,68.3,57.1,76.1,Express,Road,8782.96,49.7
Hyderabad,Ahmedabad,1078,71.57,74.5,65.3,18.7,Economy,Road,3158.24,47.0
Chennai,Delhi,351,1.71,17.6,44.7,23.4,Economy,Rail,50.0,30.7
Chennai,Ahmedabad,585,16.76,8.6,74.1,79.8,Economy,Rail,254.85,31.1
Mumbai,Chennai,1808,67.11,82.1,37.6,74.2,Normal,Rail,3971.78,43.8
Hyderabad,Ahmedabad,1078,66.66,55.0,68.4,84.4,Express,Air,27931.43,21.2
Bangalore,Mumbai,707,81.59,46.2,30.9,94.3,Normal,Rail,1894.15,18.0
Kolkata,Pune,1165,86.38,15.1,19.1,26.2,Economy,Road,3996.61,46.6
Hyderabad,Bangalore,1863,74.38,44.8,36.5,12.7,Economy,Air,27609.64,11.4
Hyderabad,Chennai,869,43.84,82.4,19.6,50.0,Economy,Rail,994.35,28.8
Ahmedabad,Bangalore,1075,59.05,43.5,85.7,32.2,Express,Road,4604.85,35.1
Mumbai,Chennai,1808,8.67,80.6,5.8,56.3,Normal,Road,851.86,65.8
Delhi,Chennai,365,0.71,21.9,17.7,98.5,Normal,Air,722.69,11.9
Mumbai,Chennai,1808,16.94,34.4,14.5,99.6,Economy,Road,1253.12,80.0
Delhi,Bangalore,747,82.51,51.6,30.4,32.7,Express,Road,4929.38,17.8
Kolkata,Mumbai,1957,64.52,71.5,14.1,62.6,Express,Rail,5150.16,41.7
Ahmedabad,Pune,900,45.52,95.4,34.1,67.1,Normal,Rail,1304.49,37.9
Kolkata,Hyderabad,1729,33.0,27.9,19.1,19.7,Economy,Road,2322.3,66.0
Ahmedabad,Mumbai,1398,15.36,12.0,78.2,70.3,Express,Road,1680.92,30.6
Kolkata,Hyderabad,1729,21.37,50.0,8.2,19.9,Economy,Rail,809.81,60.2
Kolkata,Bangalore,1854,19.06,52.3,67.5,42.8,Express,Rail,2495.76,41.9
Pune,Hyderabad,1952,31.82,92.0,58.8,71.5,Economy,Road,6588.84,85.7
Hyderabad,Mumbai,618,4.68,18.3,53.7,52.1,Normal,Road,330.38,34.6
Hyderabad,Ahmedabad,1078,34.62,63.4,37.0,14.9,Express,Road,2637.28,35.4
Kolkata,Ahmedabad,996,39.37,55.2,61.1,93.0,Economy,Rail,1580.45,30.8
Kolkata,Ahmedabad,996,99.68,48.4,32.0,6.7,Express,Air,40693.55,21.9
Pune,Bangalore,1536,91.45,62.8,26.9,34.9,Express,Road,10428.15,42.8
Chennai,Pune,757,23.33,90.9,29.1,30.2,Express,Road,1202.85,27.4
Pune,Chennai,498,43.29,96.1,81.2,31.0,Express,Rail,979.33,24.9
Kolkata,Pune,1165,60.22,9.9,98.9,25.3,Express,Air,25190.8,10.2
Pune,Kolkata,841,72.71,21.8,67.3,6.4,Normal,Road,2952.75,33.6
Mumbai,Ahmedabad,1164,93.14,74.4,21.1,32.8,Normal,Rail,3032.49,37.7
Hyderabad,Chennai,869,76.63,32.4,99.8,70.7,Express,Road,4571.06,20.6
Chennai,Mumbai,528,7.07,78.2,77.1,30.7,Economy,Road,823.27,33.2
Ahmedabad,Kolkata,461,12.65,68.5,31.4,12.9,Economy,Rail,130.9,27.1
Kolkata,Hyderabad,1729,2.31,91.8,81.4,80.4,Economy,Road,7748.86,77.2
Bangalore,Ahmedabad,1506,99.12,76.9,38.4,37.3,Normal,Rail,4123.18,45.4
Bangalore,Mumbai,707,19.42,65.6,78.5,76.0,Economy,Air,10463.07,24.4
Ahmedabad,Kolkata,461,77.2,41.8,66.0,23.9,Economy,Road,1410.16,26.7
Hyderabad,Ahmedabad,1078,34.2,76.2,5.7,34.9,Normal,Road,1708.47,39.2
Mumbai,Kolkata,1416,14.01,52.0,99.6,74.0,Normal,Road,5562.59,52.8
Hyderabad,Mumbai,618,31.55,83.1,32.9,86.6,Economy,Rail,725.49,34.9
Pune,Mumbai,1035,28.43,85.7,98.2,97.6,Normal,Road,8498.33,39.2
Chennai,Delhi,351,33.11,72.6,87.6,93.5,Express,Air,16754.52,6.4
Kolkata,Pune,1165,33.71,89.4,22.3,25.2,Economy,Road,1429.22,61.3
Mumbai,Pune,1509,71.42,93.8,87.7,56.9,Express,Air,50829.33,21.3
Chennai,Delhi,351,91.92,44.9,67.5,30.6,Economy,Road,1179.25,30.1
Mumbai,Bangalore,1816,4.73,81.9,43.6,15.2,Economy,Air,4289.35,14.8
Hyderabad,Mumbai,618,18.92,92.2,71.6,14.9,Economy,Rail,275.35,23.5
Bangalore,Ahmedabad,1506,1.03,54.7,31.0,80.5,Economy,Rail,996.15,42.6
Pune,Mumbai,1035,82.59,32.8,17.9,97.5,Normal,Air,20462.63,23.1
Mumbai,Hyderabad,478,42.31,66.6,52.3,97.9,Normal,Air,7646.58,7.5
Delhi,Pune,1532,64.26,16.4,68.7,17.6,Economy,Road,4330.18,78.9
Pune,Mumbai,1035,96.54,31.3,15.7,5.3,Economy,Air,18428.14,15.5
Hyderabad,Mumbai,618,44.98,19.0,66.6,16.7,Normal,Rail,913.53,24.4
Kolkata,Bangalore,1854,66.48,86.5,18.9,42.0,Economy,Air,26416.34,19.5
Kolkata,Bangalore,1854,5.37,5.3,49.0,10.8,Economy,Air,1974.77,17.6
Kolkata,Mumbai,1957,28.7,21.8,78.1,50.0,Express,Road,4285.3,50.1
Ahmedabad,Mumbai,1398,69.0,31.2,50.3,42.1,Economy,Rail,2185.7,42.1
Bangalore,Hyderabad,751,48.85,25.8,95.1,53.4,Economy,Road,1399.27,36.5
Mumbai,Delhi,1685,86.27,54.1,34.5,43.4,Economy,Air,31731.16,26.6
Kolkata,Pune,1165,24.81,96.0,93.5,86.3,Express,Air,73393.32,25.2
Chennai,Mumbai,528,95.88,36.1,70.5,57.6,Express,Rail,2050.96,12.0
Kolkata,Hyderabad,1729,76.53,28.9,81.4,60.7,Express,Rail,6156.67,37.3
Hyderabad,Chennai,869,38.3,64.3,89.6,35.8,Normal,Rail,1069.25,24.4
Bangalore,Ahmedabad,1506,95.77,6.6,12.2,58.7,Economy,Road,5666.19,64.7
Mumbai,Chennai,1808,68.26,97.7,46.9,17.9,Express,Road,8734.89,38.2
Pune,Chennai,498,99.14,66.1,89.5,89.8,Economy,Rail,1377.48,18.6
Kolkata,Pune,1165,60.03,75.9,94.1,27.9,Normal,Air,16704.25,21.3
Chennai,Pune,757,49.21,99.3,80.6,89.3,Economy,Road,4331.55,42.4
Chennai,Bangalore,1818,69.79,93.8,76.6,57.8,Economy,Road,6328.68,90.2
Kolkata,Mumbai,1957,17.62,19.9,75.1,74.6,Economy,Road,1639.92,75.6
Ahmedabad,Mumbai,1398,62.06,8.0,73.9,73.8,Normal,Air,22803.05,23.6
Pune,Mumbai,1035,68.95,84.2,20.1,40.9,Economy,Rail,1553.48,45.1
Pune,Chennai,498,8.94,20.0,12.0,44.4,Normal,Road,231.5,29.9
Hyderabad,Bangalore,1863,16.16,99.7,55.6,58.9,Normal,Rail,3410.32,46.0
Hyderabad,Delhi,740,60.82,93.0,80.8,84.4,Economy,Rail,2160.61,32.8
Mumbai,Pune,1509,58.35,80.7,17.0,10.1,Express,Air,33240.32,17.5
Pune,Hyderabad,1952,58.28,75.1,17.8,54.2,Express,Road,9042.32,37.4
Mumbai,Ahmedabad,1164,54.13,12.9,54.9,13.9,Normal,Rail,1908.71,25.6
Ahmedabad,Pune,900,83.87,18.3,80.1,71.4,Economy,Air,14033.26,15.1
Mumbai,Hyderabad,478,76.13,48.8,69.7,99.3,Normal,Road,1649.6,15.3
Chennai,Pune,757,81.05,7.9,35.6,77.0,Express,Air,21080.28,14.7
Mumbai,Bangalore,1816,78.47,56.2,40.3,79.8,Express,Air,48370.44,13.4
Pune,Hyderabad,1952,11.96,91.9,66.3,76.5,Normal,Road,8343.41,67.9
Ahmedabad,Delhi,555,49.37,91.5,12.3,21.7,Normal,Air,7016.76,12.6
Chennai,Kolkata,863,43.75,7.5,61.9,5.3,Normal,Road,1841.71,27.9
Kolkata,Ahmedabad,996,15.42,40.9,16.7,44.2,Normal,Air,3630.59,19.1
Hyderabad,Delhi,740,82.25,79.6,40.7,9.0,Express,Road,4679.01,20.0
Pune,Kolkata,841,85.67,58.0,63.7,79.7,Economy,Air,15212.64,23.9
Delhi,Mumbai,361,6.92,30.4,9.5,16.6,Normal,Rail,79.96,20.7
Chennai,Delhi,351,62.75,29.6,86.4,21.9,Normal,Rail,711.04,13.4
Bangalore,Kolkata,1159,64.95,43.0,28.0,68.9,Economy,Air,14754.55,22.1
Kolkata,Bangalore,1854,30.11,7.0,88.5,76.9,Economy,Rail,1399.33,62.2
Mumbai,Delhi,1685,96.1,28.9,48.9,8.9,Normal,Rail,5290.64,36.0
Hyderabad,Pune,489,29.42,88.0,22.7,79.9,Express,Air,5700.32,8.4
Bangalore,Pune,1219,91.19,7.2,13.0,40.8,Normal,Rail,3576.98,43.6
Chennai,Pune,757,22.97,15.4,27.9,71.3,Express,Road,1390.3,31.2
Delhi,Bangalore,747,61.2,71.2,69.0,37.3,Normal,Air,11747.01,11.5
Bangalore,Mumbai,707,21.29,77.7,38.7,83.7,Normal,Air,8568.01,13.4
Bangalore,Pune,1219,14.57,14.7,14.0,62.0,Express,Rail,834.6,29.9
Bangalore,Mumbai,707,59.54,64.9,23.8,25.6,Normal,Air,10151.2,23.0
Chennai,Hyderabad,801,8.15,13.0,76.3,77.3,Normal,Rail,404.71,35.5
Pune,Ahmedabad,1794,55.48,87.1,89.7,6.0,Economy,Road,4236.32,78.6
Mumbai,Delhi,1685,77.97,15.6,17.2,61.7,Economy,Road,5453.19,77.8
Ahmedabad,Delhi,555,73.06,83.2,61.6,96.2,Normal,Road,2945.56,26.2
Hyderabad,Mumbai,618,88.65,12.2,62.4,81.8,Express,Air,21661.72,15.6
Bangalore,Mumbai,707,40.0,50.3,84.6,60.7,Normal,Road,1705.88,41.3
Delhi,Chennai,365,24.39,31.1,37.1,12.3,Normal,Road,462.51,19.7
Pune,Hyderabad,1952,4.76,39.8,7.0,80.2,Economy,Rail,242.42,71.4
Chennai,Kolkata,863,69.52,16.1,17.2,79.1,Economy,Road,2612.86,39.9
Bangalore,Delhi,1766,39.36,89.0,13.4,87.8,Economy,Rail,1552.79,54.2
Bangalore,Chennai,1449,95.3,77.9,29.1,37.4,Economy,Rail,3320.17,49.4
Ahmedabad,Hyderabad,1430,84.82,45.3,58.3,90.7,Express,Road,9977.38,36.5
Chennai,Ahmedabad,585,24.59,90.2,5.5,55.1,Normal,Road,696.62,35.1
Delhi,Bangalore,747,5.09,27.2,40.6,73.8,Economy,Road,503.31,45.6
Chennai,Kolkata,863,37.14,58.6,72.2,81.3,Normal,Air,13897.83,25.5
Kolkata,Ahmedabad,996,80.83,43.3,61.8,59.4,Express,Rail,3815.99,23.3
Kolkata,Pune,1165,55.49,62.4,62.0,74.3,Express,Rail,2766.58,20.6
Hyderabad,Kolkata,989,38.72,95.4,28.6,36.4,Economy,Rail,831.06,34.9
Bangalore,Mumbai,707,89.11,15.3,84.7,81.7,Economy,Rail,1596.85,31.2
Chennai,Bangalore,1818,62.41,7.2,58.0,19.7,Express,Road,8436.73,53.1
Ahmedabad,Mumbai,1398,75.05,34.4,94.6,73.8,Express,Air,37144.77,18.1
Hyderabad,Ahmedabad,1078,24.77,95.3,18.2,90.2,Economy,Rail,862.63,52.3
Mumbai,Ahmedabad,1164,90.27,58.8,46.2,7.8,Economy,Rail,2567.43,45.8
Pune,Hyderabad,1952,26.97,79.4,41.3,40.9,Normal,Air,12036.86,8.5
Ahmedabad,Pune,900,42.88,68.8,70.1,18.8,Economy,Air,7430.8,25.1
Mumbai,Delhi,1685,84.41,78.8,42.9,19.2,Express,Rail,6848.11,40.7
Chennai,Pune,757,95.94,50.4,26.3,5.6,Express,Rail,3333.82,21.3
Chennai,Ahmedabad,585,83.45,77.5,52.9,12.1,Express,Road,3891.53,33.3
Chennai,Ahmedabad,585,94.56,40.6,10.3,66.6,Economy,Rail,1362.1,32.1
Chennai,Bangalore,1818,41.08,21.8,64.8,23.6,Express,Rail,3456.25,26.8
Hyderabad,Mumbai,618,63.93,30.7,90.1,46.9,Express,Rail,1739.04,29.4
Delhi,Hyderabad,1334,40.62,87.0,68.8,61.6,Normal,Road,4973.19,52.1
Ahmedabad,Bangalore,1075,92.35,98.3,58.7,93.6,Economy,Rail,2520.86,46.7
Kolkata,Chennai,869,97.04,23.9,48.1,13.5,Economy,Rail,1966.34,31.6
Pune,Chennai,498,46.99,93.1,49.1,24.5,Economy,Air,4307.34,5.5
Mumbai,Ahmedabad,1164,75.16,27.6,53.8,68.6,Economy,Rail,2097.88,40.4
Mumbai,Ahmedabad,1164,22.22,12.1,68.4,33.2,Normal,Air,5883.02,23.8
Hyderabad,Chennai,869,14.51,42.6,53.5,97.4,Economy,Rail,884.35,32.6
Bangalore,Hyderabad,751,25.39,14.7,49.7,15.3,Economy,Rail,479.68,33.0
Delhi,Chennai,365,1.89,20.3,13.8,51.7,Express,Air,422.43,8.3
Pune,Mumbai,1035,57.47,37.3,83.8,79.5,Express,Air,22028.65,22.9
Bangalore,Pune,1219,82.34,28.1,15.9,54.0,Express,Air,41372.89,12.4
Ahmedabad,Hyderabad,1430,2.78,79.6,60.9,73.3,Normal,Rail,3158.96,39.3
Chennai,Bangalore,1818,86.16,52.2,90.5,54.2,Economy,Road,6096.49,76.2
Mumbai,Hyderabad,478,84.15,22.1,64.8,36.1,Economy,Road,1767.32,35.8
Chennai,Pune,757,33.84,98.9,94.0,70.2,Normal,Air,22974.28,18.4
Delhi,Chennai,365,98.18,18.2,58.9,97.0,Express,Road,2718.6,24.1
Bangalore,Ahmedabad,1506,62.53,56.5,79.4,87.5,Economy,Road,5100.19,61.9
Chennai,Kolkata,863,69.33,26.8,85.0,46.1,Express,Air,23409.57,24.5
Delhi,Ahmedabad,354,88.31,37.1,74.9,53.7,Express,Road,2413.69,19.0
Ahmedabad,Pune,900,75.24,8.4,67.2,13.7,Economy,Road,2922.73,44.9
Bangalore,Kolkata,1159,77.03,67.4,7.5,63.5,Normal,Rail,2828.45,26.4
Ahmedabad,Bangalore,1075,61.24,51.8,56.5,86.4,Express,Rail,2965.92,20.2
Delhi,Ahmedabad,354,51.85,23.6,99.4,8.6,Express,Air,6632.89,12.5
Delhi,Hyderabad,1334,62.71,27.6,9.9,30.6,Economy,Air,18051.83,27.8
Pune,Hyderabad,1952,62.14,70.1,59.1,7.9,Economy,Road,4638.02,93.4
Hyderabad,Pune,489,37.77,28.9,93.8,42.4,Express,Rail,780.61,25.8
Kolkata,Mumbai,1957,64.01,65.2,17.6,55.6,Express,Rail,5963.46,32.8
Bangalore,Kolkata,1159,96.07,92.8,93.8,37.3,Economy,Rail,2447.6,40.6
Hyderabad,Ahmedabad,1078,98.94,50.9,91.8,37.6,Economy,Air,19931.51,12.0
Bangalore,Delhi,1766,53.21,79.3,40.2,26.2,Express,Road,7132.14,41.5
Ahmedabad,Kolkata,461,26.65,41.7,85.8,35.8,Express,Rail,581.16,15.4
Kolkata,Mumbai,1957,1.26,34.1,64.2,88.4,Express,Air,25987.73,25.2
Ahmedabad,Mumbai,1398,5.17,54.5,71.9,60.3,Normal,Road,3029.81,45.9
Mumbai,Delhi,1685,29.72,15.2,83.6,24.2,Economy,Air,9361.64,13.5
Pune,Bangalore,1536,72.92,95.3,14.3,80.9,Normal,Rail,3054.91,37.3
Delhi,Hyderabad,1334,86.49,81.2,31.9,78.1,Economy,Road,4870.17,58.5
Mumbai,Hyderabad,478,59.38,49.9,10.7,74.6,Economy,Rail,614.0,20.3
Hyderabad,Bangalore,1863,16.7,18.0,36.4,81.9,Normal,Rail,850.92,49.4
Pune,Ahmedabad,1794,75.55,56.2,31.6,86.9,Economy,Rail,3386.97,68.6
Kolkata,Ahmedabad,996,63.4,74.6,45.1,39.6,Normal,Air,16865.07,15.9
Kolkata,Ahmedabad,996,91.09,96.9,82.2,45.7,Normal,Road,4206.15,48.3
Chennai,Mumbai,528,80.26,40.4,26.8,66.5,Economy,Road,1850.52,39.9
Mumbai,Pune,1509,32.93,35.2,24.8,35.8,Normal,Road,2495.39,51.2
Delhi,Hyderabad,1334,10.49,33.8,85.9,54.9,Normal,Rail,1297.87,38.2
Ahmedabad,Pune,900,69.19,94.0,45.2,90.4,Normal,Air,18837.81,8.8
Chennai,Mumbai,528,36.95,54.0,75.2,20.9,Normal,Rail,551.24,24.1
Delhi,Hyderabad,1334,54.56,82.6,75.0,23.1,Economy,Road,2736.75,67.3
Chennai,Hyderabad,801,30.83,13.8,40.8,5.8,Economy,Air,4686.83,9.5
Ahmedabad,Delhi,555,2.91,20.7,49.8,54.3,Economy,Air,1231.73,23.8
Ahmedabad,Bangalore,1075,32.42,75.9,39.5,64.6,Normal,Road,2031.57,51.7
Hyderabad,Mumbai,618,62.05,53.5,78.7,68.6,Normal,Rail,1242.36,29.0
Pune,Chennai,498,55.16,22.3,46.8,16.5,Normal,Road,1253.53,20.9
Bangalore,Kolkata,1159,65.71,96.8,95.9,93.0,Normal,Road,9350.69,44.8
Bangalore,Hyderabad,751,41.49,21.3,14.6,45.6,Normal,Air,8341.06,11.4
Delhi,Mumbai,361,89.72,35.9,39.6,96.6,Express,Air,11424.83,10.7
Pune,Chennai,498,49.17,66.2,75.0,88.8,Economy,Road,1864.8,40.7
Hyderabad,Delhi,740,86.61,59.9,95.5,52.3,Express,Air,22190.74,17.2
Ahmedabad,Chennai,1240,19.09,21.6,11.6,10.3,Economy,Air,5114.08,18.2
Ahmedabad,Hyderabad,1430,11.7,51.6,90.1,36.1,Express,Air,19605.19,8.6
Chennai,Pune,757,67.68,97.3,17.8,39.6,Express,Air,20607.42,8.5
Chennai,Delhi,351,76.22,51.4,82.0,70.2,Normal,Air,6692.93,13.5
Bangalore,Hyderabad,751,74.13,72.0,40.4,53.9,Economy,Road,2288.07,32.8
Chennai,Mumbai,528,2.23,97.9,27.4,41.8,Economy,Air,2536.34,7.8
Mumbai,Delhi,1685,83.6,20.5,25.0,74.2,Economy,Road,5948.99,72.3
Hyderabad,Ahmedabad,1078,2.89,33.8,50.4,67.1,Express,Air,8673.94,9.5
Chennai,Kolkata,863,41.85,49.7,25.0,61.4,Economy,Air,7898.57,7.4
Delhi,Hyderabad,1334,15.6,24.7,16.2,70.2,Express,Rail,919.63,23.1
Mumbai,Kolkata,1416,77.25,69.0,16.0,41.3,Economy,Road,4737.1,64.6
Chennai,Bangalore,1818,14.03,37.6,75.5,55.3,Normal,Road,2681.59,65.2
Chennai,Delhi,351,57.4,46.0,37.0,55.9,Express,Road,1497.56,26.8
Mumbai,Ahmedabad,1164,76.55,31.8,14.5,32.0,Express,Air,32710.93,24.1
Chennai,Kolkata,863,66.66,98.3,19.3,32.2,Economy,Road,2457.57,51.0
Hyderabad,Delhi,740,72.3,84.8,11.3,75.5,Express,Road,4257.71,29.5
Hyderabad,Mumbai,618,78.03,60.4,83.2,78.8,Economy,Rail,1085.08,27.2
Hyderabad,Kolkata,989,33.0,39.8,34.2,92.8,Economy,Road,1242.65,52.8
Delhi,Chennai,365,14.51,50.8,10.1,16.7,Express,Road,395.57,16.0
Delhi,Kolkata,776,62.13,47.1,73.5,13.1,Normal,Air,10901.85,8.0
Kolkata,Ahmedabad,996,65.18,90.6,37.5,29.8,Economy,Air,13325.94,20.7
Kolkata,Chennai,869,25.34,16.8,63.5,91.3,Normal,Rail,669.13,28.3
Pune,Ahmedabad,1794,31.17,11.2,47.1,69.3,Normal,Rail,1605.45,54.9
Kolkata,Bangalore,1854,84.24,18.0,82.0,48.9,Economy,Road,5677.64,69.8
Mumbai,Chennai,1808,21.12,81.6,75.0,44.2,Economy,Road,3872.92,87.6
Ahmedabad,Mumbai,1398,42.67,9.0,6.2,14.3,Express,Air,21771.33,17.7
Mumbai,Delhi,1685,70.58,49.0,23.6,9.0,Normal,Road,5644.89,50.4
Mumbai,Chennai,1808,81.39,32.3,97.1,95.6,Normal,Rail,4149.27,35.8
Bangalore,Chennai,1449,2.23,46.3,38.1,86.6,Express,Rail,1971.02,33.5
Ahmedabad,Chennai,1240,20.85,58.3,36.7,100.0,Economy,Air,10405.69,26.3
Ahmedabad,Delhi,555,83.91,89.5,46.5,19.1,Normal,Air,10627.46,7.8
Ahmedabad,Chennai,1240,3.69,98.1,43.3,45.4,Normal,Rail,1471.18,24.1
Mumbai,Chennai,1808,44.97,51.1,49.4,91.8,Economy,Road,3518.74,73.3
Mumbai,Pune,1509,71.63,76.9,86.5,65.0,Normal,Air,29379.85,26.8
Mumbai,Delhi,1685,78.55,9.0,63.0,52.7,Express,Rail,6130.67,34.0
Pune,Ahmedabad,1794,60.81,99.0,65.7,66.6,Economy,Rail,3797.64,66.8
Pune,Kolkata,841,55.88,32.8,44.0,41.3,Economy,Road,1773.14,35.2
Ahmedabad,Kolkata,461,26.98,27.2,21.5,35.6,Economy,Road,521.09,36.3
Kolkata,Ahmedabad,996,57.06,15.8,63.0,81.7,Economy,Air,12099.59,24.5
Delhi,Chennai,365,21.83,9.8,48.8,90.9,Economy,Road,292.52,19.6
Chennai,Hyderabad,801,80.42,64.6,14.0,93.4,Express,Road,4575.38,33.6
Ahmedabad,Mumbai,1398,89.8,12.9,47.2,7.1,Express,Air,48263.64,24.7
Chennai,Pune,757,82.12,11.7,56.9,42.9,Normal,Rail,1878.04,18.2
Hyderabad,Kolkata,989,51.56,93.1,59.3,46.8,Express,Rail,2271.12,17.9
Chennai,Delhi,351,54.24,44.8,35.4,68.3,Economy,Road,743.29,28.0
Mumbai,Pune,1509,64.97,13.0,20.0,89.6,Express,Air,35076.77,19.4
Delhi,Bangalore,747,72.76,42.2,94.6,68.7,Normal,Air,13955.86,17.2
Bangalore,Hyderabad,751,12.23,90.9,13.4,60.2,Economy,Rail,260.48,33.8
Bangalore,Mumbai,707,49.01,69.0,81.8,57.6,Economy,Rail,1152.46,36.7
Ahmedabad,Kolkata,461,79.89,81.5,68.7,42.8,Normal,Air,8369.76,13.4
Kolkata,Pune,1165,61.18,41.5,28.6,30.2,Express,Rail,2903.06,23.7
Mumbai,Bangalore,1816,1.66,58.3,14.7,18.5,Normal,Air,1514.48,16.0
Delhi,Chennai,365,50.5,59.5,80.0,26.1,Express,Rail,834.89,20.5
Pune,Mumbai,1035,98.51,42.5,19.4,98.8,Express,Rail,4681.65,15.5
Mumbai,Chennai,1808,30.34,25.4,83.8,60.7,Express,Road,3997.06,49.3
Delhi,Pune,1532,87.38,72.9,15.3,25.3,Express,Rail,6499.2,40.9
Chennai,Delhi,351,32.46,53.5,43.1,79.1,Express,Road,1039.04,29.1
Kolkata,Bangalore,1854,14.89,16.8,14.2,35.2,Economy,Road,1147.75,86.1
Pune,Bangalore,1536,84.59,49.7,75.3,90.2,Express,Road,10275.66,34.0
Chennai,Kolkata,863,54.33,91.2,5.3,43.1,Express,Road,3233.01,23.3
Mumbai,Pune,1509,23.03,36.0,22.5,42.5,Normal,Rail,1052.14,40.5
Bangalore,Hyderabad,751,97.54,42.6,63.8,46.8,Express,Rail,3340.68,30.4
Hyderabad,Delhi,740,59.04,98.0,81.3,9.7,Economy,Air,8099.65,9.9
Ahmedabad,Delhi,555,25.02,93.2,89.5,9.2,Economy,Road,552.61,39.1
Bangalore,Pune,1219,59.8,76.5,57.7,42.5,Normal,Rail,2076.91,39.2
Mumbai,Kolkata,1416,58.14,36.1,62.0,41.0,Economy,Road,2980.06,70.2
Delhi,Ahmedabad,354,53.27,60.1,22.0,32.9,Normal,Rail,586.37,27.7
Pune,Bangalore,1536,50.0,9.8,80.0,29.9,Economy,Rail,1774.91,55.0
Ahmedabad,Delhi,555,53.98,7.8,47.8,95.5,Normal,Road,1405.76,30.1
Pune,Mumbai,1035,24.63,79.3,29.5,43.4,Normal,Road,1364.92,36.6
Kolkata,Chennai,869,11.29,65.1,62.3,38.0,Economy,Road,1113.17,40.9
Delhi,Chennai,365,17.9,32.9,96.5,80.8,Normal,Rail,583.59,18.1
Hyderabad,Kolkata,989,7.2,7.6,12.5,31.7,Economy,Road,277.57,54.7
Kolkata,Ahmedabad,996,79.79,65.7,99.4,5.6,Express,Road,5493.44,41.4
Ahmedabad,Hyderabad,1430,49.71,58.1,23.6,12.5,Express,Air,28696.13,24.6
Chennai,Pune,757,27.68,17.8,73.2,80.3,Economy,Air,4452.25,20.7
Delhi,Chennai,365,20.79,28.9,74.9,89.0,Normal,Road,693.34,28.1
Chennai,Bangalore,1818,55.63,97.5,65.4,40.0,Normal,Air,23639.52,20.8
Bangalore,Kolkata,1159,32.77,29.1,80.7,98.1,Normal,Road,2419.83,40.6
Hyderabad,Delhi,740,65.39,37.2,18.8,23.7,Economy,Road,1796.16,48.7
Ahmedabad,Delhi,555,77.09,63.4,75.0,97.8,Express,Air,20261.0,13.9
Pune,Ahmedabad,1794,21.02,68.1,66.3,69.5,Economy,Rail,2523.66,62.7
Pune,Hyderabad,1952,17.39,11.9,50.1,72.9,Express,Air,11611.27,19.1
Pune,Mumbai,1035,82.76,29.2,72.9,23.5,Normal,Air,23531.28,12.8
Delhi,Ahmedabad,354,62.6,26.8,85.5,88.7,Economy,Road,949.85,34.0
Mumbai,Kolkata,1416,7.38,87.9,46.9,53.0,Express,Road,4958.74,31.5
Kolkata,Delhi,313,91.72,95.8,29.9,45.6,Express,Road,2290.69,23.7
Ahmedabad,Kolkata,461,62.14,47.8,79.5,15.2,Express,Air,11066.68,19.2
Hyderabad,Mumbai,618,64.54,16.7,56.0,96.2,Express,Air,14225.61,12.6
Pune,Kolkata,841,53.01,78.8,89.1,77.6,Express,Road,6606.53,29.8
Delhi,Pune,1532,48.19,31.1,47.7,18.1,Normal,Road,3349.11,53.7
Pune,Hyderabad,1952,25.64,30.4,90.9,84.0,Express,Road,6922.13,40.6
Mumbai,Ahmedabad,1164,97.59,98.6,67.7,52.5,Normal,Road,6183.76,53.2
Chennai,Hyderabad,801,58.02,92.8,20.9,16.5,Economy,Road,1741.89,32.1
Mumbai,Hyderabad,478,52.44,48.8,41.0,9.3,Economy,Air,5355.44,22.8
Ahmedabad,Hyderabad,1430,38.93,6.1,12.9,33.1,Normal,Rail,1769.25,45.2
Bangalore,Kolkata,1159,29.29,35.3,28.2,94.6,Express,Air,13379.7,11.2
Delhi,Mumbai,361,31.83,43.8,98.3,35.1,Express,Road,781.63,25.4
Chennai,Bangalore,1818,83.61,43.4,22.3,40.2,Normal,Rail,4972.77,43.6
Mumbai,Delhi,1685,2.44,70.5,46.4,97.4,Express,Rail,4756.5,22.3
Pune,Delhi,1004,30.26,13.2,13.6,84.9,Economy,Rail,656.46,35.3
Pune,Kolkata,841,81.89,92.0,30.5,63.8,Economy,Air,14091.18,17.7
Bangalore,Ahmedabad,1506,42.26,24.2,57.6,40.9,Express,Air,24174.7,13.8
Ahmedabad,Pune,900,2.03,27.2,46.2,57.8,Express,Air,4528.52,18.9
Ahmedabad,Pune,900,61.63,39.6,40.2,61.2,Economy,Rail,1318.84,33.7
Pune,Chennai,498,69.47,27.5,7.1,13.3,Normal,Air,9105.68,22.0
Delhi,Bangalore,747,1.96,97.9,57.6,5.6,Express,Rail,230.75,29.2
Hyderabad,Delhi,740,51.29,97.3,16.2,51.2,Normal,Air,8710.98,15.3
Pune,Kolkata,841,18.9,12.1,56.5,80.7,Express,Air,5536.97,19.3
Pune,Mumbai,1035,43.86,21.8,18.4,94.6,Normal,Air,11547.68,22.3
Kolkata,Hyderabad,1729,73.28,30.3,17.5,83.2,Normal,Air,30368.03,24.1
Hyderabad,Bangalore,1863,78.06,17.0,85.3,18.4,Normal,Rail,4651.16,36.7
Chennai,Ahmedabad,585,63.4,25.9,71.9,37.5,Normal,Road,1839.38,20.5
Ahmedabad,Mumbai,1398,50.56,92.4,63.0,89.3,Normal,Road,6625.44,51.9
Delhi,Mumbai,361,69.04,73.1,27.8,17.9,Normal,Road,1218.63,32.3
Hyderabad,Chennai,869,48.41,10.6,38.4,58.4,Express,Road,2897.33,38.9
Delhi,Pune,1532,46.65,81.7,98.2,67.4,Normal,Road,8163.95,45.1
Hyderabad,Mumbai,618,94.73,86.9,46.9,83.0,Economy,Road,2128.09,43.2
Hyderabad,Ahmedabad,1078,1.96,95.9,29.4,71.6,Express,Road,3510.59,29.4
Hyderabad,Ahmedabad,1078,29.66,82.0,18.4,58.9,Normal,Rail,977.06,39.5
Pune,Delhi,1004,13.58,29.4,95.9,77.8,Normal,Air,10104.42,20.5
Delhi,Bangalore,747,20.62,34.5,56.1,25.3,Express,Road,1047.92,19.7
Pune,Mumbai,1035,68.62,11.5,89.8,25.3,Express,Rail,3156.25,33.8
Bangalore,Delhi,1766,87.2,19.4,55.3,43.5,Normal,Air,38001.56,16.7
Bangalore,Hyderabad,751,99.65,89.6,93.4,52.8,Express,Rail,3682.67,17.0
Kolkata,Bangalore,1854,91.54,56.3,36.4,10.0,Normal,Rail,5299.89,43.2
Hyderabad,Delhi,740,8.47,96.3,20.1,58.6,Express,Road,1282.74,23.7
Hyderabad,Chennai,869,4.73,64.7,34.4,7.6,Express,Road,332.29,19.7
Mumbai,Bangalore,1816,78.0,94.4,14.0,98.7,Economy,Road,5471.62,88.2
Pune,Chennai,498,68.83,21.8,65.2,43.6,Express,Rail,1671.86,28.0
Kolkata,Hyderabad,1729,94.08,69.8,99.8,89.8,Express,Road,15192.61,52.4
Hyderabad,Pune,489,96.22,6.0,86.7,77.2,Express,Road,3231.7,16.2
Delhi,Ahmedabad,354,96.68,67.2,70.2,29.7,Express,Air,12423.02,5.4
Ahmedabad,Chennai,1240,76.62,71.9,85.2,49.1,Express,Road,7739.54,38.4
Hyderabad,Ahmedabad,1078,3.29,26.9,76.3,11.2,Economy,Rail,113.9,36.2
Kolkata,Pune,1165,72.28,24.3,90.2,16.3,Normal,Rail,2337.26,25.9
Chennai,Kolkata,863,61.35,97.4,32.0,11.8,Normal,Air,13536.54,10.0
Hyderabad,Kolkata,989,61.85,21.6,56.8,37.9,Economy,Rail,1522.69,28.9
Pune,Chennai,498,3.81,43.7,51.3,94.4,Economy,Air,3810.25,24.4
Chennai,Ahmedabad,585,54.9,73.1,50.4,9.2,Express,Road,2647.74,28.1
Delhi,Hyderabad,1334,89.03,25.7,23.4,85.6,Normal,Air,30872.57,24.2
Chennai,Ahmedabad,585,39.57,48.6,77.1,85.4,Normal,Rail,1012.68,20.0
Chennai,Ahmedabad,585,49.58,98.6,34.7,17.4,Normal,Road,1388.11,23.6
Chennai,Hyderabad,801,19.08,95.0,71.7,19.2,Economy,Rail,485.83,22.7
Chennai,Kolkata,863,4.46,90.0,45.1,69.3,Normal,Road,2187.5,37.5
Pune,Kolkata,841,25.7,6.3,89.2,16.1,Normal,Rail,641.16,31.2
Chennai,Delhi,351,89.69,36.8,97.7,91.6,Normal,Air,7959.21,13.8
Delhi,Chennai,365,17.51,75.0,78.3,34.6,Normal,Road,701.73,22.1
Delhi,Pune,1532,1.34,71.0,48.5,38.6,Economy,Road,1549.5,84.8
Delhi,Chennai,365,90.78,15.9,81.1,85.0,Economy,Air,6960.85,8.8
Delhi,Chennai,365,64.88,62.8,67.7,11.4,Express,Road,1784.0,25.4
Hyderabad,Kolkata,989,9.9,15.1,15.6,46.5,Express,Rail,425.82,30.3
Hyderabad,Kolkata,989,75.09,70.6,49.7,71.9,Economy,Rail,1802.3,27.5
Hyderabad,Mumbai,618,48.14,77.7,71.4,86.5,Economy,Air,12999.37,9.0
Ahmedabad,Mumbai,1398,80.47,31.2,96.3,34.5,Economy,Air,20681.34,11.6
Ahmedabad,Mumbai,1398,0.62,21.9,25.3,33.0,Economy,Air,1109.7,11.3
Delhi,Chennai,365,25.57,31.4,51.3,31.5,Economy,Air,1729.11,15.6
Mumbai,Chennai,1808,42.44,95.6,39.2,62.2,Economy,Air,15206.15,21.6
Chennai,Mumbai,528,4.09,24.7,9.8,94.0,Express,Road,170.08,26.9
Ahmedabad,Delhi,555,85.12,17.1,88.2,28.2,Express,Road,3218.17,16.9
Mumbai,Bangalore,1816,33.88,9.5,29.1,23.7,Express,Road,4470.89,42.3
Ahmedabad,Bangalore,1075,46.23,42.8,60.5,63.1,Economy,Road,2094.4,58.8
Mumbai,Bangalore,1816,68.42,82.2,97.9,12.0,Normal,Rail,3999.77,50.4
Bangalore,Chennai,1449,94.44,7.8,28.6,96.7,Express,Rail,5624.53,23.8
Mumbai,Pune,1509,86.93,94.2,44.9,6.3,Economy,Rail,3088.98,64.0
Pune,Ahmedabad,1794,96.99,42.4,95.6,88.3,Economy,Rail,3953.73,51.0
Pune,Delhi,1004,36.49,33.8,32.3,77.5,Normal,Rail,1133.38,29.2
Bangalore,Hyderabad,751,30.96,78.2,73.1,58.9,Normal,Road,2428.62,26.5
Bangalore,Mumbai,707,84.73,41.6,46.2,84.2,Economy,Rail,1572.46,36.5
Delhi,Pune,1532,74.01,94.4,57.7,35.5,Express,Road,7825.85,41.2
Chennai,Kolkata,863,73.63,95.2,61.4,70.3,Economy,Air,14533.38,19.3
Kolkata,Pune,1165,71.27,67.5,59.2,41.1,Economy,Road,3360.84,68.1
Kolkata,Bangalore,1854,97.42,22.7,39.7,10.5,Express,Road,12800.97,38.9
Chennai,Pune,757,69.11,12.4,72.1,39.8,Express,Air,19616.67,24.6
Kolkata,Delhi,313,86.42,78.9,42.1,70.5,Express,Rail,1217.07,15.9
Kolkata,Hyderabad,1729,77.32,90.6,65.4,95.0,Normal,Road,9609.07,67.6
Kolkata,Bangalore,1854,38.97,74.2,78.8,41.3,Economy,Rail,2023.74,49.9
Hyderabad,Delhi,740,37.31,55.9,91.3,59.4,Express,Rail,2022.28,16.9
Pune,Kolkata,841,14.69,79.7,40.3,41.2,Normal,Rail,625.24,23.8
Ahmedabad,Pune,900,98.09,18.0,40.0,73.2,Economy,Rail,1983.82,41.1
Chennai,Hyderabad,801,95.39,66.8,60.4,28.5,Economy,Rail,1949.88,29.6
Kolkata,Mumbai,1957,71.98,10.3,58.8,25.9,Normal,Road,6485.77,75.0
Chennai,Kolkata,863,64.74,74.4,52.1,55.4,Normal,Road,2593.56,31.3
Ahmedabad,Chennai,1240,91.66,57.9,35.2,24.9,Express,Rail,5359.23,35.3
Ahmedabad,Delhi,555,27.07,69.6,89.6,52.3,Economy,Rail,815.69,36.6
Chennai,Hyderabad,801,53.14,80.7,88.2,82.9,Economy,Rail,2251.79,31.2
Hyderabad,Bangalore,1863,19.24,49.5,15.6,91.5,Express,Road,2916.82,44.6
Delhi,Pune,1532,44.21,56.0,7.3,93.9,Normal,Air,16997.26,8.1
Delhi,Bangalore,747,85.71,21.9,17.2,34.4,Normal,Rail,1983.21,20.0
Chennai,Kolkata,863,30.46,96.9,70.8,16.7,Economy,Rail,634.56,27.9
Delhi,Chennai,365,20.25,23.8,64.1,38.4,Economy,Air,1559.72,19.4
Delhi,Kolkata,776,72.76,86.3,79.5,37.7,Express,Rail,2777.76,30.7
Bangalore,Mumbai,707,15.26,19.3,70.9,82.4,Economy,Air,3262.62,18.4
Delhi,Chennai,365,29.09,86.0,70.7,83.7,Economy,Rail,842.67,21.2
Hyderabad,Chennai,869,47.22,13.7,9.7,97.7,Economy,Air,7693.81,22.4
Mumbai,Pune,1509,50.81,20.0,86.1,41.2,Economy,Road,3061.61,58.7
Bangalore,Kolkata,1159,67.94,65.1,22.4,13.5,Normal,Air,20842.17,24.8
Kolkata,Ahmedabad,996,86.02,79.0,50.5,35.8,Normal,Road,3979.77,50.6
Delhi,Mumbai,361,95.25,92.4,53.3,65.3,Express,Rail,1471.13,19.1
Delhi,Hyderabad,1334,81.66,99.1,65.0,22.5,Express,Rail,4808.94,35.6
Hyderabad,Mumbai,618,37.47,9.7,42.0,84.1,Express,Air,8646.83,6.3
Mumbai,Kolkata,1416,6.01,42.7,80.3,31.2,Economy,Road,1208.36,72.3
Kolkata,Pune,1165,12.64,58.4,19.1,89.4,Economy,Road,980.47,58.1
Kolkata,Hyderabad,1729,40.23,59.2,73.4,67.4,Normal,Road,4875.21,54.8
Hyderabad,Delhi,740,25.52,11.9,21.6,64.5,Economy,Rail,415.75,29.6
Mumbai,Kolkata,1416,76.76,69.0,36.3,30.8,Express,Air,37428.07,17.9
Bangalore,Kolkata,1159,32.44,57.0,39.0,22.6,Normal,Road,1996.9,33.6
Delhi,Hyderabad,1334,1.98,64.2,66.9,14.1,Express,Air,5561.88,24.6
Bangalore,Pune,1219,71.79,91.1,63.9,49.0,Express,Air,32514.45,24.6
Ahmedabad,Mumbai,1398,7.88,45.5,89.9,27.0,Express,Road,2145.45,42.7
Chennai,Bangalore,1818,95.93,71.1,96.6,55.8,Normal,Air,43989.94,24.3
Bangalore,Hyderabad,751,68.65,90.5,71.3,34.3,Economy,Air,9469.21,13.0
Bangalore,Chennai,1449,95.4,68.9,79.6,65.5,Economy,Road,5114.34,55.8
Mumbai,Delhi,1685,84.3,78.6,51.2,40.9,Normal,Air,36506.29,13.3
Chennai,Hyderabad,801,5.47,18.3,97.0,49.1,Normal,Rail,422.63,28.0
Kolkata,Ahmedabad,996,45.06,47.8,34.4,94.4,Normal,Road,2192.67,42.0
Chennai,Delhi,351,85.86,8.1,43.6,38.5,Express,Road,2246.82,24.4
Kolkata,Ahmedabad,996,42.95,22.7,49.1,12.5,Express,Air,16523.32,19.2
Bangalore,Delhi,1766,20.99,71.0,61.4,73.3,Economy,Rail,2627.32,48.4
Pune,Hyderabad,1952,21.03,33.5,98.8,86.1,Express,Rail,5423.12,38.5
Hyderabad,Kolkata,989,39.65,92.6,44.3,46.3,Normal,Rail,1236.11,40.6
Kolkata,Hyderabad,1729,22.53,72.4,79.6,80.2,Normal,Air,36930.6,19.6
Bangalore,Pune,1219,60.94,84.2,94.8,29.6,Express,Rail,3199.18,23.8
Pune,Delhi,1004,2.21,77.1,84.5,71.5,Economy,Road,3535.32,52.4
Delhi,Kolkata,776,72.43,73.7,25.8,59.7,Express,Air,22217.56,22.3
Kolkata,Chennai,869,25.29,14.8,5.8,90.0,Express,Rail,915.6,16.8
Ahmedabad,Pune,900,4.81,36.0,90.4,54.3,Economy,Rail,783.3,35.2
Ahmedabad,Pune,900,58.77,86.6,16.9,28.2,Economy,Rail,1213.1,32.3
Mumbai,Ahmedabad,1164,72.49,26.2,10.2,7.6,Express,Rail,3498.3,22.4
Ahmedabad,Delhi,555,85.92,87.1,55.2,61.5,Economy,Rail,1163.3,35.0
Chennai,Kolkata,863,94.02,97.2,12.5,59.5,Economy,Road,3090.49,41.4
Kolkata,Hyderabad,1729,33.06,41.8,13.0,26.2,Express,Air,20882.19,12.5
Delhi,Mumbai,361,82.97,20.0,68.7,17.9,Economy,Road,1152.57,22.3
Bangalore,Hyderabad,751,11.22,33.6,68.0,72.8,Normal,Air,6547.43,18.7
Chennai,Ahmedabad,585,55.44,90.7,95.2,34.8,Express,Road,2673.19,28.9
Chennai,Mumbai,528,88.67,67.1,66.4,97.4,Normal,Rail,1282.17,32.3
Kolkata,Mumbai,1957,84.23,10.6,26.7,80.4,Normal,Road,7687.01,68.2
Kolkata,Bangalore,1854,39.39,22.2,76.4,74.3,Economy,Road,2746.5,76.9
Bangalore,Chennai,1449,14.06,17.8,43.1,99.2,Economy,Road,948.86,59.8
Kolkata,Bangalore,1854,47.11,11.4,70.8,68.7,Normal,Rail,2549.62,45.6
Pune,Mumbai,1035,77.7,62.9,38.0,82.3,Economy,Air,14657.79,14.4
Chennai,Ahmedabad,585,94.19,21.4,26.9,60.3,Normal,Rail,1544.14,18.2
Delhi,Chennai,365,13.14,33.1,11.5,97.4,Express,Air,1905.43,4.9
Ahmedabad,Hyderabad,1430,16.72,20.5,80.7,32.8,Normal,Road,1180.98,50.7
Kolkata,Hyderabad,1729,88.37,48.9,78.7,14.7,Normal,Air,39237.39,24.0
Pune,Chennai,498,62.42,84.1,93.9,22.4,Normal,Road,1518.92,21.3
Ahmedabad,Mumbai,1398,78.97,49.6,19.1,53.0,Economy,Road,4111.79,73.5
Hyderabad,Bangalore,1863,39.72,55.7,72.7,91.9,Express,Air,48330.62,11.5
Bangalore,Ahmedabad,1506,57.55,94.3,80.5,14.5,Economy,Road,3799.16,65.3
Chennai,Mumbai,528,69.84,98.3,57.5,81.7,Express,Air,16641.01,24.3
Mumbai,Bangalore,1816,85.58,87.0,51.0,70.9,Express,Road,11885.07,46.6
Kolkata,Hyderabad,1729,35.82,61.8,74.8,90.3,Economy,Rail,3188.55,62.5
Pune,Hyderabad,1952,25.83,25.9,48.2,20.5,Normal,Rail,1406.62,37.5
Hyderabad,Ahmedabad,1078,81.19,61.2,66.4,85.7,Economy,Road,3668.98,51.2
Bangalore,Mumbai,707,97.63,33.0,47.1,91.0,Economy,Rail,1657.32,31.9
Hyderabad,Chennai,869,27.46,7.0,20.8,86.7,Express,Air,8729.33,12.2
Hyderabad,Mumbai,618,78.91,47.6,29.5,71.7,Economy,Rail,1153.34,23.1
Hyderabad,Bangalore,1863,23.7,22.6,92.5,50.0,Economy,Road,1911.67,75.2
Mumbai,Bangalore,1816,35.25,13.0,81.9,17.7,Express,Rail,2922.52,30.0
Kolkata,Chennai,869,7.6,92.8,95.7,78.0,Economy,Road,4480.23,50.5
Pune,Mumbai,1035,43.87,49.0,73.4,19.6,Normal,Road,2418.6,44.3
Delhi,Chennai,365,43.43,12.2,68.0,64.2,Economy,Air,3277.44,9.0
Mumbai,Ahmedabad,1164,65.64,77.2,8.8,30.9,Express,Road,5964.6,39.4
Mumbai,Ahmedabad,1164,85.13,14.0,83.7,79.3,Normal,Air,23762.46,24.1
Hyderabad,Kolkata,989,15.79,46.4,44.6,52.5,Normal,Rail,695.46,30.8
Hyderabad,Delhi,740,55.85,10.6,34.4,34.0,Economy,Air,7440.81,9.9
Ahmedabad,Bangalore,1075,64.01,50.6,84.0,54.5,Express,Rail,3181.83,33.4
Kolkata,Pune,1165,74.66,61.6,73.8,25.7,Express,Road,6016.93,41.5
Delhi,Mumbai,361,7.97,22.4,34.0,11.1,Normal,Road,147.07,29.0
Mumbai,Delhi,1685,73.41,94.1,92.1,59.0,Express,Road,11864.23,44.6
Pune,Kolkata,841,61.14,97.8,31.4,70.6,Economy,Air,9586.27,8.8
Chennai,Ahmedabad,585,22.32,46.0,43.9,75.1,Express,Road,1385.68,20.3
Bangalore,Hyderabad,751,16.55,37.0,56.7,22.9,Economy,Road,479.44,45.8
Kolkata,Mumbai,1957,88.69,90.4,57.2,5.2,Normal,Air,45032.76,25.1
Delhi,Hyderabad,1334,77.95,77.9,10.9,47.9,Express,Air,38465.69,21.1
Bangalore,Pune,1219,23.1,85.2,99.3,24.6,Express,Air,20523.24,23.4
Bangalore,Mumbai,707,81.55,43.7,76.0,53.0,Express,Road,4655.66,35.8
Pune,Mumbai,1035,40.07,15.0,46.2,33.9,Economy,Road,1815.88,53.7
Delhi,Mumbai,361,90.06,73.1,19.5,68.9,Express,Air,13339.9,8.2
Mumbai,Kolkata,1416,47.95,72.3,77.6,94.4,Economy,Rail,3925.69,47.0
Chennai,Bangalore,1818,75.67,73.7,83.4,20.9,Express,Air,51821.68,23.0
Bangalore,Pune,1219,7.97,17.1,62.6,95.9,Economy,Rail,650.91,42.7
Pune,Kolkata,841,85.4,66.1,56.4,33.4,Express,Rail,3023.95,34.0
Delhi,Hyderabad,1334,39.38,40.0,95.6,42.9,Normal,Road,2685.29,53.0
Delhi,Ahmedabad,354,45.1,34.3,53.2,58.7,Economy,Rail,369.85,26.5
Chennai,Pune,757,44.71,33.3,18.0,86.9,Economy,Rail,774.62,38.1
Pune,Bangalore,1536,59.23,99.7,11.0,46.6,Express,Rail,4081.23,33.2
Ahmedabad,Delhi,555,68.76,52.3,58.1,70.1,Express,Rail,1684.87,20.1
Kolkata,Chennai,869,41.39,28.0,84.7,54.3,Express,Rail,1523.47,25.3
Mumbai,Bangalore,1816,29.65,60.5,7.7,32.6,Economy,Air,10050.95,25.7
Chennai,Delhi,351,96.5,16.2,89.3,8.0,Normal,Road,1849.78,20.0
Chennai,Ahmedabad,585,84.07,22.0,55.8,29.0,Express,Road,3887.88,30.8
Bangalore,Pune,1219,66.74,8.9,50.8,68.3,Express,Air,28903.54,15.2
Mumbai,Kolkata,1416,35.09,98.5,27.5,19.2,Normal,Rail,1614.4,29.7
Hyderabad,Ahmedabad,1078,39.34,69.5,14.7,89.4,Express,Rail,1963.75,34.7
Hyderabad,Bangalore,1863,29.63,58.0,77.9,23.2,Normal,Air,14255.49,13.9
Ahmedabad,Kolkata,461,5.65,77.3,91.8,91.7,Express,Road,4527.44,29.1
Chennai,Ahmedabad,585,11.74,76.3,45.6,89.4,Economy,Road,1377.36,33.8
Kolkata,Mumbai,1957,60.34,94.1,42.4,31.1,Normal,Rail,3584.1,55.8
Hyderabad,Mumbai,618,30.44,8.7,18.5,78.9,Economy,Rail,488.52,28.5
Ahmedabad,Mumbai,1398,31.88,45.4,21.9,94.2,Economy,Road,1821.59,59.0
Kolkata,Bangalore,1854,79.42,29.6,34.2,90.6,Normal,Air,35254.6,15.4
Bangalore,Kolkata,1159,43.99,21.2,85.6,82.7,Express,Road,3680.47,25.9
Delhi,Ahmedabad,354,33.64,38.0,14.7,71.6,Express,Road,804.42,12.4
Delhi,Chennai,365,93.09,11.5,73.1,49.9,Express,Road,2616.28,13.5
Kolkata,Ahmedabad,996,64.43,74.5,63.7,57.8,Express,Air,23204.19,9.0
Kolkata,Mumbai,1957,68.29,37.9,72.7,34.7,Normal,Road,7320.32,58.6
Mumbai,Bangalore,1816,7.12,36.9,10.0,85.9,Economy,Rail,298.43,54.7
Kolkata,Delhi,313,47.43,77.6,65.7,38.9,Economy,Rail,351.9,26.7
Kolkata,Chennai,869,83.41,85.2,16.3,60.2,Express,Air,26960.86,22.1
Bangalore,Chennai,1449,33.67,51.4,55.8,26.1,Economy,Air,9206.8,23.7
Bangalore,Mumbai,707,82.64,54.5,62.1,22.3,Economy,Air,11625.55,9.6
Mumbai,Delhi,1685,79.54,50.6,50.1,5.9,Express,Rail,5649.9,30.7
Mumbai,Bangalore,1816,69.31,43.8,84.0,25.2,Normal,Air,29745.04,23.5
Chennai,Ahmedabad,585,51.43,87.0,38.8,70.1,Economy,Rail,690.19,20.0
Ahmedabad,Bangalore,1075,74.36,93.7,61.3,42.8,Economy,Rail,1812.77,35.3
Kolkata,Bangalore,1854,63.1,45.9,97.3,37.4,Express,Air,44529.34,20.5
Mumbai,Chennai,1808,53.46,57.6,50.6,59.9,Express,Road,7731.48,43.6
Mumbai,Hyderabad,478,8.96,61.5,68.0,32.6,Normal,Road,671.29,30.4
Kolkata,Ahmedabad,996,75.23,90.6,68.6,73.8,Express,Rail,4060.65,33.3
Ahmedabad,Delhi,555,63.69,59.2,76.7,17.0,Express,Air,12224.63,8.4
Mumbai,Bangalore,1816,74.65,49.0,56.2,67.7,Express,Air,54279.22,12.7
Bangalore,Hyderabad,751,61.04,86.7,90.4,48.9,Normal,Air,14475.33,10.9
Hyderabad,Pune,489,10.34,30.3,93.0,45.4,Economy,Air,2750.05,7.7
Delhi,Hyderabad,1334,22.15,7.8,55.2,37.5,Normal,Air,6816.86,11.4
Ahmedabad,Pune,900,54.11,31.1,92.1,59.8,Economy,Air,10314.31,24.1
Delhi,Pune,1532,10.98,49.5,9.5,35.0,Express,Rail,821.24,26.6
Hyderabad,Chennai,869,62.99,67.4,75.7,56.2,Economy,Air,10870.33,22.1
Hyderabad,Mumbai,618,13.09,42.5,75.9,16.5,Express,Road,641.58,18.9
Delhi,Pune,1532,57.56,50.1,17.8,87.3,Normal,Road,4182.78,53.2
Hyderabad,Pune,489,53.73,14.6,52.7,16.7,Normal,Rail,719.01,15.8
Ahmedabad,Mumbai,1398,40.35,91.0,93.6,80.5,Express,Rail,8119.17,23.9
Ahmedabad,Chennai,1240,22.09,38.1,73.5,43.1,Economy,Road,1162.15,54.5
Chennai,Hyderabad,801,33.72,35.6,88.0,76.4,Normal,Road,1866.06,34.9
Bangalore,Chennai,1449,65.24,86.8,82.9,27.7,Normal,Air,22148.73,24.4
Mumbai,Bangalore,1816,29.37,42.3,69.5,9.0,Economy,Air,11544.06,13.1
Chennai,Pune,757,16.26,61.5,99.7,66.8,Normal,Road,3003.29,25.5
Mumbai,Bangalore,1816,80.82,29.4,82.6,69.9,Economy,Road,6332.56,87.7
Hyderabad,Ahmedabad,1078,89.22,36.8,87.9,65.3,Normal,Rail,3074.79,27.8
Mumbai,Chennai,1808,19.3,58.2,5.1,51.6,Economy,Road,1329.91,75.8
Delhi,Pune,1532,51.16,14.7,65.2,69.3,Normal,Road,3941.48,54.7
Bangalore,Chennai,1449,57.75,59.6,9.3,52.1,Normal,Air,21991.76,24.3
Chennai,Kolkata,863,17.78,53.0,77.5,31.4,Express,Air,8271.71,11.6
Hyderabad,Chennai,869,85.64,27.5,84.0,36.2,Express,Rail,3105.0,23.2
Bangalore,Chennai,1449,64.36,45.4,57.5,58.2,Economy,Road,3922.46,78.4
Chennai,Mumbai,528,30.85,24.8,52.9,54.7,Economy,Air,3253.47,14.5
Hyderabad,Kolkata,989,22.63,27.2,43.4,77.3,Normal,Road,1192.78,41.1
Chennai,Kolkata,863,91.36,94.5,38.2,53.7,Express,Rail,3881.0,16.0
Delhi,Ahmedabad,354,26.82,20.9,8.8,29.9,Express,Road,763.68,11.6
Chennai,Hyderabad,801,65.41,47.8,17.7,30.5,Normal,Road,2368.01,34.8
Kolkata,Chennai,869,56.72,20.2,40.3,79.2,Express,Air,16913.57,19.5
Kolkata,Chennai,869,95.5,92.7,18.7,31.3,Normal,Road,4221.99,36.2
Pune,Delhi,1004,86.62,59.6,24.4,21.9,Economy,Rail,2229.95,34.3
Chennai,Delhi,351,83.32,70.9,69.0,21.4,Economy,Road,1177.67,18.2
Kolkata,Bangalore,1854,52.82,14.4,41.2,9.8,Economy,Road,3953.29,85.9
Chennai,Mumbai,528,78.01,8.0,36.8,80.3,Normal,Rail,1290.4,19.3
Pune,Kolkata,841,58.55,5.9,49.2,62.5,Economy,Road,1810.39,40.6
Chennai,Ahmedabad,585,79.95,25.5,48.8,23.0,Economy,Air,9263.36,7.8
Pune,Kolkata,841,4.61,53.4,89.0,67.2,Normal,Road,2517.07,39.5
Hyderabad,Pune,489,92.24,78.5,75.6,80.3,Normal,Road,2362.7,36.2
Mumbai,Bangalore,1816,83.51,48.2,34.1,43.7,Economy,Road,6381.09,85.0
Delhi,Mumbai,361,36.37,13.8,42.7,18.7,Economy,Road,568.39,18.6
Chennai,Kolkata,863,27.52,75.5,47.4,85.0,Economy,Rail,1289.57,28.0
Hyderabad,Delhi,740,9.89,92.7,49.7,12.5,Normal,Air,2266.49,6.0
Delhi,Ahmedabad,354,94.83,83.6,39.1,56.3,Economy,Rail,731.08,23.7
Mumbai,Delhi,1685,95.53,56.0,92.6,13.6,Normal,Air,43307.18,21.8
Pune,Delhi,1004,48.16,45.7,88.5,98.2,Express,Rail,3320.99,35.6
Chennai,Kolkata,863,52.79,34.6,29.6,53.6,Economy,Rail,1163.55,27.6
Mumbai,Kolkata,1416,3.74,32.7,85.4,17.4,Normal,Rail,375.15,41.9
Bangalore,Ahmedabad,1506,60.99,74.4,17.1,23.8,Normal,Road,4389.19,48.7
Ahmedabad,Chennai,1240,50.66,16.1,59.5,55.1,Normal,Rail,1858.81,40.3
Delhi,Chennai,365,99.79,23.9,74.1,70.2,Express,Road,2931.84,16.8
Bangalore,Pune,1219,22.17,10.8,6.7,54.3,Economy,Rail,680.23,46.6
Mumbai,Kolkata,1416,0.98,54.0,59.3,78.9,Economy,Road,2720.17,56.2
Mumbai,Bangalore,1816,56.99,75.4,19.5,27.3,Express,Rail,4379.23,41.6
Ahmedabad,Hyderabad,1430,71.78,9.2,5.8,80.5,Normal,Rail,3106.05,31.1
Pune,Bangalore,1536,100.0,41.9,8.9,7.2,Express,Air,57773.38,11.2
Mumbai,Chennai,1808,72.44,28.2,47.3,93.3,Express,Road,9465.98,47.8
Hyderabad,Ahmedabad,1078,26.28,52.6,77.1,96.5,Normal,Road,4617.68,34.5
Chennai,Ahmedabad,585,36.62,35.8,27.7,44.2,Economy,Rail,495.81,32.1
Kolkata,Delhi,313,58.41,71.9,87.0,46.0,Economy,Air,3330.07,7.6
Chennai,Pune,757,14.36,78.1,91.5,70.4,Economy,Road,3139.7,44.4
Kolkata,Chennai,869,15.35,89.6,18.4,55.4,Express,Road,1189.8,37.9
Ahmedabad,Mumbai,1398,79.07,39.1,97.2,44.1,Economy,Road,4284.03,56.1
Mumbai,Ahmedabad,1164,62.17,99.3,58.2,18.3,Express,Rail,3000.63,24.9
Mumbai,Hyderabad,478,18.08,65.0,36.1,58.6,Normal,Air,3527.11,22.6
Chennai,Bangalore,1818,60.36,25.8,30.1,43.8,Economy,Road,4062.62,71.5
Mumbai,Chennai,1808,9.43,88.5,91.2,24.0,Economy,Air,14667.47,18.4
Hyderabad,Chennai,869,12.95,67.2,30.1,55.6,Normal,Road,976.87,40.4
Bangalore,Pune,1219,77.3,74.4,97.5,29.6,Normal,Air,21418.2,19.7
Delhi,Bangalore,747,42.19,25.8,65.2,41.4,Economy,Road,1291.41,31.2
Ahmedabad,Hyderabad,1430,74.48,64.5,24.5,74.5,Normal,Road,5069.14,57.9
Mumbai,Bangalore,1816,99.92,55.8,20.5,35.2,Economy,Air,37592.98,23.2
Delhi,Bangalore,747,45.58,5.4,42.2,44.7,Normal,Rail,1109.68,36.2
Delhi,Ahmedabad,354,98.36,95.9,64.0,47.0,Normal,Air,8603.88,10.1
Kolkata,Bangalore,1854,46.97,12.6,20.2,10.7,Economy,Rail,1887.27,68.2
Kolkata,Ahmedabad,996,56.78,99.4,97.5,16.9,Normal,Rail,1802.35,26.1
Pune,Hyderabad,1952,75.51,57.0,95.0,19.3,Normal,Air,36353.81,22.5
Hyderabad,Mumbai,618,36.01,59.6,21.3,97.1,Express,Air,7972.14,21.2
Mumbai,Chennai,1808,67.22,63.2,78.5,56.9,Economy,Air,22589.49,26.3
Pune,Mumbai,1035,31.02,37.0,60.7,32.3,Express,Road,2515.81,27.8
Pune,Kolkata,841,2.81,43.5,29.7,78.5,Normal,Road,906.93,30.7
Delhi,Pune,1532,87.88,34.5,67.4,31.5,Express,Road,9586.75,42.5
Chennai,Delhi,351,61.32,95.4,45.3,83.3,Economy,Rail,563.12,26.0
Pune,Chennai,498,98.75,24.3,10.9,71.4,Economy,Air,9730.7,18.0
Chennai,Ahmedabad,585,9.4,31.2,94.1,24.9,Normal,Road,405.48,29.3
Mumbai,Kolkata,1416,82.35,77.4,57.7,9.3,Express,Road,9418.32,47.7
Delhi,Pune,1532,98.78,38.7,73.0,97.9,Economy,Air,30310.54,21.2
Ahmedabad,Pune,900,52.63,87.4,92.5,64.7,Economy,Road,4111.21,43.4
Delhi,Hyderabad,1334,12.38,49.9,20.8,55.2,Normal,Air,4330.77,22.2
Chennai,Hyderabad,801,23.06,15.6,44.5,45.5,Express,Air,6943.25,14.6
Delhi,Mumbai,361,89.43,69.3,88.5,60.9,Normal,Rail,964.87,21.1
Ahmedabad,Delhi,555,83.83,8.8,88.4,58.2,Economy,Road,1742.69,24.2
Hyderabad,Pune,489,35.51,87.4,52.5,6.4,Express,Rail,807.83,25.4
Delhi,Mumbai,361,87.7,96.6,20.4,83.3,Normal,Air,7183.67,16.8
Pune,Kolkata,841,35.56,48.3,42.8,49.9,Normal,Rail,929.88,26.4
Mumbai,Ahmedabad,1164,58.02,98.3,93.5,71.2,Economy,Road,5876.68,66.5
Kolkata,Pune,1165,14.95,11.9,50.6,5.9,Economy,Rail,380.08,52.0
Kolkata,Pune,1165,16.08,85.6,71.8,71.0,Express,Air,40916.67,11.4
Kolkata,Ahmedabad,996,7.06,7.2,33.6,15.2,Normal,Air,1866.71,6.1
Bangalore,Chennai,1449,15.16,40.0,11.8,50.2,Normal,Air,5546.68,12.6
Bangalore,Mumbai,707,66.94,93.9,86.9,27.1,Express,Road,3260.9,32.3
Kolkata,Bangalore,1854,42.35,78.0,19.8,53.0,Express,Rail,3784.49,33.4
Hyderabad,Delhi,740,74.57,91.9,15.6,56.9,Economy,Rail,1432.33,23.8
Bangalore,Kolkata,1159,37.53,58.5,53.1,37.4,Normal,Road,2121.09,36.4
Ahmedabad,Mumbai,1398,23.09,41.4,19.6,79.7,Normal,Air,8622.87,12.3
Ahmedabad,Bangalore,1075,14.56,39.0,46.9,7.6,Economy,Road,667.01,51.3
Kolkata,Pune,1165,65.41,55.5,65.9,26.8,Express,Air,26068.17,11.9
Bangalore,Kolkata,1159,2.09,22.6,47.0,83.0,Normal,Air,5463.26,19.8
Pune,Chennai,498,16.62,21.4,29.7,76.4,Express,Air,3043.46,13.7
Kolkata,Chennai,869,45.15,45.7,17.9,47.3,Normal,Air,9233.79,7.1
Bangalore,Delhi,1766,21.22,57.1,92.5,50.2,Express,Road,6824.38,50.5
Pune,Hyderabad,1952,50.64,50.1,10.0,90.1,Express,Road,7854.56,57.0
Pune,Kolkata,841,68.1,21.8,70.9,79.1,Economy,Rail,1238.73,40.0
Delhi,Bangalore,747,20.4,44.7,13.0,91.0,Express,Rail,676.02,12.5
Bangalore,Hyderabad,751,65.8,35.6,47.8,75.0,Express,Air,19946.08,11.8
Kolkata,Mumbai,1957,43.92,12.3,71.9,7.6,Express,Rail,3594.87,29.6
Pune,Hyderabad,1952,83.81,48.3,24.6,10.7,Economy,Road,7124.58,74.1
Mumbai,Pune,1509,46.75,40.2,89.3,45.5,Economy,Rail,1559.89,54.8
Delhi,Kolkata,776,88.36,40.3,32.5,84.5,Normal,Air,17325.12,8.9
Mumbai,Pune,1509,42.77,60.0,24.7,86.4,Economy,Road,2338.71,65.2
Chennai,Ahmedabad,585,99.69,89.6,22.5,42.8,Normal,Road,2659.65,36.1
Ahmedabad,Bangalore,1075,88.41,77.1,92.6,81.6,Economy,Rail,3260.94,46.2
Hyderabad,Ahmedabad,1078,1.57,8.1,60.4,24.8,Normal,Rail,73.51,31.0
Bangalore,Pune,1219,11.76,81.8,20.2,31.5,Normal,Rail,471.25,26.1
Bangalore,Kolkata,1159,3.73,42.8,93.3,29.7,Economy,Rail,675.07,53.4
Hyderabad,Chennai,869,70.04,25.8,62.4,17.1,Express,Road,5013.41,30.0
Mumbai,Ahmedabad,1164,89.53,16.2,41.8,38.1,Economy,Rail,2738.69,42.1
Delhi,Pune,1532,43.33,44.9,42.5,36.5,Economy,Rail,1708.82,48.8
Bangalore,Kolkata,1159,49.18,64.2,64.5,40.5,Normal,Air,12826.54,15.2
Chennai,Bangalore,1818,74.94,99.4,76.6,85.4,Economy,Road,8595.72,79.8
Mumbai,Kolkata,1416,96.0,85.2,61.5,20.8,Economy,Rail,3442.96,60.2
Bangalore,Kolkata,1159,3.74,29.6,59.4,8.3,Economy,Road,187.21,50.0
Bangalore,Mumbai,707,1.15,20.9,39.0,8.9,Normal,Air,272.1,24.8
Mumbai,Kolkata,1416,88.53,26.5,37.1,36.2,Express,Air,50746.32,14.0
Kolkata,Hyderabad,1729,78.45,64.3,76.7,28.3,Economy,Rail,3483.11,49.6
Pune,Mumbai,1035,1.22,56.1,37.9,75.9,Express,Air,11851.73,24.7
Kolkata,Pune,1165,27.39,20.4,60.1,47.2,Normal,Air,7806.34,18.8
Delhi,Chennai,365,12.23,28.1,52.2,23.8,Normal,Rail,128.8,13.1
Chennai,Bangalore,1818,18.63,78.6,30.5,13.8,Economy,Rail,787.16,55.8
Delhi,Mumbai,361,39.85,12.2,26.8,50.8,Economy,Air,2820.08,22.3
Kolkata,Bangalore,1854,32.19,68.4,53.3,92.2,Normal,Rail,3442.19,51.4
Pune,Chennai,498,45.13,77.8,7.5,59.3,Economy,Air,4712.35,10.9
Delhi,Ahmedabad,354,6.58,20.8,15.1,38.6,Economy,Rail,54.28,17.9
Delhi,Chennai,365,58.4,15.0,27.6,84.9,Express,Rail,956.36,21.1
Kolkata,Bangalore,1854,60.74,17.1,70.8,28.9,Economy,Road,4928.57,78.3
Kolkata,Hyderabad,1729,79.89,35.5,93.5,80.2,Express,Road,10848.62,43.1
Ahmedabad,Bangalore,1075,4.62,51.8,41.3,59.6,Economy,Road,1153.02,64.8
Pune,Delhi,1004,9.98,87.9,94.6,20.8,Normal,Air,8757.04,14.6
Chennai,Kolkata,863,33.69,52.8,79.5,74.8,Express,Road,4332.36,38.7
Hyderabad,Ahmedabad,1078,44.01,80.4,17.8,79.9,Economy,Air,9503.58,9.7
Delhi,Ahmedabad,354,30.86,25.6,79.1,88.1,Express,Rail,520.65,11.6
Delhi,Mumbai,361,18.76,38.3,76.7,55.7,Normal,Air,3128.16,12.9
Kolkata,Bangalore,1854,17.62,44.1,61.0,28.9,Economy,Air,5896.76,13.3
Delhi,Mumbai,361,92.24,13.3,59.1,21.6,Economy,Road,1360.05,25.8
Ahmedabad,Chennai,1240,13.87,42.9,29.9,83.9,Normal,Road,1458.02,38.0
Mumbai,Bangalore,1816,83.68,66.5,6.8,27.0,Economy,Road,6367.03,70.8
Hyderabad,Pune,489,20.48,63.8,17.8,33.3,Normal,Road,459.36,24.1
Chennai,Hyderabad,801,5.15,96.7,93.5,18.6,Normal,Air,6111.93,13.6
Pune,Ahmedabad,1794,84.13,50.0,46.4,17.3,Normal,Road,7861.47,57.8
Chennai,Kolkata,863,32.89,49.0,24.0,45.2,Normal,Rail,878.61,32.9
Bangalore,Pune,1219,88.66,79.7,15.9,66.1,Express,Rail,4652.48,25.8
Delhi,Mumbai,361,71.68,42.0,31.2,82.6,Economy,Air,4861.29,14.4
Pune,Kolkata,841,36.52,95.3,90.0,76.4,Normal,Air,25947.81,11.4
Chennai,Pune,757,28.11,45.7,11.6,36.1,Normal,Road,1066.43,42.7
Ahmedabad,Kolkata,461,61.74,22.9,33.5,22.4,Economy,Rail,691.34,20.7
Kolkata,Chennai,869,76.97,21.0,30.5,45.7,Normal,Road,3345.0,30.4
Chennai,Mumbai,528,36.21,32.9,55.9,75.8,Normal,Road,940.27,23.0
Ahmedabad,Mumbai,1398,20.19,46.2,72.1,11.0,Economy,Road,1150.62,71.1
Hyderabad,Bangalore,1863,74.32,30.5,13.7,74.0,Economy,Rail,3509.24,68.2
Chennai,Kolkata,863,78.21,50.3,12.4,68.8,Economy,Rail,1616.23,34.4
Mumbai,Delhi,1685,22.6,53.0,91.1,29.9,Economy,Rail,1062.83,49.7
Ahmedabad,Pune,900,65.36,86.3,88.5,29.4,Normal,Rail,1634.62,35.2
Pune,Kolkata,841,92.5,90.6,79.3,39.9,Normal,Air,17842.21,16.0
Chennai,Ahmedabad,585,15.34,50.2,71.1,59.8,Economy,Road,1054.25,25.9
Ahmedabad,Hyderabad,1430,84.21,58.4,6.9,97.7,Normal,Rail,3795.33,34.2
Chennai,Mumbai,528,70.74,47.2,91.9,61.3,Economy,Road,1352.71,32.5
Bangalore,Chennai,1449,81.83,49.7,80.2,91.0,Express,Road,8329.13,36.0
Ahmedabad,Kolkata,461,64.42,78.7,63.4,78.3,Normal,Air,9270.1,9.3
Hyderabad,Ahmedabad,1078,59.98,83.5,41.8,76.4,Express,Rail,2737.58,20.4
Ahmedabad,Bangalore,1075,2.9,85.2,80.9,65.6,Economy,Air,19974.83,10.1
Mumbai,Hyderabad,478,45.81,29.9,86.4,45.1,Express,Road,1657.09,26.7
Chennai,Bangalore,1818,39.38,22.7,10.8,11.6,Economy,Air,15552.64,27.2
Ahmedabad,Mumbai,1398,94.38,60.1,21.8,84.5,Express,Road,10237.95,39.5
Delhi,Bangalore,747,12.44,19.6,71.7,96.7,Economy,Road,806.2,50.1
Chennai,Kolkata,863,42.58,83.9,63.0,21.3,Express,Rail,1540.4,27.4
Bangalore,Chennai,1449,67.62,27.6,36.0,70.3,Express,Air,38156.37,13.0
Pune,Bangalore,1536,3.17,41.1,22.1,63.6,Express,Rail,749.06,41.4
Delhi,Ahmedabad,354,23.58,91.7,75.5,31.4,Economy,Road,639.96,31.9
Mumbai,Bangalore,1816,72.61,15.6,49.8,86.7,Economy,Rail,3249.46,58.9
Bangalore,Hyderabad,751,11.83,88.9,55.1,87.1,Economy,Road,2501.59,51.8
Delhi,Pune,1532,65.58,13.8,5.1,94.3,Economy,Road,3999.42,86.0
Pune,Hyderabad,1952,30.19,47.4,9.6,8.0,Express,Air,20028.16,24.1
Mumbai,Bangalore,1816,16.35,19.3,20.7,94.9,Express,Road,2294.25,54.2
Hyderabad,Pune,489,94.68,67.7,6.8,19.0,Express,Air,17637.84,16.0
Ahmedabad,Hyderabad,1430,27.92,12.1,56.3,45.2,Express,Air,13811.26,23.9
Mumbai,Ahmedabad,1164,80.08,43.6,17.6,58.0,Express,Road,7467.31,25.7
Chennai,Hyderabad,801,75.86,21.6,92.7,23.5,Normal,Rail,1738.82,28.8
Delhi,Hyderabad,1334,25.68,99.8,69.6,88.1,Economy,Road,6110.99,62.3
Delhi,Ahmedabad,354,16.65,88.3,25.4,61.7,Express,Road,799.29,14.2
Hyderabad,Mumbai,618,1.39,57.4,30.3,47.9,Express,Road,733.65,29.8
Chennai,Mumbai,528,91.87,32.9,40.7,17.6,Express,Rail,1982.9,23.9
Pune,Delhi,1004,50.37,12.5,55.6,46.8,Normal,Rail,1571.66,39.8
Kolkata,Pune,1165,87.78,53.5,19.0,38.5,Express,Air,37978.97,16.0
Kolkata,Hyderabad,1729,40.31,19.5,23.8,17.1,Normal,Road,3401.97,62.0
Pune,Delhi,1004,58.74,17.3,60.2,58.9,Normal,Air,15938.22,6.9
Kolkata,Mumbai,1957,60.68,41.8,20.7,44.0,Express,Road,8035.41,39.1
Ahmedabad,Kolkata,461,58.55,21.8,89.8,40.8,Express,Air,10440.27,22.9
Bangalore,Mumbai,707,32.4,57.5,50.4,97.4,Express,Air,14859.32,17.2
Hyderabad,Pune,489,43.67,33.6,28.5,54.9,Economy,Air,4653.2,23.5
Bangalore,Chennai,1449,33.07,62.3,75.9,97.7,Express,Road,9347.84,27.7
Chennai,Ahmedabad,585,29.31,9.7,98.0,71.3,Normal,Road,915.63,38.2
Kolkata,Hyderabad,1729,65.38,26.5,8.2,32.0,Express,Road,7999.52,36.0
Ahmedabad,Delhi,555,15.65,65.4,56.6,17.6,Express,Air,3283.31,21.5
Pune,Delhi,1004,16.4,79.7,94.3,17.9,Economy,Rail,664.03,33.2
Delhi,Mumbai,361,34.01,27.1,59.2,51.0,Normal,Rail,376.33,22.8
Kolkata,Ahmedabad,996,90.62,43.1,92.0,59.0,Express,Road,6971.09,30.7
Delhi,Chennai,365,8.97,67.6,28.4,93.8,Normal,Air,3226.33,15.2
Hyderabad,Bangalore,1863,15.72,77.6,92.0,66.0,Normal,Road,8443.98,59.5
Kolkata,Chennai,869,71.23,35.2,96.6,67.4,Normal,Air,15842.0,7.8
Chennai,Bangalore,1818,49.27,23.7,21.1,52.2,Normal,Road,4232.99,57.2
Delhi,Chennai,365,15.09,36.7,64.1,84.4,Express,Air,4968.9,14.2
Bangalore,Ahmedabad,1506,4.51,33.3,22.5,32.9,Normal,Rail,238.18,40.2
Kolkata,Bangalore,1854,43.41,47.2,96.1,44.5,Economy,Road,3100.31,86.9
Chennai,Hyderabad,801,83.78,44.3,12.2,76.9,Economy,Rail,1652.42,39.7
Hyderabad,Chennai,869,48.59,27.7,67.5,87.1,Express,Rail,1739.92,17.7
Kolkata,Chennai,869,60.7,12.0,80.5,53.3,Normal,Rail,1596.57,32.0
Mumbai,Delhi,1685,89.57,47.9,30.8,81.1,Normal,Air,36718.24,9.8
Pune,Chennai,498,64.84,83.0,5.3,32.1,Express,Road,2611.77,27.6
Hyderabad,Delhi,740,12.16,31.2,6.7,77.3,Express,Air,3405.4,21.1
Chennai,Hyderabad,801,21.3,41.3,78.0,77.9,Express,Air,13688.4,23.4
Pune,Hyderabad,1952,94.88,64.7,70.9,7.0,Normal,Air,46676.34,14.1
Hyderabad,Chennai,869,97.1,41.3,70.7,72.4,Economy,Road,3525.31,43.9
Bangalore,Chennai,1449,93.29,62.5,49.5,30.0,Economy,Air,29240.9,23.9
Pune,Bangalore,1536,4.74,73.4,62.5,50.9,Economy,Air,13394.4,23.4
Mumbai,Kolkata,1416,83.99,83.1,64.8,98.0,Economy,Road,5490.04,77.2
Pune,Bangalore,1536,10.48,36.9,31.2,37.2,Economy,Rail,360.3,45.4
Mumbai,Chennai,1808,59.6,43.3,33.1,48.2,Express,Air,44350.99,12.6
Ahmedabad,Hyderabad,1430,1.2,50.4,30.9,72.6,Normal,Rail,1014.02,31.2
Delhi,Hyderabad,1334,89.59,12.6,76.3,32.5,Express,Road,9542.29,42.3
Kolkata,Bangalore,1854,87.7,51.2,41.8,43.8,Normal,Road,7720.37,63.8
Chennai,Delhi,351,23.59,6.3,76.2,12.0,Express,Rail,336.57,24.3
Ahmedabad,Chennai,1240,22.0,41.9,43.1,36.4,Economy,Rail,620.22,39.1
Chennai,Delhi,351,4.88,74.4,89.3,13.3,Express,Rail,266.08,18.6
Mumbai,Chennai,1808,86.03,60.7,61.3,98.9,Economy,Air,29473.75,16.2
Chennai,Kolkata,863,26.6,20.0,24.0,94.6,Normal,Air,5701.64,10.4
Mumbai,Kolkata,1416,65.1,22.7,42.3,9.7,Express,Air,34086.79,25.2
Hyderabad,Pune,489,94.78,93.8,67.9,29.5,Normal,Air,11796.66,11.3
Kolkata,Hyderabad,1729,28.89,36.3,53.8,16.8,Economy,Air,10112.16,21.3
Hyderabad,Ahmedabad,1078,35.36,25.1,89.2,85.3,Normal,Rail,1353.93,24.1
Hyderabad,Mumbai,618,12.77,63.6,10.0,71.4,Normal,Road,373.66,22.5
Pune,Ahmedabad,1794,14.38,56.5,7.9,6.0,Normal,Air,6003.47,26.0
Chennai,Mumbai,528,20.08,81.0,11.0,52.9,Economy,Road,413.44,22.7
Ahmedabad,Mumbai,1398,68.1,65.3,13.6,52.2,Economy,Rail,2249.82,46.7
Chennai,Delhi,351,13.33,29.3,12.1,28.3,Normal,Rail,138.75,23.8
Kolkata,Hyderabad,1729,74.66,25.3,69.6,35.4,Normal,Air,29395.82,10.1
Mumbai,Pune,1509,64.48,54.8,59.7,42.8,Express,Rail,4682.92,25.6
Hyderabad,Bangalore,1863,88.57,57.6,23.5,35.6,Express,Rail,7074.56,35.7
Chennai,Delhi,351,68.82,9.7,22.6,28.1,Express,Air,9019.06,19.1
Kolkata,Mumbai,1957,85.63,81.5,14.5,22.6,Economy,Air,32576.35,14.2
Delhi,Hyderabad,1334,70.79,71.4,25.2,69.8,Economy,Air,20769.0,13.1
Delhi,Pune,1532,56.29,17.7,27.8,20.6,Normal,Rail,2522.96,44.4
Kolkata,Mumbai,1957,44.21,92.3,64.1,72.4,Economy,Air,33765.37,12.5
Delhi,Mumbai,361,68.76,7.1,13.9,70.4,Economy,Road,977.66,31.9
Delhi,Kolkata,776,28.25,18.1,96.3,52.0,Economy,Air,4464.19,18.3
Ahmedabad,Delhi,555,82.08,86.9,36.2,30.5,Normal,Road,2458.43,35.2
Hyderabad,Bangalore,1863,57.06,62.9,11.6,57.4,Economy,Road,3851.95,84.8
Kolkata,Mumbai,1957,21.74,19.7,78.5,46.1,Express,Air,16844.96,16.8
Ahmedabad,Bangalore,1075,22.23,94.2,44.3,74.0,Express,Road,5432.58,28.4
Ahmedabad,Chennai,1240,92.59,47.1,24.7,39.3,Economy,Rail,2919.47,40.2
Kolkata,Mumbai,1957,63.2,13.1,83.3,65.8,Express,Rail,5819.42,35.1
Chennai,Hyderabad,801,64.98,46.3,79.2,39.8,Economy,Rail,1237.54,34.0
Chennai,Pune,757,92.63,83.9,6.3,8.8,Express,Rail,2960.38,32.5
Pune,Ahmedabad,1794,26.61,44.1,11.7,59.5,Normal,Rail,1459.36,38.9
Bangalore,Kolkata,1159,70.05,59.2,51.0,59.6,Express,Air,29092.46,21.6
Kolkata,Ahmedabad,996,91.43,53.1,8.3,75.3,Normal,Rail,2466.5,33.9
Bangalore,Mumbai,707,82.44,78.6,46.5,25.6,Economy,Air,11009.89,24.0
Mumbai,Ahmedabad,1164,10.53,73.3,60.6,93.8,Express,Air,33279.72,7.8
Kolkata,Ahmedabad,996,93.31,26.7,6.5,71.5,Economy,Air,18403.08,26.9
Delhi,Mumbai,361,91.01,82.6,97.4,71.8,Normal,Rail,1201.18,29.0
Delhi,Ahmedabad,354,40.07,48.8,52.9,51.7,Express,Air,5347.33,7.1
Ahmedabad,Kolkata,461,64.47,66.6,10.5,67.4,Normal,Road,1452.73,28.4
Bangalore,Hyderabad,751,72.47,59.7,40.2,34.1,Express,Air,20815.34,24.5
Pune,Chennai,498,75.43,35.8,45.7,47.2,Normal,Air,9907.63,22.6
Bangalore,Chennai,1449,85.7,86.5,47.3,24.1,Economy,Road,5304.35,71.1
Pune,Chennai,498,38.73,17.6,14.4,35.7,Normal,Air,4773.3,24.0
Hyderabad,Bangalore,1863,66.72,54.7,42.9,36.1,Normal,Rail,3618.65,41.5
Ahmedabad,Bangalore,1075,27.82,5.7,41.7,47.4,Express,Rail,1428.79,23.3
Chennai,Delhi,351,7.59,41.3,29.3,15.1,Economy,Rail,68.56,27.8
Ahmedabad,Delhi,555,0.99,81.2,84.2,24.2,Normal,Air,5048.82,20.5
Hyderabad,Pune,489,47.26,9.0,11.0,6.9,Economy,Rail,520.7,23.1
Kolkata,Mumbai,1957,91.67,53.7,44.1,21.5,Express,Rail,8446.41,41.7
Bangalore,Chennai,1449,98.32,78.8,31.4,11.6,Normal,Air,36174.79,15.6
Mumbai,Pune,1509,60.94,61.7,87.5,92.3,Express,Rail,6273.35,40.6
Kolkata,Chennai,869,21.37,42.0,30.7,6.3,Normal,Road,921.85,40.5
Ahmedabad,Delhi,555,98.79,97.5,6.3,35.6,Express,Air,22424.87,18.3
Hyderabad,Kolkata,989,82.92,77.3,9.3,67.5,Normal,Road,3828.61,34.7
Chennai,Pune,757,23.71,13.6,91.6,62.0,Economy,Rail,432.54,40.8
Ahmedabad,Mumbai,1398,84.52,19.6,26.6,58.5,Normal,Air,29302.46,15.4
Hyderabad,Kolkata,989,36.85,95.1,67.3,11.3,Normal,Air,8687.14,16.6
Delhi,Mumbai,361,0.87,54.6,73.8,84.7,Normal,Air,6185.05,15.0
Kolkata,Chennai,869,57.27,20.1,66.4,25.9,Normal,Road,2606.25,36.1
Kolkata,Mumbai,1957,46.2,84.7,32.8,54.1,Economy,Rail,2036.46,56.1
Bangalore,Hyderabad,751,96.68,91.9,13.2,13.8,Express,Road,5411.45,23.0
Delhi,Bangalore,747,82.42,83.1,58.5,44.4,Express,Air,24639.3,23.7
Bangalore,Mumbai,707,46.29,18.7,67.1,16.3,Express,Air,13366.96,7.9
Delhi,Mumbai,361,47.42,83.6,10.4,72.3,Normal,Rail,546.83,24.8
Ahmedabad,Chennai,1240,67.27,57.5,81.9,98.5,Express,Rail,5387.14,33.0
Pune,Bangalore,1536,31.74,24.2,54.9,98.9,Express,Air,18736.79,15.0
Bangalore,Ahmedabad,1506,51.66,38.5,11.2,51.9,Economy,Air,15812.16,28.2
Pune,Mumbai,1035,40.8,57.2,53.0,57.3,Normal,Rail,1192.19,22.7
Chennai,Hyderabad,801,48.16,12.5,27.6,42.9,Economy,Road,1424.08,48.2
Chennai,Hyderabad,801,85.05,75.1,57.0,81.7,Economy,Road,2958.48,45.7
Pune,Ahmedabad,1794,65.74,77.4,53.5,17.7,Economy,Air,25132.59,16.9
Chennai,Pune,757,12.28,48.2,17.5,50.7,Economy,Air,1879.58,18.4
Bangalore,Mumbai,707,27.85,72.1,68.0,85.7,Express,Rail,2731.01,13.1
Hyderabad,Chennai,869,42.36,36.2,53.5,44.3,Express,Air,14811.85,9.2
Hyderabad,Ahmedabad,1078,44.89,81.0,47.0,75.3,Economy,Air,13347.0,13.5
Hyderabad,Ahmedabad,1078,4.75,85.2,35.2,69.2,Economy,Rail,993.75,38.3
Bangalore,Kolkata,1159,27.75,83.1,30.0,34.6,Express,Air,11359.47,12.0
Kolkata,Bangalore,1854,95.12,66.9,71.6,76.5,Economy,Air,37339.31,13.9
Ahmedabad,Chennai,1240,32.77,76.3,82.8,78.8,Express,Road,9710.87,34.8
Ahmedabad,Kolkata,461,44.92,10.1,88.8,27.1,Normal,Air,4935.79,10.7
Pune,Bangalore,1536,57.66,32.9,91.9,99.0,Normal,Air,24626.16,23.6
Mumbai,Bangalore,1816,22.18,17.8,35.3,25.8,Normal,Air,10395.79,15.0
Ahmedabad,Delhi,555,45.57,92.1,62.1,71.8,Economy,Air,9005.62,13.4
Bangalore,Hyderabad,751,4.26,58.7,13.4,58.1,Express,Air,2473.32,21.4
Bangalore,Mumbai,707,30.36,40.7,99.3,40.4,Express,Rail,1065.28,16.8
Pune,Ahmedabad,1794,39.21,94.9,91.5,33.5,Normal,Rail,3262.06,47.8
Hyderabad,Ahmedabad,1078,63.4,38.9,31.9,12.8,Express,Rail,2932.67,36.2
Mumbai,Bangalore,1816,6.83,5.3,6.2,20.3,Economy,Road,497.48,77.9
Mumbai,Hyderabad,478,83.5,32.2,99.9,26.7,Normal,Rail,1237.54,29.6
Kolkata,Pune,1165,56.46,70.9,82.0,32.3,Express,Road,5023.46,27.8
Pune,Delhi,1004,66.61,99.7,97.3,78.2,Economy,Road,6001.4,51.3
Chennai,Kolkata,863,72.74,60.6,72.2,22.8,Express,Road,4628.64,21.4
Pune,Bangalore,1536,41.68,95.5,5.1,99.8,Express,Rail,3120.19,37.4
Chennai,Mumbai,528,79.45,84.6,17.7,71.4,Economy,Rail,1029.69,18.8
Bangalore,Hyderabad,751,44.05,45.2,26.0,45.0,Normal,Air,8667.98,22.7
Mumbai,Delhi,1685,15.4,33.9,82.4,16.4,Normal,Road,1327.75,59.2
Hyderabad,Chennai,869,46.06,85.9,91.3,46.3,Normal,Road,3388.07,26.2
Pune,Mumbai,1035,49.22,17.2,25.7,58.9,Normal,Air,13766.24,18.3
Hyderabad,Delhi,740,58.47,20.0,22.4,70.1,Normal,Rail,1379.0,16.7
Bangalore,Pune,1219,96.89,92.3,57.0,5.2,Economy,Air,25046.56,22.1
Bangalore,Pune,1219,93.71,97.0,79.1,92.9,Normal,Air,42570.07,16.9
Bangalore,Kolkata,1159,0.58,49.5,27.9,27.2,Normal,Rail,249.52,38.1
Hyderabad,Ahmedabad,1078,48.48,60.1,23.8,39.0,Economy,Rail,1303.61,41.9
Ahmedabad,Kolkata,461,82.48,25.3,17.7,70.4,Normal,Road,1932.79,23.8
Pune,Bangalore,1536,9.93,23.5,71.3,81.4,Express,Road,2865.75,42.8
Bangalore,Chennai,1449,31.55,60.3,35.8,94.1,Normal,Road,2904.1,43.9
Mumbai,Pune,1509,1.97,80.9,12.4,48.3,Economy,Air,3024.85,15.0
Kolkata,Mumbai,1957,33.4,48.1,10.0,66.0,Express,Road,4552.05,49.3
Bangalore,Mumbai,707,92.49,73.5,40.4,30.0,Express,Air,23031.37,6.0
Bangalore,Chennai,1449,18.91,52.7,88.1,97.8,Express,Rail,6407.08,25.8
Delhi,Mumbai,361,29.19,14.1,32.5,19.6,Normal,Rail,314.89,11.0
Hyderabad,Ahmedabad,1078,59.09,18.5,14.1,86.7,Normal,Road,2997.55,35.1
Delhi,Pune,1532,14.09,8.5,99.2,27.1,Express,Road,1516.69,36.5
Delhi,Hyderabad,1334,3.24,96.3,75.2,77.0,Economy,Road,6258.13,57.7
Bangalore,Kolkata,1159,10.55,26.6,21.6,22.2,Normal,Road,647.64,45.7
Kolkata,Delhi,313,83.32,44.1,31.9,17.0,Normal,Road,1304.11,27.6
Ahmedabad,Bangalore,1075,79.41,21.5,60.4,45.9,Economy,Rail,1915.14,44.7
Hyderabad,Mumbai,618,44.01,48.1,68.7,64.4,Economy,Rail,673.89,32.1
Delhi,Kolkata,776,47.45,27.0,43.5,78.6,Normal,Air,8611.68,24.7
Hyderabad,Pune,489,33.59,85.5,30.4,77.6,Normal,Road,960.61,28.4
Chennai,Kolkata,863,91.65,44.6,15.0,49.9,Normal,Road,3756.34,41.0
Delhi,Ahmedabad,354,87.88,78.9,95.2,92.8,Normal,Rail,1545.58,16.9
Pune,Mumbai,1035,76.31,88.7,59.8,89.4,Express,Road,6852.66,39.3
Pune,Bangalore,1536,92.42,19.3,14.8,50.1,Economy,Air,28151.04,27.4
Bangalore,Hyderabad,751,62.72,93.5,35.8,25.2,Express,Rail,2081.82,27.4
Bangalore,Hyderabad,751,57.99,44.2,14.6,74.4,Economy,Rail,1058.91,27.8
Mumbai,Bangalore,1816,10.07,86.7,69.0,52.5,Economy,Rail,2955.03,53.5
Ahmedabad,Chennai,1240,3.41,7.2,81.6,50.0,Normal,Road,362.19,49.5
Chennai,Ahmedabad,585,27.75,63.3,82.4,96.1,Express,Road,4447.67,28.1
Bangalore,Chennai,1449,13.62,16.6,32.1,79.5,Express,Rail,938.36,24.4
Kolkata,Pune,1165,14.84,59.9,84.0,20.6,Express,Rail,1052.98,35.7
Bangalore,Kolkata,1159,11.33,18.2,93.4,86.8,Express,Air,13849.96,13.4
Kolkata,Ahmedabad,996,84.72,12.6,68.4,22.2,Normal,Air,22829.49,17.4
Mumbai,Kolkata,1416,41.29,99.0,7.4,69.8,Express,Road,4138.08,29.6
Mumbai,Bangalore,1816,11.19,38.2,78.5,7.6,Normal,Air,4823.1,22.3
Chennai,Pune,757,75.56,23.5,27.0,97.3,Economy,Rail,1487.44,32.3
Bangalore,Hyderabad,751,27.73,80.5,31.7,83.4,Express,Air,11424.65,24.2
Pune,Bangalore,1536,60.25,8.6,99.4,91.3,Economy,Road,3628.06,78.6
Mumbai,Pune,1509,2.98,85.6,67.3,92.7,Economy,Road,6485.07,72.7
Pune,Chennai,498,40.72,56.7,8.1,96.7,Express,Air,6904.17,7.1
Bangalore,Delhi,1766,50.44,75.6,36.3,57.6,Economy,Road,3356.09,74.7
Ahmedabad,Kolkata,461,98.44,14.1,84.5,93.2,Economy,Road,1968.0,22.5
Ahmedabad,Chennai,1240,85.59,89.0,80.1,16.0,Economy,Air,19518.71,26.4
Chennai,Mumbai,528,30.69,49.1,87.4,20.3,Express,Air,6444.87,6.5
Delhi,Pune,1532,53.59,85.9,33.4,18.0,Normal,Air,18780.69,11.6
Pune,Bangalore,1536,84.99,40.0,41.2,86.7,Economy,Air,23872.69,27.9
Chennai,Hyderabad,801,50.18,63.4,15.6,98.7,Economy,Air,8840.72,19.1
Mumbai,Delhi,1685,28.75,9.5,72.4,12.8,Normal,Road,2340.56,58.6
Delhi,Bangalore,747,7.11,57.0,82.3,37.0,Normal,Road,1363.39,28.9
Mumbai,Chennai,1808,14.32,39.5,51.2,81.8,Express,Rail,2737.0,37.8
Hyderabad,Bangalore,1863,39.35,31.8,59.2,95.2,Economy,Road,2657.09,88.2
Hyderabad,Bangalore,1863,45.42,94.2,92.1,24.8,Normal,Air,20292.3,27.3
Ahmedabad,Hyderabad,1430,72.58,48.3,42.0,17.7,Express,Rail,4581.87,26.8
Chennai,Bangalore,1818,2.74,9.1,32.9,99.9,Normal,Road,580.59,61.3
Pune,Ahmedabad,1794,18.41,8.8,71.5,47.3,Economy,Road,1189.9,89.4
Pune,Kolkata,841,60.15,68.9,98.9,81.4,Economy,Rail,2075.92,32.9
Delhi,Mumbai,361,50.4,15.6,38.4,80.3,Economy,Road,688.38,21.3
Delhi,Ahmedabad,354,1.81,31.4,36.0,19.8,Economy,Rail,50.0,19.0
Chennai,Delhi,351,9.68,74.0,57.7,48.0,Economy,Road,560.89,32.0
Bangalore,Delhi,1766,66.87,83.5,94.8,34.9,Normal,Rail,3845.78,44.3
Delhi,Pune,1532,1.26,93.3,32.5,65.8,Express,Rail,3002.18,22.9
Ahmedabad,Kolkata,461,24.41,17.1,56.3,85.9,Economy,Rail,248.59,32.4
Hyderabad,Mumbai,618,30.48,63.3,87.8,17.0,Express,Road,1534.2,23.7
Pune,Ahmedabad,1794,45.69,74.6,64.7,57.3,Economy,Road,4081.64,92.1
Bangalore,Chennai,1449,38.86,76.8,52.3,91.7,Express,Air,43774.96,10.6
Mumbai,Hyderabad,478,15.02,26.1,67.8,73.9,Express,Rail,534.52,14.8
Pune,Kolkata,841,57.78,35.3,36.5,35.7,Normal,Rail,1540.66,24.4
Chennai,Kolkata,863,76.08,22.7,90.0,5.1,Normal,Air,17939.96,6.7
Kolkata,Delhi,313,89.44,54.4,81.1,45.8,Normal,Road,1463.53,20.1
Bangalore,Mumbai,707,45.51,31.0,47.2,9.1,Normal,Rail,896.52,34.1
Pune,Hyderabad,1952,56.23,33.4,90.4,10.6,Normal,Road,5636.25,56.8
Pune,Kolkata,841,61.57,65.8,85.6,33.1,Normal,Rail,1638.5,36.2
Hyderabad,Pune,489,87.71,5.9,31.8,22.5,Express,Road,3474.72,18.0
Chennai,Pune,757,3.68,12.6,72.4,34.2,Express,Rail,205.84,21.6
Mumbai,Delhi,1685,53.69,35.0,31.8,95.9,Economy,Rail,2029.71,62.3
Chennai,Mumbai,528,28.12,40.0,10.8,99.7,Economy,Road,612.56,31.0
Kolkata,Delhi,313,18.54,26.1,12.8,65.8,Economy,Air,1134.35,5.3
Delhi,Kolkata,776,43.79,22.5,88.8,63.6,Economy,Rail,759.75,42.4
Delhi,Pune,1532,13.54,33.7,43.7,56.4,Economy,Road,989.31,62.0
Pune,Bangalore,1536,60.61,50.1,99.1,5.5,Economy,Road,3961.76,83.9
Mumbai,Pune,1509,23.45,19.9,9.3,55.5,Normal,Road,1657.82,40.2
Chennai,Ahmedabad,585,57.86,66.1,25.1,63.8,Normal,Air,8440.39,5.2
Chennai,Mumbai,528,71.02,66.6,45.9,40.8,Economy,Rail,877.75,23.4
Ahmedabad,Chennai,1240,51.66,40.0,97.1,34.4,Express,Rail,2928.39,36.8
Bangalore,Chennai,1449,28.92,79.1,74.1,97.9,Economy,Air,31491.59,21.8
Ahmedabad,Bangalore,1075,91.65,55.8,12.2,36.5,Normal,Rail,3093.99,32.0
Mumbai,Kolkata,1416,29.92,76.9,23.6,63.4,Economy,Road,1752.31,70.7
Pune,Hyderabad,1952,43.09,10.5,21.8,49.7,Normal,Road,3890.18,58.8
Mumbai,Pune,1509,70.18,35.5,57.0,43.6,Economy,Air,21709.61,13.1
Mumbai,Bangalore,1816,48.11,57.0,93.1,7.3,Express,Rail,4035.82,28.9
Delhi,Mumbai,361,68.55,16.7,38.8,19.8,Economy,Rail,631.78,18.7
Hyderabad,Bangalore,1863,22.46,52.3,12.9,85.4,Express,Rail,1767.16,42.5
Bangalore,Ahmedabad,1506,83.1,78.4,28.3,76.5,Express,Air,43631.52,19.9
Bangalore,Mumbai,707,26.34,37.7,67.6,52.7,Normal,Rail,582.56,24.5
Kolkata,Chennai,869,49.34,57.6,81.1,52.2,Normal,Air,9800.65,23.8
Delhi,Chennai,365,9.88,79.0,68.4,7.9,Normal,Rail,100.91,15.9
Pune,Bangalore,1536,86.65,88.3,87.8,40.0,Economy,Rail,2991.8,59.6
Bangalore,Pune,1219,91.0,51.5,84.3,68.9,Normal,Rail,3403.48,31.5
Ahmedabad,Kolkata,461,29.7,45.5,20.6,82.3,Express,Rail,641.78,10.2
Pune,Hyderabad,1952,14.24,5.6,44.3,17.3,Express,Rail,1207.56,33.6
Mumbai,Ahmedabad,1164,81.93,10.2,45.1,17.0,Normal,Rail,2981.71,41.0
Hyderabad,Ahmedabad,1078,2.67,46.9,78.9,29.5,Normal,Road,1076.26,37.4
Hyderabad,Chennai,869,19.01,79.8,32.8,51.9,Express,Air,9623.83,19.9
Chennai,Delhi,351,91.12,97.4,73.7,49.0,Economy,Rail,708.68,26.8
Chennai,Bangalore,1818,2.91,26.9,63.0,17.7,Normal,Rail,330.83,55.2
Delhi,Pune,1532,24.68,47.2,74.5,19.8,Economy,Air,7862.49,9.7
Pune,Bangalore,1536,40.32,74.3,6.1,23.7,Express,Road,4803.63,48.4
Pune,Mumbai,1035,0.93,11.4,18.1,80.4,Economy,Road,146.2,63.3
Kolkata,Ahmedabad,996,91.85,17.0,82.6,78.5,Express,Road,6455.83,30.8
Ahmedabad,Hyderabad,1430,57.84,7.2,80.0,20.8,Express,Air,31669.61,20.8
Mumbai,Hyderabad,478,21.08,5.8,36.9,69.3,Express,Rail,488.86,22.0
Chennai,Kolkata,863,98.54,92.1,31.6,72.9,Economy,Road,3651.34,46.5
Mumbai,Kolkata,1416,93.09,40.5,83.4,97.1,Economy,Road,4859.54,63.1
Ahmedabad,Delhi,555,78.81,55.4,70.6,72.3,Economy,Air,9408.86,16.0
Chennai,Delhi,351,25.9,11.5,31.8,30.8,Economy,Rail,214.07,20.3
Bangalore,Pune,1219,33.35,54.6,67.2,31.1,Express,Road,3035.19,32.2
Chennai,Mumbai,528,4.69,65.7,14.8,43.3,Normal,Rail,127.56,28.9
Ahmedabad,Kolkata,461,26.6,13.7,93.1,8.5,Normal,Air,2822.06,15.5
Bangalore,Ahmedabad,1506,70.32,46.4,15.1,54.0,Normal,Rail,3482.66,37.6
Mumbai,Kolkata,1416,57.34,83.5,41.6,38.8,Express,Air,30577.35,9.2
Mumbai,Bangalore,1816,87.04,73.3,87.2,36.6,Express,Road,11558.3,47.1
Mumbai,Kolkata,1416,35.1,36.1,72.0,56.8,Economy,Rail,1300.64,54.4
Delhi,Ahmedabad,354,16.34,43.0,18.5,49.5,Express,Rail,251.71,21.4
Kolkata,Bangalore,1854,43.06,51.1,87.6,5.4,Economy,Road,2970.83,77.8
Ahmedabad,Mumbai,1398,48.16,41.5,61.3,82.1,Economy,Rail,1556.61,56.1
Chennai,Mumbai,528,32.33,88.1,40.2,33.5,Economy,Road,615.13,40.3
Chennai,Kolkata,863,91.65,92.8,16.9,73.6,Economy,Air,15681.74,17.9
Delhi,Bangalore,747,79.44,49.6,92.4,95.3,Economy,Road,2807.85,34.8
Delhi,Hyderabad,1334,73.38,67.0,92.5,23.8,Express,Road,6620.16,32.2
Chennai,Pune,757,14.58,86.5,18.4,33.0,Normal,Rail,312.34,18.1
Ahmedabad,Pune,900,82.25,67.9,98.6,13.9,Express,Air,29998.4,18.9
Ahmedabad,Chennai,1240,37.93,72.4,46.3,78.3,Normal,Rail,1916.35,35.0
Pune,Kolkata,841,85.54,23.5,79.0,6.5,Express,Air,26257.67,21.6
Kolkata,Mumbai,1957,98.65,41.1,72.7,23.6,Normal,Air,45371.45,10.6
Mumbai,Kolkata,1416,8.06,29.5,98.5,71.8,Normal,Road,2872.61,51.3
Pune,Chennai,498,76.35,36.8,79.9,60.7,Economy,Rail,828.06,17.8
Pune,Hyderabad,1952,82.97,19.4,5.8,52.9,Economy,Rail,3769.32,57.7
Kolkata,Pune,1165,47.14,36.9,48.3,57.8,Economy,Road,2117.05,62.0
Hyderabad,Bangalore,1863,89.5,62.0,15.2,59.2,Normal,Air,38277.24,12.4
Pune,Hyderabad,1952,39.04,31.9,84.0,82.2,Economy,Road,3158.69,94.3
Delhi,Pune,1532,65.91,45.2,18.9,54.3,Normal,Rail,3052.69,46.1
Delhi,Hyderabad,1334,50.06,17.2,5.2,82.0,Express,Air,25920.51,16.7
Chennai,Ahmedabad,585,30.77,75.9,80.0,35.4,Express,Road,1908.61,18.1
Delhi,Bangalore,747,87.8,43.1,66.9,74.3,Express,Air,25704.16,11.6
Pune,Ahmedabad,1794,65.72,25.6,61.8,77.4,Economy,Road,4328.79,79.8
Chennai,Kolkata,863,82.17,60.9,11.3,47.1,Economy,Air,12774.36,23.9
Chennai,Mumbai,528,52.91,98.3,26.9,71.4,Normal,Road,1350.76,30.2
Delhi,Kolkata,776,68.45,64.1,26.9,92.7,Express,Road,4090.04,19.1
Pune,Bangalore,1536,17.45,92.0,7.3,79.9,Economy,Road,1176.13,72.2
Mumbai,Delhi,1685,85.38,87.2,59.3,79.1,Express,Rail,6822.37,42.5
Bangalore,Chennai,1449,99.35,87.0,13.4,98.1,Express,Air,58809.18,20.9
Chennai,Pune,757,61.48,52.2,24.3,47.5,Express,Rail,2294.84,23.8
Mumbai,Hyderabad,478,31.19,68.4,62.6,50.1,Normal,Air,5499.78,20.1
Mumbai,Bangalore,1816,81.32,45.6,70.6,14.3,Normal,Rail,4340.05,49.8
Bangalore,Ahmedabad,1506,92.72,46.1,55.0,68.2,Normal,Road,6406.21,60.4
Delhi,Bangalore,747,92.47,21.3,20.1,45.4,Normal,Rail,2078.35,17.1
Bangalore,Ahmedabad,1506,64.54,13.1,42.5,82.6,Economy,Road,3927.0,75.6
Chennai,Bangalore,1818,29.5,60.5,81.8,58.7,Economy,Road,4075.86,83.5
Delhi,Bangalore,747,32.61,62.3,52.1,33.2,Express,Road,1977.57,31.6
Chennai,Delhi,351,3.42,11.9,72.5,93.8,Economy,Rail,125.69,21.3
Ahmedabad,Kolkata,461,58.48,59.3,95.6,18.2,Normal,Rail,784.66,21.7
Mumbai,Hyderabad,478,11.86,97.8,54.9,8.7,Express,Rail,269.08,21.1
Kolkata,Delhi,313,59.64,65.7,54.7,47.5,Normal,Rail,575.64,22.3
Chennai,Pune,757,14.56,23.6,16.7,74.5,Economy,Rail,271.6,31.4
Chennai,Bangalore,1818,27.89,59.3,97.1,43.1,Express,Air,32786.64,10.0
Bangalore,Ahmedabad,1506,60.67,83.0,65.2,6.5,Economy,Road,3299.25,78.4
Chennai,Mumbai,528,81.33,79.6,90.9,66.9,Normal,Road,2432.95,27.0
Bangalore,Ahmedabad,1506,94.55,74.8,32.4,7.4,Normal,Rail,4599.95,46.2
Kolkata,Delhi,313,39.41,68.0,61.8,90.6,Express,Rail,1020.14,18.7
Ahmedabad,Pune,900,21.22,66.4,29.0,40.4,Normal,Rail,598.67,31.4
Pune,Delhi,1004,92.78,53.8,68.3,87.9,Express,Road,7386.72,38.9
Hyderabad,Ahmedabad,1078,54.93,45.8,20.2,44.6,Normal,Road,2921.75,36.4
Hyderabad,Mumbai,618,15.85,86.8,82.1,49.9,Express,Rail,1781.88,23.4
Bangalore,Mumbai,707,77.43,66.8,78.3,63.0,Economy,Air,11669.28,10.9
Pune,Kolkata,841,69.21,87.3,8.0,7.3,Express,Rail,2524.5,32.8
Chennai,Kolkata,863,17.9,30.6,49.0,74.6,Economy,Road,765.74,53.3
Bangalore,Kolkata,1159,5.05,49.4,26.6,75.1,Economy,Air,4405.49,26.0
Chennai,Mumbai,528,56.44,7.7,45.1,36.8,Normal,Road,1446.61,31.4
Chennai,Delhi,351,99.25,7.2,22.6,58.4,Normal,Road,1687.29,16.2
Ahmedabad,Kolkata,461,26.85,70.0,68.9,27.1,Economy,Rail,304.22,22.9
Mumbai,Pune,1509,72.29,91.0,15.6,27.7,Normal,Air,24703.49,10.7
Hyderabad,Mumbai,618,88.55,82.6,19.2,46.2,Express,Rail,2662.59,18.5
Chennai,Kolkata,863,36.67,26.2,23.3,72.9,Normal,Rail,910.0,24.9
Pune,Chennai,498,79.92,83.3,64.5,60.5,Normal,Road,1822.21,35.3
Hyderabad,Pune,489,36.07,76.8,25.9,48.1,Economy,Rail,392.48,32.4
Pune,Bangalore,1536,20.38,47.0,41.6,99.8,Economy,Road,2478.21,72.9
Pune,Hyderabad,1952,72.33,87.6,20.8,45.4,Economy,Road,5933.58,75.5
Mumbai,Kolkata,1416,97.58,67.2,42.3,6.3,Express,Road,10205.26,39.5
Pune,Mumbai,1035,2.51,85.2,92.7,61.8,Economy,Rail,2543.56,38.4
Chennai,Hyderabad,801,33.33,63.5,61.1,18.6,Economy,Air,5557.21,10.9
Mumbai,Ahmedabad,1164,95.25,25.5,79.3,83.6,Express,Air,41831.01,15.5
Mumbai,Hyderabad,478,29.53,19.5,18.8,62.7,Economy,Rail,325.07,28.5
Delhi,Pune,1532,72.37,15.2,29.3,49.8,Normal,Rail,3245.36,40.1
Mumbai,Hyderabad,478,33.46,61.1,76.1,64.7,Economy,Road,1155.31,35.6
Bangalore,Ahmedabad,1506,88.35,40.4,92.0,13.0,Economy,Air,27426.24,27.8
Ahmedabad,Bangalore,1075,12.31,66.0,35.5,43.8,Express,Air,7636.4,14.9
Delhi,Bangalore,747,90.37,96.2,81.8,91.4,Economy,Road,4306.12,36.8
Mumbai,Hyderabad,478,5.83,52.8,26.7,63.8,Economy,Road,350.39,32.4
Mumbai,Pune,1509,32.57,25.7,48.7,78.9,Economy,Road,1910.48,75.0
Ahmedabad,Chennai,1240,44.49,32.7,85.8,75.3,Express,Road,4032.61,29.5
Hyderabad,Chennai,869,1.53,98.9,5.6,78.7,Normal,Air,2010.12,15.5
Chennai,Mumbai,528,74.61,34.4,37.9,10.3,Express,Rail,1773.8,18.0
Bangalore,Hyderabad,751,78.02,30.9,62.4,73.3,Economy,Rail,1380.38,37.1
Kolkata,Hyderabad,1729,7.35,72.5,18.9,79.9,Express,Air,13050.8,11.1
Delhi,Bangalore,747,17.67,9.6,76.3,14.5,Economy,Rail,308.89,27.4
Delhi,Chennai,365,10.3,55.9,57.0,39.4,Economy,Road,332.23,21.8
Mumbai,Pune,1509,67.38,54.7,73.7,65.5,Economy,Rail,2606.7,51.1
Mumbai,Hyderabad,478,93.87,50.5,28.3,41.1,Economy,Rail,1130.52,22.3
Ahmedabad,Bangalore,1075,48.47,9.4,7.2,17.3,Normal,Air,13592.36,25.6
Chennai,Bangalore,1818,11.86,27.9,58.3,87.8,Economy,Air,10741.14,16.2
Delhi,Mumbai,361,46.15,55.3,12.7,15.5,Express,Road,1280.05,16.8
Kolkata,Delhi,313,42.32,49.9,63.6,37.7,Normal,Road,675.56,21.7
Bangalore,Ahmedabad,1506,44.89,70.0,16.1,76.7,Express,Air,24922.04,14.5
Hyderabad,Bangalore,1863,11.1,75.5,77.7,41.3,Normal,Air,21298.97,14.6
Bangalore,Ahmedabad,1506,10.3,56.7,85.9,50.4,Normal,Road,3449.81,52.7
Kolkata,Hyderabad,1729,38.39,11.5,33.2,42.1,Normal,Road,3314.99,49.0
Kolkata,Hyderabad,1729,11.49,81.5,44.5,14.2,Normal,Road,1018.38,47.5
Bangalore,Chennai,1449,60.3,99.1,75.0,24.7,Normal,Rail,2610.34,37.6
Pune,Kolkata,841,97.71,41.8,53.5,50.9,Economy,Road,3206.37,55.1
Chennai,Ahmedabad,585,28.19,25.9,69.9,92.5,Economy,Rail,491.77,20.8
Hyderabad,Kolkata,989,97.57,75.9,18.8,95.7,Express,Road,7470.76,38.9
Pune,Delhi,1004,60.03,31.6,9.1,30.1,Normal,Air,16383.35,7.7
Ahmedabad,Mumbai,1398,13.26,19.9,50.6,54.3,Economy,Road,746.91,67.5
Pune,Hyderabad,1952,5.82,83.6,36.8,47.6,Express,Air,22682.59,20.0
Ahmedabad,Delhi,555,58.37,47.6,62.0,35.0,Economy,Road,1293.31,34.1
Pune,Ahmedabad,1794,33.91,44.7,54.1,14.0,Express,Air,23556.24,24.6
Chennai,Bangalore,1818,8.16,25.1,81.1,86.1,Express,Rail,2814.01,44.0
Bangalore,Pune,1219,9.86,61.7,98.2,39.8,Normal,Rail,1875.91,40.4
Mumbai,Bangalore,1816,59.87,62.8,25.7,91.8,Express,Road,7483.49,42.2
Chennai,Bangalore,1818,53.27,95.0,71.3,15.8,Economy,Air,20621.36,18.0
Ahmedabad,Delhi,555,19.26,69.9,21.3,42.0,Express,Road,789.13,29.7
Mumbai,Bangalore,1816,61.59,55.1,30.4,8.5,Economy,Rail,2785.94,57.3
Delhi,Kolkata,776,36.05,33.1,54.0,36.6,Economy,Rail,697.56,41.4
Bangalore,Hyderabad,751,59.97,60.7,77.1,16.7,Normal,Rail,1486.02,28.5
Delhi,Ahmedabad,354,77.83,89.7,15.1,81.8,Economy,Air,5731.4,16.1
Mumbai,Hyderabad,478,74.04,98.2,95.1,29.1,Normal,Rail,1146.25,14.7
Delhi,Hyderabad,1334,19.19,82.1,16.5,56.5,Economy,Air,5220.48,9.8
Bangalore,Hyderabad,751,77.37,28.9,27.2,34.8,Economy,Road,2372.12,44.8
Ahmedabad,Kolkata,461,40.29,67.8,37.1,96.0,Economy,Air,4530.43,11.6
Ahmedabad,Mumbai,1398,63.15,91.9,8.1,98.6,Express,Air,35531.39,15.3
Bangalore,Delhi,1766,65.26,77.2,13.8,43.0,Economy,Road,4957.88,78.9
Bangalore,Ahmedabad,1506,45.56,50.4,17.9,50.5,Economy,Air,13156.57,26.5
Kolkata,Mumbai,1957,65.22,66.4,74.8,94.8,Economy,Air,37718.23,27.1
Bangalore,Pune,1219,81.03,44.1,91.7,22.6,Economy,Rail,2281.8,38.8
Mumbai,Hyderabad,478,79.19,32.6,21.0,77.3,Express,Rail,1585.95,10.7
Kolkata,Mumbai,1957,80.95,76.6,5.7,62.1,Normal,Rail,4610.98,41.0
Pune,Hyderabad,1952,6.98,37.0,99.0,5.8,Express,Rail,564.45,30.6
Mumbai,Ahmedabad,1164,47.01,35.4,83.9,17.8,Normal,Road,2836.87,44.0
Delhi,Bangalore,747,86.08,68.4,83.1,11.7,Express,Road,4647.38,21.9
Delhi,Chennai,365,63.6,21.6,50.6,72.6,Normal,Air,5993.81,16.8
Delhi,Kolkata,776,35.02,27.0,41.5,59.0,Economy,Road,1114.22,48.4
Chennai,Pune,757,62.3,26.9,80.4,17.0,Express,Air,18954.03,12.6
Delhi,Kolkata,776,74.6,30.7,23.2,81.6,Express,Air,21877.05,9.8
Bangalore,Ahmedabad,1506,37.41,94.2,75.1,41.2,Express,Rail,4133.56,37.1
Hyderabad,Pune,489,29.15,32.0,74.1,21.8,Express,Road,1080.73,21.3
Bangalore,Delhi,1766,82.21,7.1,86.9,20.5,Express,Air,58836.3,18.9
Hyderabad,Kolkata,989,27.56,98.6,50.6,65.0,Economy,Road,2601.4,55.5
Pune,Delhi,1004,33.01,35.7,14.1,86.9,Normal,Rail,903.74,36.6
Bangalore,Chennai,1449,4.24,61.2,60.9,31.0,Express,Air,13685.16,11.4
Kolkata,Hyderabad,1729,73.11,66.3,68.4,54.1,Normal,Rail,3754.27,44.6
Ahmedabad,Chennai,1240,41.15,15.1,71.5,86.2,Economy,Rail,1245.26,37.6
Ahmedabad,Chennai,1240,8.54,96.5,25.4,54.7,Express,Rail,1377.36,34.7
Pune,Bangalore,1536,72.93,5.0,37.2,56.6,Express,Rail,5488.24,30.3
Kolkata,Delhi,313,56.52,73.7,22.2,32.0,Economy,Rail,433.98,20.7
Hyderabad,Chennai,869,88.35,99.3,31.4,77.1,Economy,Air,14848.89,23.7
Bangalore,Ahmedabad,1506,34.64,9.3,83.4,76.2,Normal,Road,2762.5,50.6
Delhi,Ahmedabad,354,80.25,16.8,96.1,85.2,Normal,Road,1556.88,18.0
Hyderabad,Pune,489,70.72,51.6,75.7,76.8,Normal,Air,9497.48,13.1
Bangalore,Kolkata,1159,64.86,59.4,77.1,43.7,Express,Road,5830.97,33.3
Bangalore,Chennai,1449,72.15,13.0,78.1,85.8,Economy,Rail,2533.81,46.0
Bangalore,Chennai,1449,76.03,66.1,52.9,40.0,Express,Rail,4917.55,36.2
Chennai,Mumbai,528,39.04,44.4,9.9,23.5,Normal,Road,979.89,21.9
Kolkata,Bangalore,1854,51.11,61.8,76.0,73.3,Economy,Road,5144.3,79.0
Bangalore,Delhi,1766,44.25,45.1,50.3,85.0,Economy,Rail,2019.08,68.9
Kolkata,Delhi,313,86.71,48.8,89.2,21.4,Normal,Road,1326.65,21.4
Hyderabad,Ahmedabad,1078,4.59,63.4,91.4,91.9,Express,Rail,5490.86,25.9
Hyderabad,Kolkata,989,27.63,32.3,27.7,32.1,Express,Air,9907.65,22.4
Ahmedabad,Hyderabad,1430,46.24,29.1,83.5,7.6,Economy,Rail,1551.82,48.7
Chennai,Delhi,351,87.28,7.1,87.3,45.0,Normal,Road,1472.98,16.7
Mumbai,Chennai,1808,32.05,49.8,24.7,78.8,Economy,Air,11794.09,22.6
Chennai,Kolkata,863,85.19,75.2,80.6,40.4,Normal,Air,18402.68,11.4
Kolkata,Delhi,313,24.79,98.4,81.0,67.2,Normal,Rail,954.78,28.0
Delhi,Bangalore,747,43.27,8.0,69.9,92.0,Economy,Road,1230.91,49.4
Mumbai,Chennai,1808,6.46,28.3,34.2,99.0,Express,Rail,1660.33,35.3
Pune,Ahmedabad,1794,31.78,12.6,57.0,69.9,Normal,Air,13440.99,23.7
Kolkata,Bangalore,1854,42.93,34.6,34.1,47.6,Economy,Air,16373.19,19.9
Chennai,Delhi,351,72.19,74.6,44.1,68.8,Normal,Air,6823.0,5.0
Hyderabad,Ahmedabad,1078,13.75,43.4,97.9,60.7,Economy,Air,11436.52,21.3
Bangalore,Hyderabad,751,23.54,74.3,59.6,22.7,Normal,Rail,568.05,32.8
Bangalore,Kolkata,1159,53.74,21.6,19.8,29.1,Normal,Road,2937.52,38.4
Chennai,Delhi,351,48.71,47.9,28.1,57.4,Economy,Rail,406.54,20.0
Kolkata,Bangalore,1854,30.27,33.7,17.2,22.9,Express,Rail,2415.33,41.5
Delhi,Hyderabad,1334,22.98,52.9,66.3,84.6,Economy,Air,17149.29,23.2
Pune,Bangalore,1536,31.35,87.4,52.2,33.7,Economy,Road,2106.96,68.0
Bangalore,Chennai,1449,14.56,53.8,23.6,90.6,Normal,Rail,1007.0,30.3
Hyderabad,Ahmedabad,1078,17.19,16.3,57.3,36.1,Express,Air,6334.6,11.6
Mumbai,Ahmedabad,1164,97.13,57.6,40.6,39.3,Express,Road,8270.5,36.2
Bangalore,Kolkata,1159,20.95,86.1,60.8,34.5,Express,Road,3169.76,26.0
Chennai,Mumbai,528,96.07,11.2,29.5,41.6,Normal,Road,2639.51,21.9
Delhi,Chennai,365,69.07,88.2,59.6,75.7,Economy,Road,1241.08,20.4
Mumbai,Kolkata,1416,31.78,49.9,23.4,13.6,Economy,Rail,1128.34,41.5
Hyderabad,Ahmedabad,1078,35.96,23.6,10.1,11.0,Economy,Road,1454.4,52.9
Ahmedabad,Bangalore,1075,53.52,68.8,14.5,9.5,Express,Rail,2516.83,29.9
Hyderabad,Delhi,740,45.93,75.4,72.3,27.6,Normal,Rail,1119.15,31.5
Delhi,Kolkata,776,59.31,18.4,94.2,86.5,Express,Rail,2005.34,18.4
Mumbai,Kolkata,1416,91.78,81.4,7.2,97.3,Express,Air,47589.37,19.8
Mumbai,Chennai,1808,6.36,76.6,84.8,71.7,Express,Air,58511.46,9.3
Mumbai,Bangalore,1816,53.79,44.7,52.8,17.0,Express,Road,7520.81,54.3
Pune,Mumbai,1035,65.21,41.2,63.7,79.0,Economy,Road,2715.39,53.8
Mumbai,Hyderabad,478,0.89,37.8,26.9,67.9,Express,Air,2684.3,11.8
Delhi,Pune,1532,13.7,64.6,9.7,24.1,Economy,Road,763.41,72.4
Kolkata,Ahmedabad,996,34.29,51.9,17.2,81.5,Express,Rail,1671.9,21.8
Kolkata,Delhi,313,19.03,73.1,9.2,69.3,Express,Air,2020.59,22.7
Pune,Chennai,498,80.7,9.2,57.5,21.5,Economy,Rail,870.54,34.1
Ahmedabad,Delhi,555,45.39,81.4,70.8,62.7,Normal,Road,2092.93,34.0
Hyderabad,Bangalore,1863,39.52,70.3,24.4,13.9,Normal,Rail,2264.88,50.3
Bangalore,Kolkata,1159,56.11,55.4,93.0,47.1,Normal,Rail,1921.9,44.7
Bangalore,Chennai,1449,21.0,67.6,10.0,66.5,Economy,Air,5505.25,9.9
Bangalore,Kolkata,1159,38.53,92.6,50.8,61.0,Express,Rail,3234.14,27.9
Chennai,Mumbai,528,51.14,24.7,16.5,73.5,Normal,Air,6867.75,11.6
Bangalore,Kolkata,1159,17.26,73.2,32.5,12.0,Express,Road,1428.19,40.2
Hyderabad,Mumbai,618,31.11,17.2,27.7,39.0,Economy,Air,3775.09,6.9
Hyderabad,Ahmedabad,1078,22.5,67.5,42.4,5.7,Express,Rail,1171.05,25.3
Pune,Ahmedabad,1794,80.07,41.1,67.8,61.3,Economy,Rail,3636.62,63.5
Delhi,Pune,1532,88.65,54.9,20.7,56.0,Economy,Road,5461.74,64.9
Chennai,Bangalore,1818,89.88,53.9,45.6,74.1,Express,Rail,7330.96,34.7
Chennai,Kolkata,863,94.93,31.5,81.2,25.8,Normal,Air,19582.95,17.2
Hyderabad,Mumbai,618,8.4,39.0,24.1,94.1,Normal,Rail,340.0,26.7
Delhi,Kolkata,776,70.15,51.4,56.1,48.4,Normal,Road,2976.02,34.4
Pune,Hyderabad,1952,88.79,93.2,45.7,35.7,Economy,Air,35716.79,22.6
Pune,Delhi,1004,33.8,30.5,43.6,79.8,Economy,Rail,859.83,46.5
Pune,Bangalore,1536,53.17,45.5,93.9,5.8,Economy,Air,17821.55,18.6
Delhi,Chennai,365,83.59,42.6,23.2,8.6,Express,Rail,1393.73,11.5
Kolkata,Mumbai,1957,13.06,31.7,56.4,75.8,Normal,Air,13526.51,16.1
Chennai,Kolkata,863,63.03,77.8,46.4,70.9,Economy,Air,11693.26,12.3
Bangalore,Mumbai,707,91.04,57.6,11.8,86.2,Economy,Rail,1621.31,38.9
Pune,Bangalore,1536,98.68,51.2,93.2,36.0,Normal,Rail,4893.44,40.5
Pune,Chennai,498,61.7,46.6,86.3,93.5,Normal,Air,9738.32,6.0
Hyderabad,Ahmedabad,1078,21.02,92.9,86.0,33.4,Express,Road,3975.82,37.8
Hyderabad,Bangalore,1863,44.72,64.5,69.9,81.3,Normal,Air,31020.03,25.7
Hyderabad,Delhi,740,72.4,85.7,66.7,67.4,Express,Road,4585.18,26.5
Hyderabad,Kolkata,989,14.31,91.8,41.7,44.6,Economy,Air,6579.58,17.2
Kolkata,Hyderabad,1729,39.84,47.4,62.9,84.1,Normal,Rail,2383.82,45.7
Mumbai,Kolkata,1416,50.73,48.3,40.6,11.5,Express,Air,27950.44,21.8
Delhi,Ahmedabad,354,21.0,14.5,92.2,63.9,Economy,Air,1563.92,15.5
Hyderabad,Ahmedabad,1078,57.25,30.9,47.3,38.3,Normal,Air,16656.68,13.4
Kolkata,Hyderabad,1729,61.47,66.6,72.3,65.7,Normal,Road,5999.29,56.1
Ahmedabad,Chennai,1240,33.96,44.0,58.5,95.3,Express,Road,4863.82,36.9
Chennai,Bangalore,1818,40.79,95.2,27.9,87.2,Normal,Road,4092.73,51.6
Chennai,Hyderabad,801,5.25,16.7,36.6,29.0,Normal,Road,221.47,29.7
Mumbai,Pune,1509,89.5,29.9,56.0,17.7,Normal,Rail,4025.98,37.2
Mumbai,Ahmedabad,1164,34.59,66.6,74.5,51.3,Economy,Rail,1431.8,42.8
Bangalore,Kolkata,1159,66.69,19.4,86.8,56.0,Normal,Rail,2343.25,38.1
Hyderabad,Bangalore,1863,74.81,33.6,51.3,93.2,Economy,Air,27365.69,24.8
Kolkata,Hyderabad,1729,64.21,78.8,44.0,27.6,Express,Air,42924.43,12.7
Chennai,Delhi,351,2.32,14.7,43.0,61.3,Normal,Air,709.44,24.2
Ahmedabad,Hyderabad,1430,81.03,82.9,28.3,32.6,Express,Rail,5437.08,40.8
Bangalore,Ahmedabad,1506,93.91,40.4,77.8,8.5,Normal,Road,6634.36,46.1
Mumbai,Bangalore,1816,35.12,69.4,67.6,8.7,Economy,Rail,1607.11,62.6
Kolkata,Ahmedabad,996,3.83,56.6,71.6,21.9,Express,Rail,765.94,32.8
Delhi,Chennai,365,75.05,39.7,82.0,27.5,Express,Air,10116.78,9.5
Bangalore,Pune,1219,43.13,100.0,40.0,69.0,Normal,Air,16913.67,16.2
Ahmedabad,Mumbai,1398,13.72,56.1,30.7,13.1,Economy,Road,813.39,74.8
Chennai,Ahmedabad,585,27.57,9.5,49.5,86.4,Economy,Rail,397.55,24.6
Pune,Ahmedabad,1794,67.4,26.4,50.6,78.3,Express,Rail,5377.68,27.5
Kolkata,Ahmedabad,996,96.34,23.6,77.9,97.5,Express,Road,7432.92,36.3
Bangalore,Pune,1219,36.74,64.7,85.1,58.3,Economy,Rail,2000.07,54.0
Hyderabad,Mumbai,618,94.88,68.6,27.5,74.3,Express,Rail,2748.14,14.5
Pune,Bangalore,1536,93.93,14.9,82.0,68.9,Economy,Road,5281.16,66.4
Delhi,Pune,1532,38.07,92.7,60.6,80.0,Express,Air,54797.65,12.7
Kolkata,Bangalore,1854,97.69,77.1,47.9,30.1,Express,Rail,7950.66,29.4
Hyderabad,Ahmedabad,1078,81.99,31.6,92.8,15.4,Economy,Air,17791.32,25.6
Hyderabad,Chennai,869,21.78,92.5,22.8,96.8,Express,Rail,1483.11,30.1
Mumbai,Hyderabad,478,59.51,47.2,95.4,45.7,Normal,Road,1432.83,34.1
Mumbai,Delhi,1685,38.51,17.8,7.7,12.1,Express,Air,23086.8,11.6
Chennai,Ahmedabad,585,11.57,47.1,56.5,91.6,Economy,Road,1027.09,41.4
Kolkata,Bangalore,1854,90.84,9.4,59.4,99.2,Express,Air,62943.91,17.3
Ahmedabad,Bangalore,1075,14.87,62.4,5.2,45.0,Normal,Air,4266.73,9.9
Mumbai,Bangalore,1816,15.15,31.8,54.7,54.0,Express,Road,2638.9,41.1
Bangalore,Chennai,1449,23.01,83.6,20.4,85.3,Express,Rail,2009.38,28.7
Kolkata,Chennai,869,59.09,12.9,8.5,73.2,Express,Road,3935.32,33.4
Kolkata,Pune,1165,79.86,8.2,58.6,72.4,Normal,Air,21005.25,13.0
Mumbai,Hyderabad,478,96.15,47.8,10.0,57.5,Express,Rail,2092.45,17.1
Delhi,Kolkata,776,39.43,95.7,48.9,21.6,Normal,Road,1397.39,40.5
Delhi,Pune,1532,87.53,95.5,43.1,5.3,Economy,Road,5281.71,79.3
Ahmedabad,Delhi,555,79.37,53.9,18.4,85.1,Express,Road,3104.88,25.6
Kolkata,Mumbai,1957,68.4,64.0,12.9,43.8,Normal,Road,7208.82,52.9
Kolkata,Delhi,313,91.87,40.9,25.7,70.6,Normal,Road,1301.46,12.9
Chennai,Pune,757,76.63,19.3,56.6,23.0,Express,Rail,2541.3,25.3
Ahmedabad,Kolkata,461,58.03,93.5,37.2,77.0,Express,Rail,1107.52,11.5
Ahmedabad,Hyderabad,1430,3.17,8.1,44.0,47.9,Economy,Air,938.11,26.2
Pune,Chennai,498,33.33,96.5,29.1,81.9,Express,Air,8685.01,9.5
Pune,Kolkata,841,26.26,76.8,48.1,84.1,Normal,Rail,1682.3,19.0
Pune,Delhi,1004,22.83,35.8,95.6,85.1,Express,Air,21734.18,22.3
Mumbai,Hyderabad,478,76.37,77.2,9.2,26.5,Normal,Air,9657.81,19.5
Ahmedabad,Delhi,555,91.28,98.4,90.1,30.1,Normal,Road,2674.61,22.9
Chennai,Kolkata,863,30.7,88.0,46.7,81.2,Economy,Air,10581.01,6.9
Hyderabad,Pune,489,29.31,50.9,48.2,79.0,Express,Rail,907.18,15.9
Ahmedabad,Bangalore,1075,83.28,15.0,9.9,95.6,Express,Rail,3941.82,24.7
Hyderabad,Bangalore,1863,34.47,19.2,58.7,48.3,Economy,Rail,1597.67,58.0
Kolkata,Hyderabad,1729,2.96,24.3,6.0,53.2,Express,Rail,231.61,31.9
Pune,Bangalore,1536,72.49,74.2,22.3,87.2,Express,Air,44784.78,16.4
Pune,Ahmedabad,1794,55.01,8.2,77.9,47.1,Normal,Rail,2924.54,34.0
Bangalore,Kolkata,1159,56.72,83.4,18.7,26.2,Normal,Air,15395.09,21.6
Ahmedabad,Chennai,1240,67.17,13.1,94.9,77.1,Normal,Road,3856.38,39.0
Chennai,Bangalore,1818,54.19,90.6,92.0,32.3,Economy,Road,3698.42,83.0
Delhi,Mumbai,361,61.87,93.3,29.0,41.0,Normal,Air,6018.85,23.8
Pune,Kolkata,841,98.5,29.6,26.5,92.1,Normal,Air,20062.61,12.4
Pune,Delhi,1004,77.96,61.9,13.6,53.1,Economy,Rail,1959.45,42.5
Kolkata,Delhi,313,53.34,83.7,37.0,55.5,Normal,Road,769.1,25.2
Chennai,Delhi,351,17.09,38.3,34.5,18.6,Economy,Rail,136.7,27.9
Kolkata,Mumbai,1957,36.83,81.1,50.6,86.7,Normal,Air,35022.91,19.2
Chennai,Hyderabad,801,18.45,26.7,61.1,17.4,Economy,Road,636.98,37.2
Mumbai,Kolkata,1416,96.9,90.8,58.2,96.6,Economy,Air,30508.31,19.2
Ahmedabad,Kolkata,461,52.69,51.0,92.4,54.3,Economy,Air,4446.34,21.6
Hyderabad,Pune,489,41.16,59.7,15.7,92.0,Express,Rail,871.26,9.4
Bangalore,Pune,1219,18.68,57.9,5.6,5.4,Normal,Road,1184.45,42.3
Hyderabad,Ahmedabad,1078,8.39,94.2,19.0,20.1,Express,Air,3562.7,23.1
Hyderabad,Delhi,740,36.97,30.8,42.8,55.3,Express,Road,2116.9,18.6
Kolkata,Bangalore,1854,41.8,88.1,35.4,75.3,Economy,Rail,1952.43,63.5
Kolkata,Delhi,313,17.5,9.8,87.4,42.8,Normal,Air,1481.27,19.3
Bangalore,Mumbai,707,1.83,96.9,53.2,51.9,Economy,Air,7650.1,20.2
Chennai,Bangalore,1818,5.37,13.4,29.7,47.3,Express,Road,692.53,36.7
Hyderabad,Kolkata,989,70.52,64.0,48.7,14.1,Economy,Air,12852.08,19.1
Ahmedabad,Hyderabad,1430,13.66,63.7,38.3,59.3,Economy,Road,1770.4,68.4
Hyderabad,Mumbai,618,24.21,72.0,97.1,47.7,Economy,Rail,1004.14,35.6
Hyderabad,Kolkata,989,16.57,91.4,37.6,96.6,Express,Rail,3199.91,17.8
Bangalore,Pune,1219,60.63,47.1,31.8,20.7,Economy,Rail,1714.99,43.2
Mumbai,Pune,1509,96.34,91.9,33.4,82.0,Economy,Air,28563.95,15.3
Mumbai,Kolkata,1416,92.6,27.6,11.7,33.5,Express,Rail,6169.08,38.1
Pune,Hyderabad,1952,79.05,50.6,88.8,29.5,Economy,Air,29661.96,16.9
Kolkata,Ahmedabad,996,89.73,54.3,20.7,97.6,Normal,Rail,2668.56,28.2
Kolkata,Mumbai,1957,89.49,87.3,66.5,84.3,Express,Air,65321.87,12.3
Chennai,Hyderabad,801,30.03,32.8,60.2,44.8,Economy,Air,4359.14,11.9
Mumbai,Bangalore,1816,70.05,50.9,50.4,17.1,Economy,Rail,2980.97,65.8
Delhi,Mumbai,361,36.91,61.4,92.7,26.0,Express,Road,910.01,25.0
Kolkata,Pune,1165,63.14,10.6,14.5,36.5,Normal,Road,3390.1,49.4
Delhi,Pune,1532,18.64,34.5,11.3,51.7,Normal,Rail,868.96,48.6
Mumbai,Kolkata,1416,26.96,92.2,80.7,25.7,Normal,Air,13612.94,15.9
Kolkata,Mumbai,1957,16.21,56.2,28.0,80.4,Express,Rail,2280.25,45.9
Ahmedabad,Pune,900,47.93,93.8,98.4,28.7,Express,Road,3783.29,34.1
Delhi,Hyderabad,1334,30.47,74.2,27.4,35.8,Economy,Air,7646.17,8.4
Chennai,Hyderabad,801,97.15,10.3,33.6,48.1,Economy,Air,14977.51,16.3
Bangalore,Pune,1219,73.89,35.9,29.7,94.1,Express,Rail,3790.62,25.5
Ahmedabad,Kolkata,461,14.79,72.0,10.8,46.1,Normal,Rail,222.79,15.2
Bangalore,Hyderabad,751,57.67,60.8,31.3,86.1,Express,Air,16533.54,24.8
Hyderabad,Mumbai,618,51.58,58.0,26.1,48.4,Economy,Air,5863.49,6.1
Ahmedabad,Mumbai,1398,28.08,28.6,90.3,69.5,Economy,Road,2202.43,57.6
Delhi,Mumbai,361,29.67,50.2,29.1,65.2,Express,Rail,452.19,11.6
Bangalore,Mumbai,707,35.01,35.8,11.9,9.6,Economy,Road,955.76,42.0
Mumbai,Delhi,1685,94.75,35.8,86.6,10.1,Express,Rail,7377.03,29.9
Delhi,Hyderabad,1334,81.87,69.1,94.9,42.4,Economy,Road,4450.48,66.8
Mumbai,Ahmedabad,1164,32.41,53.5,82.2,94.4,Express,Road,7373.62,42.2
Hyderabad,Chennai,869,35.26,75.6,74.3,34.5,Normal,Road,1723.26,29.6
Ahmedabad,Pune,900,75.77,39.0,95.2,89.9,Normal,Rail,2167.53,28.3
Delhi,Ahmedabad,354,41.25,6.7,79.5,16.4,Normal,Road,780.56,25.5
Hyderabad,Ahmedabad,1078,43.54,35.0,5.9,79.0,Normal,Rail,1531.87,27.1
Chennai,Delhi,351,60.91,67.7,52.6,39.1,Express,Rail,980.48,9.6
Bangalore,Hyderabad,751,21.97,96.6,7.3,93.7,Economy,Air,3475.09,6.9
Kolkata,Pune,1165,75.55,74.6,85.7,74.6,Express,Road,8310.41,34.5
Mumbai,Kolkata,1416,59.59,8.6,80.9,90.1,Express,Road,6184.01,38.0
Pune,Kolkata,841,47.58,55.9,38.5,55.1,Express,Rail,1956.46,15.6
Hyderabad,Ahmedabad,1078,4.0,61.2,36.7,43.0,Express,Air,8212.42,9.0
Chennai,Ahmedabad,585,48.18,19.8,51.4,83.3,Express,Air,11591.59,18.1
Kolkata,Bangalore,1854,15.86,23.3,25.0,44.9,Economy,Rail,707.93,66.7
Chennai,Kolkata,863,22.58,78.0,62.3,95.5,Express,Air,30541.66,12.8
Kolkata,Delhi,313,97.71,62.7,24.4,48.8,Economy,Rail,717.49,12.2
Pune,Bangalore,1536,52.92,73.7,47.7,11.5,Express,Rail,3850.13,25.0
Kolkata,Delhi,313,43.4,38.4,62.7,39.7,Normal,Road,746.71,26.4
Chennai,Hyderabad,801,65.75,24.9,93.5,6.5,Economy,Road,2043.22,43.0
Hyderabad,Pune,489,79.21,27.8,49.6,50.3,Economy,Road,1604.2,30.8
Ahmedabad,Chennai,1240,59.39,20.3,44.5,40.3,Express,Rail,3428.82,19.1
Kolkata,Hyderabad,1729,6.23,95.6,95.8,32.6,Normal,Road,5325.53,57.4
Chennai,Kolkata,863,99.36,73.4,68.3,60.7,Express,Road,6518.58,31.7
Bangalore,Kolkata,1159,51.25,17.8,40.9,42.2,Economy,Road,2517.72,54.8
Bangalore,Pune,1219,67.29,7.6,60.1,32.6,Normal,Road,4195.73,39.7
Chennai,Bangalore,1818,69.32,72.8,15.1,99.2,Express,Air,46434.49,15.1
Pune,Mumbai,1035,51.44,52.2,23.5,14.5,Express,Rail,2231.35,24.7
Hyderabad,Ahmedabad,1078,40.72,5.4,17.1,8.5,Economy,Rail,956.36,39.7
Mumbai,Ahmedabad,1164,36.26,67.6,54.3,75.0,Normal,Road,3475.62,38.5
Chennai,Delhi,351,7.41,43.2,9.1,56.5,Economy,Road,98.16,26.7
Kolkata,Pune,1165,27.9,65.3,8.2,57.9,Economy,Rail,715.01,38.8
Hyderabad,Pune,489,55.39,82.1,86.5,33.8,Economy,Road,1006.45,28.6
Delhi,Ahmedabad,354,53.9,84.5,23.2,11.7,Normal,Road,946.78,13.3
Mumbai,Pune,1509,83.64,15.4,55.6,71.1,Normal,Air,30800.01,9.5
Kolkata,Pune,1165,12.59,77.4,68.6,43.8,Normal,Road,2451.69,48.5
Mumbai,Pune,1509,50.39,84.2,16.8,14.7,Express,Air,26376.97,25.0
Delhi,Ahmedabad,354,72.76,43.9,57.5,78.8,Normal,Road,1408.61,13.9
Mumbai,Ahmedabad,1164,75.68,54.0,15.5,86.5,Express,Air,30415.15,25.1
Mumbai,Hyderabad,478,70.54,19.9,65.4,47.3,Express,Air,11385.5,5.4
Hyderabad,Bangalore,1863,0.64,75.8,80.3,81.6,Normal,Rail,5107.81,46.1
Bangalore,Chennai,1449,2.67,14.9,81.9,38.6,Normal,Rail,394.35,41.6
Ahmedabad,Delhi,555,66.31,49.9,30.5,10.2,Express,Rail,1499.53,30.0
Ahmedabad,Delhi,555,26.2,64.6,63.3,97.1,Normal,Road,2249.63,29.3
Bangalore,Ahmedabad,1506,74.91,99.9,32.4,22.7,Express,Rail,5547.23,36.7
Chennai,Mumbai,528,17.2,77.1,47.8,27.2,Economy,Air,2178.9,15.2
Pune,Mumbai,1035,9.22,84.5,12.7,99.7,Express,Rail,1025.34,31.3
Delhi,Ahmedabad,354,22.97,8.6,93.4,7.0,Normal,Rail,233.72,19.2
Kolkata,Ahmedabad,996,38.17,65.4,60.5,54.3,Normal,Air,10169.47,6.1
Bangalore,Ahmedabad,1506,80.91,7.4,10.1,89.7,Normal,Road,6401.41,60.2
Bangalore,Hyderabad,751,48.31,59.5,34.4,23.7,Economy,Road,1435.02,48.6
Mumbai,Bangalore,1816,11.11,71.8,45.2,9.9,Economy,Rail,495.46,48.3
Kolkata,Delhi,313,9.07,97.3,38.9,85.7,Normal,Rail,582.28,22.2
Kolkata,Hyderabad,1729,56.68,43.7,71.6,37.5,Economy,Road,3972.95,79.3
Chennai,Pune,757,21.51,27.2,28.2,5.1,Economy,Rail,399.95,35.7
Pune,Hyderabad,1952,40.72,38.1,73.3,73.2,Express,Air,29794.29,11.6
Ahmedabad,Mumbai,1398,96.17,87.6,77.5,71.0,Economy,Rail,3238.79,43.5
Bangalore,Pune,1219,74.75,58.2,38.2,55.0,Normal,Air,21611.91,23.8
Pune,Kolkata,841,45.6,13.8,71.6,99.1,Economy,Rail,934.47,44.1
Ahmedabad,Kolkata,461,39.36,94.0,45.9,39.7,Express,Air,6261.74,21.2
Ahmedabad,Kolkata,461,12.97,88.7,16.5,17.9,Economy,Rail,149.17,28.0
Hyderabad,Pune,489,26.67,33.7,24.8,61.3,Express,Air,4839.61,10.5
Hyderabad,Delhi,740,48.86,85.5,26.9,73.1,Normal,Air,8374.4,25.2
Pune,Bangalore,1536,95.4,60.4,19.3,35.6,Express,Air,50057.18,24.4
Pune,Chennai,498,1.21,68.3,79.5,80.6,Economy,Air,9189.93,21.7
Pune,Chennai,498,41.82,85.4,48.7,58.4,Normal,Air,6197.19,7.8
Mumbai,Pune,1509,23.48,9.5,75.3,53.6,Express,Road,2673.75,48.8
Chennai,Pune,757,68.2,95.3,91.8,82.9,Normal,Rail,3048.93,21.4
Chennai,Delhi,351,66.7,55.3,51.9,89.5,Normal,Air,5554.44,21.9
Hyderabad,Delhi,740,72.6,11.7,18.2,98.8,Express,Air,18680.69,13.2
Mumbai,Kolkata,1416,72.86,42.8,32.3,50.7,Economy,Air,21169.17,13.1
Chennai,Mumbai,528,19.36,29.9,16.1,64.6,Express,Road,754.94,30.9
Mumbai,Bangalore,1816,84.84,46.3,6.4,28.2,Economy,Air,31839.53,24.4
Delhi,Ahmedabad,354,14.42,90.5,19.2,89.3,Normal,Rail,356.7,27.3
Bangalore,Ahmedabad,1506,58.53,62.5,64.3,35.5,Economy,Road,3394.0,73.4
Kolkata,Delhi,313,30.48,54.4,77.2,28.6,Express,Air,3526.93,15.3
Mumbai,Pune,1509,97.21,16.0,34.4,97.3,Economy,Road,5780.86,69.4
Chennai,Delhi,351,56.41,50.5,84.9,35.1,Normal,Air,5123.04,5.9
Pune,Hyderabad,1952,88.93,79.1,55.4,93.3,Economy,Road,7530.11,92.1
Chennai,Hyderabad,801,73.11,95.7,95.6,49.5,Economy,Rail,1629.27,32.9
Chennai,Mumbai,528,15.0,35.8,33.2,55.8,Economy,Road,324.56,35.6
Ahmedabad,Bangalore,1075,77.07,73.5,97.2,80.7,Economy,Air,26430.17,24.6
Hyderabad,Pune,489,34.95,58.6,66.1,18.9,Express,Rail,733.61,10.5
Bangalore,Ahmedabad,1506,96.34,48.3,25.7,55.1,Economy,Rail,3407.56,60.1
Mumbai,Chennai,1808,16.45,95.1,32.7,85.8,Economy,Road,3496.97,66.1
Pune,Mumbai,1035,3.69,95.0,71.4,59.9,Economy,Air,15989.08,10.0
Ahmedabad,Mumbai,1398,96.17,84.7,21.3,15.5,Normal,Air,35064.21,8.5
Ahmedabad,Mumbai,1398,71.77,98.3,77.4,32.6,Normal,Road,4699.56,38.9
Ahmedabad,Pune,900,2.74,33.0,56.8,29.1,Express,Road,727.06,30.2
Pune,Ahmedabad,1794,88.86,64.8,36.0,19.9,Express,Air,57715.0,20.1
Chennai,Ahmedabad,585,95.72,89.1,8.1,15.9,Normal,Air,14104.79,7.7
Pune,Mumbai,1035,21.2,9.5,24.9,6.0,Normal,Road,1015.7,32.0
Bangalore,Chennai,1449,70.69,23.1,30.8,18.5,Express,Rail,4330.47,36.9
Mumbai,Bangalore,1816,76.87,18.4,95.9,7.9,Express,Road,11246.96,41.5
Pune,Ahmedabad,1794,90.04,45.5,41.6,58.0,Express,Air,58218.66,23.5
Kolkata,Delhi,313,28.21,29.0,94.6,42.0,Normal,Rail,252.38,9.8
Kolkata,Delhi,313,78.98,36.5,7.6,36.3,Express,Road,1850.27,20.9
Pune,Ahmedabad,1794,69.48,54.0,60.7,33.1,Economy,Rail,2696.01,64.8
Pune,Kolkata,841,57.53,72.0,14.4,73.3,Economy,Road,1869.47,40.0
Delhi,Hyderabad,1334,24.83,20.5,67.8,98.1,Economy,Rail,873.63,57.4
Ahmedabad,Hyderabad,1430,30.76,38.2,30.7,10.4,Express,Air,15855.25,9.7
Hyderabad,Ahmedabad,1078,87.1,23.9,39.6,78.3,Economy,Road,4067.21,63.0
Hyderabad,Kolkata,989,68.74,84.3,49.0,71.9,Express,Air,23847.9,6.9
Ahmedabad,Delhi,555,53.39,6.8,27.6,29.2,Normal,Air,7987.0,19.2
Ahmedabad,Chennai,1240,83.76,46.0,80.9,85.7,Normal,Road,4858.78,42.5
Hyderabad,Ahmedabad,1078,76.93,67.8,39.6,88.5,Economy,Rail,2084.46,38.3
Hyderabad,Bangalore,1863,49.84,62.7,86.0,15.2,Economy,Rail,2446.58,57.8
Kolkata,Pune,1165,33.47,44.1,18.6,88.0,Normal,Air,8976.24,6.6
Hyderabad,Kolkata,989,57.26,91.6,8.7,76.9,Normal,Air,15370.46,8.2
Bangalore,Mumbai,707,38.2,54.6,78.8,10.8,Express,Road,1933.31,31.2
Delhi,Hyderabad,1334,51.0,59.9,54.0,63.7,Economy,Road,2823.06,63.8
Mumbai,Hyderabad,478,12.12,28.4,84.5,62.4,Express,Rail,654.18,21.9
Ahmedabad,Chennai,1240,63.52,93.3,71.1,93.8,Economy,Road,6198.33,61.2
Hyderabad,Pune,489,14.98,39.7,66.1,94.6,Express,Air,8916.09,15.6
Kolkata,Pune,1165,23.87,59.7,42.6,28.1,Express,Air,9403.22,10.2
Kolkata,Ahmedabad,996,58.45,63.1,79.4,74.2,Normal,Rail,2138.34,34.1
Kolkata,Pune,1165,80.1,31.3,85.7,9.1,Normal,Air,25221.71,14.7
Pune,Hyderabad,1952,77.23,37.6,67.1,33.3,Normal,Rail,4968.98,41.8
Kolkata,Mumbai,1957,34.42,67.0,54.0,92.5,Express,Rail,6430.62,44.7
Chennai,Bangalore,1818,81.33,71.9,59.4,45.8,Express,Rail,6587.66,44.7
Ahmedabad,Delhi,555,41.96,98.7,57.5,40.9,Express,Rail,1274.44,16.2
Chennai,Bangalore,1818,84.18,70.9,10.4,47.1,Express,Road,12181.24,47.3
Pune,Chennai,498,88.08,70.2,86.7,35.0,Economy,Air,8994.58,16.2
Pune,Kolkata,841,16.09,23.1,73.0,52.6,Normal,Road,706.62,35.4
Hyderabad,Mumbai,618,95.42,36.6,77.8,74.2,Economy,Road,2483.79,47.9
Pune,Delhi,1004,19.96,48.6,34.8,68.7,Normal,Road,1116.34,34.1
Chennai,Mumbai,528,14.4,17.2,30.4,51.3,Normal,Rail,241.43,13.2
Bangalore,Hyderabad,751,36.02,40.0,71.0,98.7,Economy,Road,1528.06,41.1
Mumbai,Ahmedabad,1164,42.1,34.4,94.0,80.3,Express,Rail,2883.02,20.6
Delhi,Chennai,365,55.33,28.7,68.0,13.9,Express,Road,1507.88,26.4
Pune,Delhi,1004,3.45,74.8,14.8,19.6,Economy,Air,897.38,19.8
Hyderabad,Bangalore,1863,29.96,44.8,71.0,28.6,Economy,Rail,1305.0,67.7
Hyderabad,Chennai,869,13.04,43.7,72.0,45.7,Normal,Rail,747.82,34.6
Kolkata,Pune,1165,22.03,66.4,51.4,86.5,Economy,Air,14371.36,20.8
Pune,Chennai,498,3.41,21.9,75.5,28.2,Express,Rail,218.22,27.1
Pune,Kolkata,841,2.23,95.0,22.5,10.9,Normal,Rail,128.12,26.5
Ahmedabad,Pune,900,60.75,46.0,94.2,48.9,Express,Road,4474.75,23.8
Chennai,Mumbai,528,58.61,24.8,34.4,8.2,Normal,Air,7698.8,7.3
Delhi,Hyderabad,1334,7.85,66.7,70.2,76.7,Economy,Air,20062.97,9.7
Delhi,Kolkata,776,92.03,79.4,62.9,15.7,Normal,Road,3231.46,25.3
Pune,Chennai,498,86.66,90.3,17.0,18.8,Economy,Air,8567.98,9.2
Chennai,Delhi,351,28.96,58.2,51.6,56.4,Normal,Road,640.96,14.8
Bangalore,Mumbai,707,16.3,67.7,83.9,76.0,Economy,Road,2676.4,48.3
Chennai,Delhi,351,26.24,71.9,39.7,60.1,Economy,Air,2592.13,5.3
Pune,Ahmedabad,1794,69.41,6.8,45.5,83.9,Normal,Rail,3478.36,53.0
Hyderabad,Mumbai,618,36.5,25.7,57.3,71.0,Normal,Rail,683.13,14.7
Chennai,Pune,757,69.84,62.6,44.6,50.5,Normal,Road,2904.62,39.5
Ahmedabad,Mumbai,1398,54.8,19.7,54.6,80.6,Economy,Air,16231.14,15.9
Mumbai,Hyderabad,478,64.57,40.9,16.4,7.6,Normal,Road,1656.09,25.3
Pune,Chennai,498,33.8,74.2,42.8,54.0,Economy,Road,709.18,32.4
Kolkata,Bangalore,1854,96.96,59.8,39.9,11.1,Normal,Air,45153.95,25.6
Kolkata,Mumbai,1957,55.89,39.3,98.4,68.9,Normal,Road,5839.03,57.5
Mumbai,Kolkata,1416,55.86,29.9,6.9,46.8,Express,Road,5898.26,45.3
Pune,Bangalore,1536,87.29,14.8,21.2,50.6,Express,Road,10507.38,45.0
Chennai,Delhi,351,23.0,45.3,57.1,40.4,Normal,Air,1969.53,17.7
Kolkata,Bangalore,1854,8.78,10.1,97.6,13.7,Express,Road,1111.28,52.5
Ahmedabad,Kolkata,461,73.82,7.7,21.8,40.4,Economy,Rail,843.72,18.9
Bangalore,Hyderabad,751,68.43,21.7,12.8,99.0,Economy,Air,11102.95,24.3
Ahmedabad,Delhi,555,65.02,69.1,67.1,86.7,Normal,Air,10553.1,11.6
Ahmedabad,Hyderabad,1430,31.27,84.0,20.9,19.4,Express,Air,17373.74,11.3
Delhi,Chennai,365,28.49,43.4,15.7,79.0,Economy,Rail,239.18,29.7
Hyderabad,Chennai,869,90.1,99.6,27.6,94.1,Express,Road,6304.93,36.0
Pune,Hyderabad,1952,57.56,79.4,62.8,41.0,Economy,Air,23262.69,28.1
Hyderabad,Delhi,740,49.89,13.4,80.6,33.6,Express,Road,2934.99,29.3
Pune,Kolkata,841,51.16,31.1,60.9,8.3,Economy,Road,1877.98,47.5
Delhi,Ahmedabad,354,73.58,69.0,47.2,30.2,Economy,Air,5331.58,9.3
Kolkata,Delhi,313,76.6,35.1,97.5,75.0,Economy,Road,1036.02,34.0
Hyderabad,Pune,489,69.45,11.7,55.8,44.0,Normal,Air,8676.52,19.5
Bangalore,Pune,1219,17.01,28.1,83.5,44.1,Express,Air,8910.75,14.9
Bangalore,Hyderabad,751,27.86,94.0,55.5,88.4,Economy,Road,2575.61,39.5
Hyderabad,Kolkata,989,96.8,52.1,93.6,5.8,Normal,Rail,2898.85,30.9
Ahmedabad,Pune,900,55.03,14.7,62.9,97.0,Normal,Rail,1625.99,32.8
Kolkata,Bangalore,1854,30.85,5.5,21.6,28.6,Normal,Road,2849.37,55.8
Ahmedabad,Pune,900,88.02,12.7,45.8,48.5,Normal,Rail,2393.34,26.8
Delhi,Kolkata,776,83.3,22.2,47.4,94.6,Normal,Air,17515.99,17.9
Ahmedabad,Bangalore,1075,33.4,31.5,53.7,88.9,Normal,Road,1700.32,46.6
Delhi,Hyderabad,1334,93.59,99.2,98.5,44.5,Economy,Air,24112.31,11.7
Ahmedabad,Delhi,555,66.52,11.1,71.3,24.8,Normal,Road,1851.81,19.6
Kolkata,Pune,1165,97.76,32.2,33.0,62.4,Normal,Air,30114.47,8.6
Mumbai,Delhi,1685,41.25,81.3,17.9,17.6,Economy,Road,3039.42,71.7
Pune,Delhi,1004,61.52,54.3,87.3,96.9,Economy,Rail,2007.85,39.1
Kolkata,Mumbai,1957,25.18,25.3,46.8,69.1,Express,Air,19404.61,17.5
Delhi,Ahmedabad,354,30.18,87.9,38.5,22.9,Economy,Road,395.73,27.0
Chennai,Bangalore,1818,54.68,22.7,90.9,56.3,Economy,Rail,2345.81,65.4
Hyderabad,Kolkata,989,86.25,36.5,43.1,27.0,Normal,Rail,2665.83,30.3
Chennai,Mumbai,528,63.03,57.3,54.6,37.2,Economy,Road,1441.65,34.7
Pune,Kolkata,841,4.63,92.9,84.2,63.3,Normal,Air,22579.51,20.9
Delhi,Kolkata,776,50.4,19.9,70.8,55.6,Normal,Rail,1263.29,17.4
Mumbai,Hyderabad,478,22.41,69.1,82.4,56.3,Normal,Road,1621.98,19.9
Delhi,Chennai,365,21.19,46.1,41.3,46.5,Normal,Road,408.97,28.9
Pune,Mumbai,1035,43.03,56.4,68.0,37.1,Normal,Road,2239.8,50.7
Bangalore,Mumbai,707,1.13,99.4,50.9,58.3,Normal,Rail,1368.85,17.0
Delhi,Hyderabad,1334,53.93,83.3,30.3,65.2,Express,Air,26267.78,23.6
Delhi,Mumbai,361,95.43,17.3,81.4,84.7,Normal,Air,8980.89,9.7
Bangalore,Delhi,1766,53.31,72.0,49.6,10.8,Economy,Rail,2133.24,65.8
Delhi,Kolkata,776,34.77,92.8,47.6,91.6,Normal,Air,14641.91,20.7
Delhi,Ahmedabad,354,34.55,32.6,44.0,62.3,Express,Air,4332.36,13.5
Ahmedabad,Hyderabad,1430,4.35,14.9,44.5,97.3,Express,Road,1345.01,42.2
Kolkata,Bangalore,1854,87.01,48.7,55.1,84.9,Normal,Rail,4944.73,53.0
Kolkata,Hyderabad,1729,67.28,52.4,26.7,22.8,Economy,Air,24885.35,12.9
Hyderabad,Delhi,740,53.7,92.2,46.6,6.0,Normal,Road,1883.24,41.7
Kolkata,Mumbai,1957,42.46,8.0,44.2,65.4,Express,Rail,3519.62,43.8
Chennai,Mumbai,528,86.02,28.3,53.6,70.9,Economy,Air,9892.75,22.9
Pune,Mumbai,1035,54.66,28.5,45.3,64.3,Normal,Air,14921.33,16.7
Chennai,Ahmedabad,585,36.91,25.8,48.4,84.6,Economy,Rail,508.24,29.9
Ahmedabad,Bangalore,1075,16.99,77.9,11.7,35.3,Normal,Rail,559.78,29.9
Kolkata,Delhi,313,96.09,37.4,37.6,59.2,Normal,Road,1621.42,24.5
Pune,Mumbai,1035,56.53,65.0,47.1,33.5,Normal,Rail,1894.82,33.9
Delhi,Hyderabad,1334,31.64,75.2,68.0,39.9,Economy,Rail,1409.47,52.1
Delhi,Pune,1532,76.05,42.5,34.8,88.0,Express,Air,45523.69,22.6
Hyderabad,Bangalore,1863,29.89,33.1,19.1,81.4,Economy,Air,10325.14,25.0
Kolkata,Bangalore,1854,20.65,53.7,78.6,18.4,Economy,Road,1630.19,88.8
Delhi,Hyderabad,1334,93.75,79.6,75.1,32.0,Normal,Road,6549.25,39.2
Pune,Mumbai,1035,29.31,84.4,79.7,59.7,Economy,Road,3522.76,50.7
Chennai,Delhi,351,71.98,67.7,38.6,59.3,Express,Air,8642.77,22.9
Ahmedabad,Kolkata,461,91.35,13.4,81.0,67.3,Economy,Rail,970.77,25.5
Mumbai,Pune,1509,11.83,81.0,75.4,74.3,Economy,Rail,3484.71,52.8
Bangalore,Mumbai,707,60.28,70.1,46.1,21.7,Normal,Rail,1290.52,24.7
Kolkata,Pune,1165,13.28,78.0,19.3,78.5,Express,Road,2223.21,35.3
Bangalore,Chennai,1449,9.68,61.2,34.0,8.3,Express,Air,5734.09,16.7
Mumbai,Kolkata,1416,38.29,44.2,81.9,20.0,Economy,Air,9992.91,20.1
Delhi,Chennai,365,67.23,23.3,42.3,58.4,Express,Road,1691.02,15.6
Pune,Ahmedabad,1794,62.79,51.5,99.2,97.5,Express,Air,73595.29,8.4
Bangalore,Hyderabad,751,55.01,58.5,63.7,89.3,Normal,Rail,1360.25,17.9
Bangalore,Hyderabad,751,20.99,20.1,77.5,98.7,Normal,Rail,705.6,35.5
Mumbai,Delhi,1685,89.49,50.1,42.1,10.5,Express,Rail,6722.86,27.7
Ahmedabad,Mumbai,1398,23.0,83.4,76.8,24.9,Normal,Road,2379.13,59.3
Mumbai,Chennai,1808,65.41,86.0,75.7,78.1,Normal,Air,48308.11,27.4
Bangalore,Pune,1219,85.76,63.1,86.7,24.5,Normal,Rail,3368.1,29.3
Kolkata,Bangalore,1854,91.44,87.0,96.9,42.7,Express,Road,13633.49,49.4
Bangalore,Hyderabad,751,46.39,7.8,15.3,69.7,Express,Road,2759.95,34.7
Mumbai,Delhi,1685,65.77,58.1,23.8,22.3,Normal,Road,5922.77,56.8
Ahmedabad,Delhi,555,28.89,71.1,70.9,57.4,Express,Air,11252.04,16.8
Chennai,Pune,757,57.99,22.7,54.8,89.5,Express,Air,15281.17,23.9
Kolkata,Delhi,313,31.98,87.7,25.1,78.1,Express,Rail,511.58,26.4
Delhi,Pune,1532,75.22,45.7,56.6,91.3,Express,Air,43119.16,17.4
Bangalore,Mumbai,707,95.31,55.5,8.1,71.0,Normal,Rail,1996.85,24.1
Kolkata,Ahmedabad,996,43.36,50.6,72.6,14.3,Economy,Rail,1091.77,35.1
Mumbai,Bangalore,1816,33.63,89.6,59.6,50.7,Economy,Road,3744.71,72.4
Mumbai,Chennai,1808,75.06,30.6,80.9,40.1,Economy,Air,25039.52,13.5
Pune,Chennai,498,7.73,56.2,16.2,34.2,Economy,Road,165.61,31.4
Delhi,Bangalore,747,74.98,7.1,36.6,37.3,Express,Rail,2459.5,17.6
Pune,Kolkata,841,96.99,41.1,76.5,92.9,Economy,Rail,1938.88,43.2
Bangalore,Delhi,1766,87.79,69.3,65.0,34.9,Normal,Air,37628.85,15.9
Chennai,Mumbai,528,99.25,85.9,13.8,95.8,Express,Road,3656.9,32.9
Pune,Ahmedabad,1794,58.91,91.2,70.3,70.6,Express,Air,66577.99,23.9
Bangalore,Ahmedabad,1506,79.89,27.0,39.9,79.7,Economy,Air,23219.92,17.7
Bangalore,Delhi,1766,3.42,73.0,59.5,43.6,Normal,Road,3373.55,52.6
Kolkata,Pune,1165,89.21,78.5,6.8,31.1,Express,Air,37039.57,23.0
Ahmedabad,Pune,900,46.61,6.5,44.9,82.0,Express,Rail,1967.94,32.2
Mumbai,Delhi,1685,81.22,61.4,38.8,32.1,Express,Rail,6069.51,25.8
Mumbai,Hyderabad,478,75.28,50.2,71.1,97.1,Normal,Road,1790.07,15.3
Chennai,Ahmedabad,585,41.78,93.4,89.5,89.4,Express,Road,6752.33,19.5
Ahmedabad,Kolkata,461,66.4,32.0,76.4,60.6,Economy,Rail,760.24,30.5
Bangalore,Pune,1219,16.65,31.5,74.6,62.6,Express,Road,2790.31,27.0
Mumbai,Bangalore,1816,1.77,57.8,94.9,16.9,Express,Air,12080.01,15.6
Mumbai,Hyderabad,478,73.97,8.9,30.7,99.9,Express,Rail,1610.01,27.5
Kolkata,Mumbai,1957,62.74,89.6,85.5,81.0,Normal,Air,58904.14,27.6
Bangalore,Hyderabad,751,21.72,21.1,55.8,49.8,Normal,Rail,504.86,27.8
Bangalore,Chennai,1449,91.87,44.4,35.9,31.0,Normal,Air,33095.89,13.9
Delhi,Hyderabad,1334,73.03,11.2,54.8,98.9,Normal,Road,5041.72,49.4
Mumbai,Hyderabad,478,93.63,51.3,59.8,16.0,Normal,Road,2048.03,22.1
Pune,Hyderabad,1952,65.14,96.9,99.9,86.3,Economy,Road,13719.58,92.6
Delhi,Hyderabad,1334,76.86,88.0,51.5,96.2,Express,Air,47259.66,21.3
Delhi,Mumbai,361,49.96,73.6,50.9,32.8,Express,Air,6757.35,13.8
Mumbai,Hyderabad,478,15.13,28.0,36.8,14.0,Economy,Air,1512.12,6.1
Delhi,Pune,1532,17.02,50.9,97.3,10.7,Normal,Air,6395.93,10.2
Pune,Delhi,1004,91.1,85.1,57.2,25.4,Express,Air,37711.64,13.6
Pune,Ahmedabad,1794,82.61,55.3,97.6,78.0,Economy,Road,5666.1,87.4
Chennai,Bangalore,1818,5.14,28.4,54.4,10.8,Express,Air,3680.68,20.8
Pune,Ahmedabad,1794,80.85,60.1,20.6,52.4,Express,Road,11032.05,48.1
Kolkata,Ahmedabad,996,27.5,19.7,71.0,46.3,Express,Rail,1242.61,35.1
Delhi,Kolkata,776,41.28,10.6,50.1,32.2,Normal,Rail,940.81,25.3
Pune,Delhi,1004,67.86,13.5,61.8,20.2,Economy,Rail,1797.99,37.5
Hyderabad,Chennai,869,85.98,81.6,23.4,36.7,Economy,Road,2726.27,39.8
Bangalore,Chennai,1449,22.06,85.3,41.9,95.4,Normal,Rail,2769.8,49.3
Bangalore,Mumbai,707,1.51,91.5,77.1,99.9,Normal,Rail,3154.35,22.3
Hyderabad,Chennai,869,43.55,37.6,66.5,30.8,Normal,Air,9420.81,12.5
Bangalore,Ahmedabad,1506,76.13,59.6,98.4,10.9,Normal,Road,5617.3,53.0
Bangalore,Mumbai,707,14.03,46.3,25.6,29.5,Economy,Air,2159.88,9.4
Bangalore,Ahmedabad,1506,14.41,79.7,86.2,25.8,Express,Road,3752.8,35.8
Chennai,Mumbai,528,81.09,73.2,83.3,74.7,Express,Road,3251.7,19.8
Bangalore,Delhi,1766,93.59,8.2,75.6,6.1,Economy,Road,6258.45,87.3
Bangalore,Kolkata,1159,28.45,42.9,77.8,12.8,Normal,Air,8221.73,24.8
Kolkata,Bangalore,1854,22.3,14.6,54.8,72.5,Express,Rail,1954.53,28.7
Pune,Kolkata,841,66.04,56.3,89.9,67.0,Normal,Rail,1666.51,24.7
Delhi,Chennai,365,37.08,68.2,56.2,26.1,Express,Air,4727.5,11.0
Delhi,Hyderabad,1334,82.48,23.8,97.1,97.0,Normal,Air,27668.38,12.0
Delhi,Kolkata,776,99.21,25.3,81.3,8.6,Express,Rail,3543.13,31.5
Bangalore,Hyderabad,751,21.52,70.9,7.2,20.7,Express,Air,5908.0,18.6
Hyderabad,Pune,489,36.6,12.7,70.1,7.8,Normal,Road,876.28,34.3
Pune,Hyderabad,1952,67.27,8.5,66.4,26.2,Normal,Rail,3874.37,39.8
Pune,Mumbai,1035,14.66,60.4,73.8,13.5,Express,Road,1076.78,27.7
Ahmedabad,Bangalore,1075,17.31,14.8,38.5,77.1,Economy,Air,3678.3,20.6
Pune,Mumbai,1035,59.86,29.4,37.0,61.7,Economy,Road,2506.12,57.4
Kolkata,Bangalore,1854,36.55,79.0,67.0,23.8,Normal,Road,3397.37,48.8
Mumbai,Chennai,1808,66.39,74.9,94.8,94.3,Normal,Air,59029.32,27.2
Hyderabad,Ahmedabad,1078,39.36,80.5,24.5,71.9,Economy,Road,1848.96,60.4
Ahmedabad,Delhi,555,56.65,61.8,11.2,68.4,Economy,Road,1277.82,23.1
Pune,Bangalore,1536,72.14,74.1,76.0,24.7,Express,Road,8166.51,44.9
Bangalore,Hyderabad,751,47.17,39.0,39.5,94.2,Economy,Rail,933.8,39.6
Chennai,Kolkata,863,20.18,14.2,44.4,92.0,Express,Air,6742.16,16.4
Chennai,Delhi,351,35.33,51.6,28.5,30.8,Normal,Air,3308.16,14.5
Bangalore,Hyderabad,751,96.06,27.2,46.8,57.2,Economy,Air,15210.2,20.7
Delhi,Kolkata,776,94.37,7.8,36.5,46.5,Economy,Air,13742.21,24.2
Ahmedabad,Bangalore,1075,9.51,55.2,76.6,52.7,Normal,Rail,1364.12,21.9
Pune,Kolkata,841,32.23,25.4,8.9,20.0,Normal,Road,1260.35,40.3
Pune,Delhi,1004,39.63,62.8,65.8,30.2,Economy,Rail,1007.36,32.8
Pune,Kolkata,841,33.33,99.7,22.7,14.7,Normal,Rail,762.24,26.3
Chennai,Kolkata,863,54.82,24.9,87.4,44.9,Normal,Rail,1398.62,31.3
Chennai,Mumbai,528,47.96,29.7,31.2,45.9,Express,Road,1958.88,22.5
Delhi,Mumbai,361,12.02,37.1,98.6,27.6,Express,Air,2681.65,11.5
Pune,Hyderabad,1952,50.52,93.0,11.7,58.5,Express,Road,6719.24,42.9
Bangalore,Mumbai,707,22.06,17.4,56.7,72.9,Express,Rail,631.83,23.1
Hyderabad,Ahmedabad,1078,0.53,86.9,20.9,37.2,Normal,Road,770.55,48.1
Chennai,Ahmedabad,585,18.84,33.0,38.6,49.2,Express,Road,894.59,22.1
Mumbai,Kolkata,1416,29.87,59.0,59.9,23.0,Normal,Air,11175.45,24.3
Hyderabad,Chennai,869,57.77,68.8,75.3,61.3,Express,Rail,2499.76,22.0
Ahmedabad,Chennai,1240,48.56,55.9,66.0,63.0,Economy,Air,12887.54,22.9
Hyderabad,Chennai,869,49.29,91.6,14.6,45.1,Economy,Air,8086.88,8.3
Bangalore,Delhi,1766,57.86,20.5,17.8,58.4,Normal,Road,5278.38,68.6
Ahmedabad,Pune,900,67.78,93.9,49.8,39.5,Express,Rail,2682.15,20.1
Chennai,Bangalore,1818,40.24,11.5,92.2,95.0,Economy,Rail,1857.23,66.1
Bangalore,Chennai,1449,99.47,61.2,83.9,94.6,Normal,Rail,4315.65,28.4
Pune,Chennai,498,83.23,11.0,12.8,16.5,Express,Road,3334.63,28.7
Bangalore,Mumbai,707,6.4,35.8,60.5,75.8,Normal,Air,6059.7,13.9
Delhi,Mumbai,361,11.94,32.0,68.0,62.0,Express,Air,3789.74,24.5
Mumbai,Pune,1509,2.51,60.4,41.8,15.2,Normal,Air,2633.93,7.5
Delhi,Chennai,365,6.98,76.7,85.0,80.3,Economy,Air,7066.18,20.7
Chennai,Delhi,351,25.88,80.6,43.7,9.0,Express,Air,3117.16,22.6
Kolkata,Chennai,869,80.54,57.4,27.4,45.4,Normal,Rail,2007.5,20.2
Pune,Chennai,498,59.27,82.1,75.3,83.7,Express,Road,3798.8,31.0
Kolkata,Delhi,313,40.14,61.4,25.9,63.7,Express,Rail,573.46,12.5
Kolkata,Chennai,869,30.85,68.2,67.5,32.6,Normal,Rail,873.41,28.8
Pune,Mumbai,1035,31.96,23.1,77.3,55.7,Normal,Rail,1042.52,39.2
Hyderabad,Mumbai,618,4.97,42.1,86.4,32.1,Economy,Air,3163.68,15.2
Kolkata,Hyderabad,1729,71.36,89.6,35.4,91.1,Economy,Air,24120.68,18.2
Pune,Chennai,498,12.54,42.1,18.0,73.3,Normal,Rail,168.91,23.7
Delhi,Ahmedabad,354,80.89,43.0,57.1,92.2,Express,Rail,1284.23,15.7
Pune,Mumbai,1035,84.0,75.9,83.0,33.1,Economy,Road,3753.61,55.3
Delhi,Mumbai,361,9.13,94.1,35.6,31.0,Economy,Rail,167.4,21.4
Chennai,Ahmedabad,585,52.34,75.8,54.6,63.8,Express,Rail,1495.47,12.9
Chennai,Delhi,351,77.39,5.8,39.2,74.6,Economy,Rail,612.72,26.4
Kolkata,Delhi,313,91.89,6.6,63.2,83.8,Economy,Rail,712.9,14.0
Mumbai,Chennai,1808,60.65,88.9,92.5,60.0,Normal,Air,42160.64,23.6
Mumbai,Delhi,1685,86.28,81.7,56.1,80.1,Express,Road,10391.69,53.0
Ahmedabad,Pune,900,48.43,77.4,19.4,88.0,Economy,Road,1602.84,53.8
Delhi,Mumbai,361,9.73,51.7,94.3,87.2,Express,Air,10545.31,4.8
Chennai,Pune,757,68.27,41.4,86.8,20.4,Normal,Rail,1703.4,29.0
Pune,Ahmedabad,1794,22.1,36.6,52.9,47.9,Normal,Rail,1276.69,48.7
Kolkata,Ahmedabad,996,52.51,55.7,23.6,76.9,Normal,Air,12157.37,20.9
Delhi,Hyderabad,1334,32.53,36.1,11.4,49.3,Express,Air,16458.97,6.3
Chennai,Mumbai,528,25.55,39.7,57.6,55.1,Express,Rail,565.65,19.6
Ahmedabad,Bangalore,1075,38.28,41.0,9.2,17.2,Express,Rail,1777.44,33.6
Ahmedabad,Chennai,1240,72.43,17.3,64.4,34.8,Economy,Air,19191.3,25.7
Hyderabad,Kolkata,989,19.36,40.3,76.3,17.9,Economy,Road,789.88,54.5
Mumbai,Delhi,1685,79.14,30.0,5.4,82.8,Economy,Rail,2932.62,56.8
Pune,Delhi,1004,35.58,48.8,30.8,24.5,Economy,Air,7566.98,9.2
Mumbai,Hyderabad,478,85.2,26.5,82.8,89.3,Express,Rail,1709.73,21.8
Chennai,Ahmedabad,585,3.0,9.3,24.6,65.2,Economy,Rail,50.0,26.2
Hyderabad,Pune,489,55.38,44.3,11.5,55.4,Express,Road,2168.31,20.6
Delhi,Chennai,365,36.95,61.1,52.4,29.2,Normal,Rail,443.25,12.3
Kolkata,Ahmedabad,996,86.81,95.5,25.0,16.2,Economy,Road,3271.14,47.4
Chennai,Bangalore,1818,1.87,47.8,70.1,98.2,Express,Air,48256.35,22.5
Ahmedabad,Delhi,555,46.25,73.7,52.2,5.6,Economy,Road,1006.77,44.4
Hyderabad,Bangalore,1863,1.75,68.9,47.7,96.4,Economy,Road,5056.98,77.6
Delhi,Pune,1532,68.9,56.2,16.5,83.8,Economy,Air,20753.5,12.3
Kolkata,Pune,1165,44.32,45.5,72.3,25.5,Economy,Road,2210.09,65.7
Hyderabad,Ahmedabad,1078,58.83,84.7,59.1,67.9,Economy,Rail,1723.87,34.1
Kolkata,Ahmedabad,996,35.56,27.0,22.3,29.0,Normal,Road,1947.44,43.5
Mumbai,Chennai,1808,96.68,67.5,98.2,80.8,Normal,Road,9013.29,49.4
Pune,Hyderabad,1952,23.89,57.9,13.4,76.9,Economy,Rail,1132.43,59.5
Pune,Delhi,1004,62.78,55.3,12.9,44.0,Normal,Air,15283.83,25.6
Hyderabad,Kolkata,989,93.24,20.9,64.2,52.5,Economy,Road,3473.58,47.6
Pune,Delhi,1004,57.83,21.8,43.0,45.6,Normal,Rail,1737.7,28.2
Pune,Chennai,498,21.26,78.7,13.5,29.4,Express,Road,807.53,28.5
Chennai,Kolkata,863,65.41,80.9,22.0,79.7,Economy,Road,2122.69,50.6
Ahmedabad,Pune,900,40.9,39.5,7.6,13.9,Economy,Road,1504.73,47.1
Chennai,Delhi,351,28.66,76.2,44.2,28.9,Express,Road,793.43,21.6
Chennai,Ahmedabad,585,0.75,74.0,95.3,14.2,Normal,Rail,374.38,14.5
Mumbai,Delhi,1685,98.13,50.7,55.4,92.6,Normal,Rail,5072.67,41.7
Bangalore,Ahmedabad,1506,45.48,97.9,60.5,42.5,Economy,Road,3191.51,68.6
Bangalore,Hyderabad,751,17.76,39.6,80.9,58.9,Normal,Road,1529.27,36.7
Ahmedabad,Chennai,1240,66.63,76.5,39.6,91.9,Normal,Air,19397.27,16.4
Chennai,Ahmedabad,585,12.01,36.9,69.4,14.1,Normal,Air,1756.16,8.9
Pune,Chennai,498,81.81,60.7,53.3,43.6,Express,Air,15388.14,15.7
Mumbai,Chennai,1808,92.83,54.8,69.0,50.1,Normal,Air,40939.57,25.2
Kolkata,Pune,1165,21.65,71.2,23.5,86.3,Normal,Rail,1086.79,29.3
Delhi,Bangalore,747,39.86,51.8,45.3,81.2,Normal,Air,7285.61,10.9
Hyderabad,Kolkata,989,44.72,75.4,41.6,29.6,Express,Air,15806.27,6.9
Hyderabad,Pune,489,63.02,75.1,31.1,47.1,Normal,Rail,951.83,15.1
Chennai,Pune,757,36.77,47.1,21.1,66.5,Express,Air,9963.97,15.6
Pune,Delhi,1004,87.91,66.0,29.6,88.4,Economy,Rail,2247.38,39.4
Chennai,Pune,757,96.8,54.9,40.6,55.5,Economy,Air,14754.23,18.1
Delhi,Hyderabad,1334,60.91,28.5,62.1,33.8,Express,Air,27684.64,22.3
Chennai,Bangalore,1818,22.53,24.9,96.9,88.2,Economy,Rail,1671.84,57.3
Kolkata,Pune,1165,3.42,14.8,81.2,88.6,Normal,Rail,746.73,33.9
Pune,Mumbai,1035,20.61,32.7,42.5,31.7,Normal,Rail,664.47,42.0
Pune,Ahmedabad,1794,43.47,8.5,25.7,86.4,Economy,Rail,1758.06,63.8
Kolkata,Chennai,869,33.9,18.9,10.1,95.7,Express,Rail,1410.01,30.8
Chennai,Mumbai,528,63.01,46.4,50.9,55.7,Express,Air,12046.55,24.3
Kolkata,Ahmedabad,996,88.17,50.2,65.2,24.2,Economy,Road,3767.74,39.5
Kolkata,Mumbai,1957,89.0,47.5,67.3,30.6,Normal,Air,44327.4,8.7
Hyderabad,Ahmedabad,1078,75.86,65.9,22.4,8.0,Normal,Road,4273.83,42.3
Pune,Ahmedabad,1794,47.31,50.7,65.5,91.9,Express,Air,44695.48,18.7
Bangalore,Hyderabad,751,40.21,14.0,25.8,15.4,Economy,Rail,719.2,35.2
Kolkata,Hyderabad,1729,10.69,75.0,24.7,91.8,Normal,Rail,1917.74,39.2
Chennai,Bangalore,1818,58.09,77.1,64.7,76.6,Express,Rail,5775.79,31.8
Chennai,Bangalore,1818,4.06,48.2,24.5,56.1,Express,Rail,1071.25,36.4
Bangalore,Pune,1219,1.56,29.2,84.9,38.4,Economy,Rail,604.88,39.1
Chennai,Pune,757,29.46,29.9,17.3,22.5,Economy,Air,4023.04,15.1
Bangalore,Pune,1219,66.49,42.0,98.7,28.3,Economy,Rail,1942.29,49.5
Kolkata,Delhi,313,99.39,89.4,57.3,67.6,Normal,Air,7913.56,24.5
Chennai,Bangalore,1818,62.82,40.3,5.5,72.8,Normal,Road,5622.77,51.7
Hyderabad,Mumbai,618,21.07,91.6,8.6,17.4,Express,Air,5002.56,9.2
Delhi,Mumbai,361,36.14,96.6,38.5,97.1,Economy,Road,1030.45,20.3
Hyderabad,Delhi,740,80.61,85.0,81.4,69.8,Economy,Road,2587.86,49.3
Hyderabad,Mumbai,618,9.8,97.8,36.0,7.1,Economy,Road,221.83,32.0
Chennai,Pune,757,99.67,86.2,93.7,17.0,Economy,Rail,1821.07,35.4
Bangalore,Chennai,1449,91.0,37.9,55.4,72.3,Economy,Air,25627.67,18.3
Ahmedabad,Mumbai,1398,58.9,54.9,76.1,30.7,Express,Rail,3807.73,30.3
Mumbai,Delhi,1685,85.87,55.9,51.2,86.7,Economy,Air,31081.58,14.5
Delhi,Kolkata,776,35.83,95.9,52.9,22.5,Normal,Rail,858.57,32.9
Mumbai,Delhi,1685,90.57,61.2,28.1,94.0,Economy,Air,30053.4,25.9
Hyderabad,Pune,489,30.68,75.5,48.1,14.8,Normal,Road,798.82,27.1
Kolkata,Ahmedabad,996,74.08,89.1,85.3,75.0,Express,Air,39482.4,13.5
Kolkata,Chennai,869,24.11,36.6,47.1,85.8,Express,Rail,1121.31,27.8
Bangalore,Delhi,1766,86.16,53.3,12.4,10.9,Express,Road,11786.31,50.1
Kolkata,Bangalore,1854,76.88,47.9,52.2,51.9,Normal,Air,38298.44,25.2
Mumbai,Ahmedabad,1164,22.07,47.5,85.9,75.0,Economy,Rail,1742.66,34.1
Chennai,Hyderabad,801,28.86,36.4,39.6,98.4,Express,Rail,1054.65,23.0
Kolkata,Hyderabad,1729,84.62,15.0,45.5,23.8,Express,Rail,6963.21,34.6
Delhi,Ahmedabad,354,36.72,26.0,90.7,93.4,Normal,Rail,462.84,25.9
Pune,Delhi,1004,12.83,19.7,78.7,19.5,Economy,Air,2567.34,23.0
Kolkata,Pune,1165,37.1,15.8,64.6,31.2,Normal,Air,11495.03,11.8
Hyderabad,Delhi,740,55.79,80.1,38.6,64.1,Normal,Rail,1343.47,36.2
Pune,Kolkata,841,95.65,68.0,24.3,80.5,Express,Rail,3764.2,22.8
Chennai,Kolkata,863,82.13,63.2,77.1,33.6,Express,Air,24408.63,20.4
Chennai,Delhi,351,20.49,50.0,40.2,36.3,Normal,Air,1733.65,17.2
Ahmedabad,Kolkata,461,23.54,42.1,41.5,9.4,Express,Air,4448.37,18.1
Pune,Chennai,498,52.59,95.8,88.9,98.4,Express,Rail,3865.92,11.0
Hyderabad,Delhi,740,79.11,57.4,61.7,13.8,Normal,Road,2735.76,26.9
Chennai,Kolkata,863,70.96,70.2,74.7,72.2,Express,Rail,2789.53,17.9
Chennai,Hyderabad,801,67.08,27.4,58.2,47.5,Economy,Air,11808.55,16.8
Bangalore,Kolkata,1159,30.07,95.5,47.7,14.4,Normal,Rail,1031.37,40.0
Delhi,Hyderabad,1334,1.29,27.1,53.7,13.8,Normal,Road,280.92,42.6
Kolkata,Mumbai,1957,72.93,44.2,31.1,7.8,Normal,Air,36100.65,23.4
Ahmedabad,Kolkata,461,82.13,43.6,47.0,79.6,Normal,Air,8694.85,14.4
Kolkata,Delhi,313,61.13,21.0,41.9,47.4,Economy,Rail,498.91,27.8
Bangalore,Pune,1219,57.12,71.8,28.7,82.0,Normal,Rail,2048.51,28.9
Kolkata,Chennai,869,94.18,64.5,80.3,60.4,Economy,Air,17804.79,12.1
Pune,Bangalore,1536,42.12,99.6,54.3,96.1,Economy,Air,35038.66,11.1
Delhi,Mumbai,361,66.67,66.7,97.6,66.3,Normal,Rail,946.12,27.6
Bangalore,Ahmedabad,1506,21.17,51.2,58.0,30.6,Normal,Air,8308.93,15.1
Kolkata,Hyderabad,1729,88.38,54.5,36.0,52.6,Economy,Rail,3878.09,53.4
Hyderabad,Ahmedabad,1078,77.67,67.9,66.9,68.3,Normal,Rail,2513.06,22.2
Hyderabad,Delhi,740,7.18,74.8,92.1,65.5,Normal,Air,16443.08,24.3
Kolkata,Mumbai,1957,96.83,92.0,20.7,8.5,Normal,Road,9011.23,56.1
Kolkata,Pune,1165,25.69,9.0,32.7,13.3,Express,Air,11069.1,19.9
Hyderabad,Mumbai,618,5.55,36.0,65.0,13.8,Express,Rail,185.74,27.5
Pune,Delhi,1004,62.92,27.4,35.1,86.0,Normal,Road,3186.02,49.5
Delhi,Pune,1532,18.99,58.5,87.5,50.2,Normal,Rail,2461.29,45.1
Chennai,Pune,757,28.28,24.7,57.1,5.1,Economy,Air,4538.83,7.9
Ahmedabad,Chennai,1240,4.3,19.4,62.3,55.2,Normal,Rail,536.09,42.0
Kolkata,Ahmedabad,996,83.27,43.6,63.7,7.0,Economy,Rail,1798.98,39.6
Pune,Chennai,498,95.77,81.2,25.5,90.8,Express,Road,3251.32,13.6
Ahmedabad,Bangalore,1075,73.29,75.5,39.8,26.0,Normal,Road,3553.94,50.2
Delhi,Chennai,365,40.44,60.8,32.3,81.3,Economy,Rail,326.64,18.8
Delhi,Chennai,365,28.7,12.9,17.0,31.8,Economy,Road,411.79,25.4
Chennai,Mumbai,528,22.56,43.2,90.9,97.0,Normal,Air,9094.95,10.1
Hyderabad,Delhi,740,34.17,45.0,94.3,90.0,Express,Road,4158.87,32.9
Delhi,Bangalore,747,72.54,15.7,5.7,96.2,Express,Air,22040.59,5.9
Chennai,Delhi,351,46.5,12.2,11.7,21.9,Express,Air,5620.28,21.9
Bangalore,Pune,1219,18.43,27.9,80.9,22.8,Economy,Air,4869.81,24.6
Kolkata,Ahmedabad,996,28.55,60.4,35.4,12.8,Normal,Rail,848.48,28.0
Kolkata,Mumbai,1957,14.96,15.3,55.2,8.0,Normal,Road,1433.37,65.6
Hyderabad,Ahmedabad,1078,92.92,36.4,15.5,7.3,Express,Road,7218.97,37.3
Mumbai,Delhi,1685,71.15,56.7,8.1,35.0,Economy,Air,22641.32,24.3
Bangalore,Mumbai,707,98.06,24.3,27.6,35.0,Express,Rail,3244.51,25.8
Chennai,Ahmedabad,585,57.98,56.3,31.8,43.5,Normal,Road,1679.24,31.3
Delhi,Chennai,365,78.74,6.0,96.8,30.6,Economy,Road,1222.93,31.3
Delhi,Kolkata,776,89.9,84.3,26.3,25.2,Express,Air,27442.0,17.8
Hyderabad,Bangalore,1863,53.15,48.1,62.5,40.6,Normal,Air,22746.49,12.8
Bangalore,Chennai,1449,76.47,11.6,10.4,38.0,Normal,Air,25396.3,22.2
Bangalore,Mumbai,707,71.89,12.0,60.9,99.5,Normal,Rail,1568.57,26.7
Kolkata,Hyderabad,1729,30.35,41.6,71.9,81.1,Normal,Rail,2681.55,42.3
Bangalore,Pune,1219,37.18,7.0,52.3,94.3,Normal,Rail,1225.53,26.9
Chennai,Bangalore,1818,54.03,66.6,45.4,67.0,Express,Road,7293.57,52.7
Pune,Chennai,498,76.13,97.9,83.9,67.5,Express,Road,3827.91,29.8
Chennai,Hyderabad,801,12.2,99.0,89.2,79.9,Normal,Road,5750.76,27.9
Chennai,Pune,757,55.8,67.1,9.7,87.9,Economy,Rail,1052.36,34.1
Hyderabad,Pune,489,80.33,68.4,54.8,49.2,Normal,Rail,1245.59,24.9
Ahmedabad,Mumbai,1398,69.92,53.1,88.7,14.6,Express,Rail,4334.27,35.5
Pune,Delhi,1004,43.68,96.6,47.7,65.4,Express,Rail,2663.29,30.1
Delhi,Mumbai,361,4.17,87.2,90.6,16.4,Economy,Rail,220.08,28.3
Ahmedabad,Pune,900,28.59,55.4,68.7,21.6,Economy,Road,1028.41,44.4
Kolkata,Pune,1165,72.39,44.5,49.9,39.5,Economy,Air,15621.14,21.8
Kolkata,Ahmedabad,996,45.2,98.1,52.4,62.7,Normal,Air,17426.4,25.0
Kolkata,Mumbai,1957,53.94,40.4,62.4,61.1,Economy,Road,4096.31,98.2
Bangalore,Chennai,1449,69.85,89.7,45.4,59.9,Economy,Rail,2579.64,39.2
Pune,Kolkata,841,57.73,25.0,27.7,8.6,Express,Road,3455.84,30.0
Chennai,Delhi,351,64.32,55.4,54.0,75.1,Normal,Rail,641.01,16.3
Pune,Hyderabad,1952,17.58,17.9,69.2,78.7,Normal,Rail,1137.18,37.8
Delhi,Bangalore,747,59.29,68.1,23.7,75.9,Economy,Rail,1005.71,40.5
Delhi,Kolkata,776,22.49,46.8,48.7,46.0,Economy,Road,707.54,46.2
Ahmedabad,Delhi,555,83.73,66.2,10.3,35.9,Normal,Air,11989.69,20.8
Mumbai,Bangalore,1816,30.42,12.0,16.9,33.6,Normal,Air,13311.46,17.6
Mumbai,Chennai,1808,69.15,52.0,8.0,60.8,Normal,Road,5688.76,47.8
Bangalore,Ahmedabad,1506,59.36,86.2,47.8,38.5,Normal,Road,4811.36,43.8
Mumbai,Bangalore,1816,53.82,89.5,80.1,97.8,Express,Air,91967.84,17.7
Kolkata,Mumbai,1957,77.51,60.0,92.0,30.3,Economy,Road,6414.36,77.0
Ahmedabad,Pune,900,74.99,50.0,64.1,38.1,Express,Road,4671.79,23.3
Mumbai,Kolkata,1416,54.8,65.8,44.5,89.9,Express,Air,26850.19,21.4
Bangalore,Delhi,1766,45.11,95.6,25.0,34.1,Express,Air,27350.12,20.6
Chennai,Pune,757,19.27,48.5,42.6,66.1,Normal,Rail,662.67,20.8
Delhi,Ahmedabad,354,83.3,36.8,35.7,44.5,Economy,Road,1276.73,35.1
Hyderabad,Ahmedabad,1078,25.44,42.0,72.4,21.1,Express,Road,2085.46,37.7
Mumbai,Pune,1509,44.76,68.3,26.8,41.6,Economy,Air,14659.28,14.0
Chennai,Hyderabad,801,66.37,44.6,80.6,28.7,Express,Air,21344.29,13.9
Hyderabad,Chennai,869,39.42,37.0,12.1,65.1,Express,Road,2692.63,21.1
Kolkata,Hyderabad,1729,11.12,37.1,11.4,53.9,Express,Rail,854.14,26.6
Hyderabad,Delhi,740,12.62,25.7,23.7,42.2,Express,Road,650.05,35.3
Mumbai,Delhi,1685,90.53,71.2,88.5,57.4,Normal,Air,38994.76,22.0
Delhi,Kolkata,776,6.42,36.3,75.1,33.9,Economy,Road,526.17,35.9
Mumbai,Hyderabad,478,28.67,59.2,91.5,30.7,Economy,Rail,351.8,16.5
Hyderabad,Ahmedabad,1078,70.48,90.6,60.2,60.1,Normal,Road,3732.15,47.2
Delhi,Pune,1532,71.2,15.3,33.7,9.1,Economy,Air,23570.41,22.8
Pune,Kolkata,841,97.98,53.8,54.5,43.3,Express,Rail,3740.51,17.1
Delhi,Pune,1532,60.19,28.5,41.6,89.3,Normal,Air,25135.11,13.6
Kolkata,Hyderabad,1729,64.11,16.8,91.3,34.8,Economy,Air,20456.35,27.2
Mumbai,Ahmedabad,1164,6.63,34.9,18.1,14.7,Normal,Air,2032.55,11.2
Delhi,Kolkata,776,25.45,73.0,6.2,16.9,Express,Air,8029.73,23.9
Ahmedabad,Pune,900,8.63,28.1,79.1,6.0,Economy,Rail,176.97,43.2
Kolkata,Mumbai,1957,24.55,45.3,81.0,82.3,Normal,Rail,3212.32,50.8
Bangalore,Hyderabad,751,99.29,93.7,67.8,76.4,Normal,Air,19410.03,19.8
Ahmedabad,Delhi,555,5.65,56.2,88.3,87.2,Normal,Road,2197.51,24.5
Kolkata,Pune,1165,68.97,6.9,84.1,71.4,Normal,Road,3630.75,50.2
Ahmedabad,Mumbai,1398,28.72,48.9,97.6,37.7,Economy,Rail,1170.29,50.4
Bangalore,Kolkata,1159,18.2,99.8,46.3,73.8,Express,Air,28064.98,19.6
Bangalore,Kolkata,1159,65.93,81.5,21.1,93.2,Express,Road,6198.42,44.3
Delhi,Pune,1532,83.5,57.2,45.5,7.0,Express,Road,9160.87,36.3
Ahmedabad,Pune,900,65.22,12.5,63.3,39.9,Economy,Road,2498.48,52.9
Delhi,Hyderabad,1334,8.55,23.2,28.7,72.2,Express,Road,932.36,48.5
Chennai,Bangalore,1818,48.21,5.6,58.1,92.3,Normal,Air,20958.53,19.9
Pune,Mumbai,1035,78.33,48.3,52.9,71.9,Normal,Road,4271.41,47.2
Hyderabad,Kolkata,989,36.16,63.0,83.2,57.5,Express,Rail,2563.53,32.8
Hyderabad,Delhi,740,10.53,82.6,83.3,72.3,Express,Rail,3387.56,14.3
Pune,Mumbai,1035,66.11,38.7,92.5,71.9,Economy,Road,2789.86,49.6
Bangalore,Pune,1219,80.77,45.7,43.2,38.8,Express,Road,8038.33,25.2
Mumbai,Bangalore,1816,24.12,88.9,91.0,18.4,Normal,Road,2659.84,68.1
Ahmedabad,Pune,900,96.07,8.8,72.4,88.9,Express,Road,6117.01,23.0
Mumbai,Bangalore,1816,6.78,80.3,55.0,64.1,Express,Air,40486.7,23.7
Ahmedabad,Hyderabad,1430,68.36,76.2,88.3,95.7,Economy,Road,7960.33,63.3
Pune,Mumbai,1035,75.86,52.3,82.6,11.7,Normal,Air,20968.49,25.8
Mumbai,Chennai,1808,99.63,52.9,20.4,27.9,Normal,Air,47436.14,19.4
Kolkata,Hyderabad,1729,83.14,7.5,82.3,55.6,Express,Road,10228.01,44.7
Hyderabad,Ahmedabad,1078,9.72,8.6,9.2,11.4,Economy,Rail,230.14,40.5
Ahmedabad,Chennai,1240,13.9,29.9,45.2,45.3,Express,Rail,780.73,31.5
Delhi,Pune,1532,6.89,58.9,59.5,86.9,Economy,Road,3855.49,72.4
Kolkata,Hyderabad,1729,49.81,25.2,24.5,34.0,Economy,Road,3383.79,64.1
Chennai,Delhi,351,84.42,5.2,6.1,32.8,Economy,Road,1122.3,36.0
Ahmedabad,Kolkata,461,30.69,9.5,49.9,97.7,Economy,Air,2932.03,17.4
Hyderabad,Bangalore,1863,75.62,99.6,49.1,67.4,Normal,Rail,4475.68,42.9
Ahmedabad,Hyderabad,1430,55.6,85.7,48.1,45.2,Express,Rail,3876.84,26.3
Ahmedabad,Bangalore,1075,65.8,17.2,25.2,56.0,Express,Air,25057.2,18.2
Delhi,Chennai,365,28.13,50.3,8.7,39.3,Express,Rail,445.32,16.7
Mumbai,Hyderabad,478,73.79,48.3,73.8,31.7,Express,Air,14281.91,23.8
Pune,Ahmedabad,1794,31.51,69.3,28.6,65.2,Economy,Rail,1458.82,61.8
Bangalore,Kolkata,1159,11.05,98.5,65.6,27.7,Normal,Air,9625.89,11.8
Kolkata,Ahmedabad,996,19.53,27.4,22.4,12.7,Express,Rail,831.86,21.2
Hyderabad,Pune,489,42.34,48.3,18.3,10.2,Normal,Air,4735.79,14.1
Kolkata,Mumbai,1957,5.99,90.1,39.1,66.6,Express,Rail,4343.85,33.0
Chennai,Bangalore,1818,76.01,92.2,72.3,69.4,Normal,Rail,5246.69,44.8
Delhi,Hyderabad,1334,71.72,74.3,97.6,80.9,Economy,Air,28416.09,21.8
Chennai,Delhi,351,2.66,76.8,34.5,77.2,Economy,Road,606.8,18.7
Ahmedabad,Delhi,555,67.03,56.1,6.5,94.6,Economy,Road,1622.76,37.9
Pune,Bangalore,1536,8.64,44.8,95.3,19.1,Normal,Road,1320.09,59.8
Ahmedabad,Chennai,1240,69.72,58.5,44.4,12.8,Economy,Road,3459.55,50.5
Bangalore,Mumbai,707,32.97,78.8,70.8,67.7,Economy,Road,2120.72,45.4
Pune,Ahmedabad,1794,53.25,99.2,88.1,67.4,Normal,Air,56126.71,22.8
Chennai,Delhi,351,79.91,26.6,98.3,81.3,Normal,Air,7145.05,23.4
Delhi,Ahmedabad,354,40.69,59.5,31.9,7.1,Express,Road,995.04,14.6
Mumbai,Kolkata,1416,42.89,97.9,28.3,28.5,Normal,Rail,1890.96,31.0
Mumbai,Ahmedabad,1164,46.64,61.5,90.3,50.1,Economy,Road,2472.31,60.4
Bangalore,Hyderabad,751,84.37,38.6,41.2,69.8,Normal,Road,3467.48,39.5
Hyderabad,Mumbai,618,38.3,34.9,88.2,68.8,Economy,Road,957.63,28.6
Mumbai,Chennai,1808,59.39,92.4,7.6,18.1,Normal,Road,5356.83,55.0
Bangalore,Chennai,1449,78.51,39.2,17.2,12.2,Express,Rail,4878.41,29.9
Ahmedabad,Hyderabad,1430,98.64,28.2,76.6,82.5,Express,Rail,6563.01,28.6
Mumbai,Pune,1509,41.23,96.5,34.7,77.6,Express,Air,30061.75,8.8
Mumbai,Kolkata,1416,27.88,83.6,34.9,46.7,Normal,Air,10799.68,9.3
Hyderabad,Chennai,869,53.62,30.6,63.1,82.6,Express,Rail,2292.86,17.3
Bangalore,Delhi,1766,55.74,61.4,83.4,53.6,Express,Road,8045.74,48.9
Delhi,Kolkata,776,52.03,36.9,93.0,52.1,Economy,Rail,1010.88,35.2
Ahmedabad,Pune,900,21.58,29.6,80.0,33.0,Economy,Rail,436.37,36.9
Ahmedabad,Bangalore,1075,25.68,79.0,31.0,42.1,Express,Road,1877.45,38.7
Chennai,Bangalore,1818,1.37,59.0,88.0,92.8,Normal,Rail,5304.37,46.9
Ahmedabad,Delhi,555,80.72,81.2,52.2,61.4,Express,Rail,2178.56,24.0
Pune,Chennai,498,58.49,18.3,7.1,85.4,Economy,Rail,651.14,32.3
Hyderabad,Ahmedabad,1078,20.21,46.3,13.8,46.2,Express,Air,8749.03,8.4
Kolkata,Bangalore,1854,3.59,58.5,42.7,17.9,Express,Road,1294.87,37.6
Pune,Ahmedabad,1794,6.15,17.5,10.6,83.4,Express,Air,4533.39,12.6
Kolkata,Delhi,313,93.81,48.7,59.5,19.8,Economy,Rail,647.03,24.2
Kolkata,Ahmedabad,996,41.71,29.9,93.0,34.1,Express,Air,16812.05,12.5
Ahmedabad,Hyderabad,1430,50.95,16.0,47.6,23.3,Economy,Rail,1821.92,52.8
Delhi,Bangalore,747,73.07,55.3,17.6,18.8,Express,Rail,2653.85,24.1
Bangalore,Ahmedabad,1506,86.32,91.9,50.2,14.7,Normal,Rail,4064.12,36.0
Chennai,Delhi,351,72.98,42.0,68.1,14.4,Economy,Air,4997.96,24.2
Chennai,Delhi,351,1.15,17.9,87.6,17.5,Express,Air,673.53,17.5
Hyderabad,Kolkata,989,35.97,80.3,93.5,97.8,Economy,Rail,3680.9,40.5
Kolkata,Mumbai,1957,21.02,25.0,71.4,25.6,Economy,Air,9041.36,24.4
Delhi,Hyderabad,1334,44.33,96.5,62.8,78.1,Express,Road,8674.86,31.9
Chennai,Mumbai,528,38.25,51.5,76.9,11.4,Economy,Air,4141.51,19.7
Pune,Kolkata,841,66.82,41.4,80.1,84.0,Economy,Rail,1232.24,36.2
Mumbai,Chennai,1808,35.93,5.4,58.9,23.5,Express,Rail,2760.72,37.2
Hyderabad,Chennai,869,47.89,24.9,27.1,47.7,Economy,Road,1825.26,57.1
Kolkata,Chennai,869,74.34,54.1,9.9,98.0,Economy,Air,13412.11,26.6
Chennai,Kolkata,863,15.36,56.7,6.8,62.7,Normal,Road,619.41,38.4
Mumbai,Pune,1509,16.08,76.6,54.6,85.3,Normal,Rail,3023.33,42.5
Hyderabad,Kolkata,989,41.65,8.6,27.3,12.2,Normal,Air,11136.08,16.5
Ahmedabad,Delhi,555,11.94,39.3,80.0,7.8,Economy,Road,239.29,37.1
Chennai,Pune,757,43.68,5.3,62.5,94.2,Normal,Rail,895.11,32.4
Mumbai,Ahmedabad,1164,93.31,9.5,53.8,56.9,Normal,Air,26336.16,16.1
Hyderabad,Ahmedabad,1078,54.35,95.2,5.5,37.2,Economy,Rail,1359.81,46.4
Ahmedabad,Mumbai,1398,90.18,42.1,64.1,69.3,Economy,Rail,2830.85,45.2
Mumbai,Delhi,1685,76.83,17.8,34.3,96.9,Economy,Air,26168.45,15.8
Chennai,Hyderabad,801,95.47,29.6,43.1,15.1,Normal,Rail,2368.66,30.6
Bangalore,Pune,1219,57.61,32.2,45.4,88.5,Express,Rail,3128.05,28.4
Pune,Kolkata,841,51.32,84.2,93.9,90.3,Normal,Air,28908.63,7.1
Mumbai,Chennai,1808,39.83,82.0,46.5,65.9,Normal,Rail,2970.97,46.7
Ahmedabad,Kolkata,461,61.31,35.1,48.2,10.0,Economy,Rail,688.51,18.6
Kolkata,Delhi,313,67.74,61.8,99.8,93.0,Normal,Road,1970.05,12.0
Ahmedabad,Chennai,1240,29.63,50.8,61.0,42.0,Economy,Air,7844.99,23.4
Delhi,Bangalore,747,90.04,90.8,18.3,9.8,Economy,Air,14713.85,15.7
Bangalore,Delhi,1766,77.74,16.2,39.6,89.6,Economy,Road,5111.87,67.4
Hyderabad,Bangalore,1863,66.14,86.9,38.1,60.8,Normal,Road,5719.65,55.6
Pune,Bangalore,1536,2.46,60.1,79.5,86.1,Normal,Rail,4027.26,41.2
Chennai,Hyderabad,801,95.4,7.9,90.7,30.5,Economy,Air,14994.73,9.0
Hyderabad,Bangalore,1863,73.36,55.9,63.6,69.6,Normal,Air,36235.92,8.5
Ahmedabad,Pune,900,4.83,9.2,52.4,94.2,Economy,Rail,207.45,34.3
Chennai,Pune,757,28.14,61.2,74.3,67.7,Normal,Rail,1313.48,18.4
Pune,Mumbai,1035,50.62,71.7,46.5,88.1,Normal,Rail,1899.9,38.9
Hyderabad,Delhi,740,97.24,84.2,46.5,16.6,Economy,Rail,1816.89,29.5
Kolkata,Mumbai,1957,49.16,39.3,27.2,11.0,Economy,Air,20141.76,19.3
Pune,Mumbai,1035,71.03,70.2,21.3,65.1,Economy,Road,3066.36,55.1
Delhi,Chennai,365,31.75,79.6,6.4,71.4,Economy,Road,497.03,30.6
Kolkata,Hyderabad,1729,27.67,53.6,92.7,38.4,Normal,Rail,1809.55,48.1
Mumbai,Hyderabad,478,95.09,66.7,41.1,5.7,Normal,Rail,1376.7,24.0
Mumbai,Bangalore,1816,68.72,75.2,40.2,67.0,Normal,Air,33982.51,15.8
Hyderabad,Pune,489,47.65,46.1,43.1,28.9,Normal,Road,1179.52,25.3
Hyderabad,Pune,489,64.26,60.7,34.5,88.6,Economy,Road,1254.67,32.2
Ahmedabad,Kolkata,461,13.87,58.0,51.3,18.6,Normal,Rail,201.04,11.2
Mumbai,Hyderabad,478,70.13,39.4,8.9,89.6,Economy,Air,7142.72,19.0
Pune,Ahmedabad,1794,68.71,8.3,41.1,50.5,Normal,Rail,3964.85,45.2
Bangalore,Mumbai,707,80.11,13.3,28.5,23.4,Express,Air,19921.99,23.0
Bangalore,Pune,1219,2.47,12.5,92.6,81.1,Express,Rail,1064.61,23.0
Hyderabad,Delhi,740,52.55,35.4,17.7,32.5,Economy,Air,7610.49,11.7
Pune,Kolkata,841,46.02,29.0,48.2,95.6,Economy,Rail,849.52,36.3
Bangalore,Hyderabad,751,50.42,72.7,13.5,27.9,Normal,Rail,1239.39,26.2
Bangalore,Hyderabad,751,98.71,81.7,56.5,81.5,Normal,Air,19960.66,18.8
Mumbai,Bangalore,1816,65.51,92.7,36.1,69.8,Economy,Air,21997.64,21.2
Mumbai,Pune,1509,82.31,74.8,17.2,86.8,Express,Rail,5738.85,40.3
Bangalore,Ahmedabad,1506,80.27,70.0,56.0,18.1,Express,Rail,5806.01,33.3
Bangalore,Ahmedabad,1506,48.4,74.1,62.6,98.7,Economy,Road,5109.05,82.3
Ahmedabad,Pune,900,8.17,77.1,69.6,99.7,Normal,Air,25236.7,22.7
Bangalore,Kolkata,1159,95.53,48.1,14.6,17.2,Normal,Air,25328.31,11.6
Hyderabad,Ahmedabad,1078,79.75,21.3,34.0,98.7,Normal,Rail,2676.41,22.6
Hyderabad,Bangalore,1863,41.1,65.1,27.4,25.2,Express,Rail,3126.19,28.0
Delhi,Bangalore,747,13.26,27.9,56.2,95.7,Economy,Road,816.68,38.2
Kolkata,Chennai,869,67.42,89.9,10.8,89.0,Express,Rail,2472.8,16.0
Kolkata,Delhi,313,1.94,95.7,62.0,75.1,Economy,Road,1119.24,29.4
Ahmedabad,Chennai,1240,14.4,30.6,33.7,79.8,Economy,Road,882.83,55.6
Delhi,Mumbai,361,67.93,71.7,27.9,93.2,Normal,Rail,754.75,18.4
Hyderabad,Delhi,740,44.36,11.2,17.1,38.9,Economy,Rail,759.55,24.8
Ahmedabad,Chennai,1240,18.38,42.0,45.7,37.3,Express,Road,1736.72,38.5
Delhi,Kolkata,776,26.99,49.0,9.8,18.2,Economy,Rail,458.31,28.1
Kolkata,Pune,1165,85.47,65.5,59.1,46.5,Normal,Air,26658.95,18.6
Hyderabad,Kolkata,989,18.5,32.4,47.4,22.9,Express,Air,6270.95,22.6
Chennai,Mumbai,528,45.27,15.6,62.0,19.1,Normal,Rail,731.34,28.7
Hyderabad,Bangalore,1863,66.96,13.3,32.3,22.2,Express,Road,9208.95,57.4
Chennai,Pune,757,92.65,42.2,67.1,68.9,Express,Road,4782.43,34.5
Bangalore,Ahmedabad,1506,25.49,25.5,30.4,28.8,Economy,Air,8104.67,17.2
Mumbai,Delhi,1685,15.16,70.6,98.2,72.2,Express,Road,12558.94,49.8
Ahmedabad,Bangalore,1075,71.92,27.7,19.9,53.3,Express,Air,31326.43,24.1
Hyderabad,Ahmedabad,1078,48.5,10.4,92.0,22.9,Normal,Road,2373.38,29.4
Chennai,Hyderabad,801,42.59,65.2,18.3,53.9,Normal,Air,9308.75,23.4
Kolkata,Bangalore,1854,37.28,44.3,50.5,57.5,Normal,Rail,2137.47,38.8
Pune,Hyderabad,1952,22.05,22.5,32.3,41.0,Express,Air,15860.11,12.6
Mumbai,Delhi,1685,30.02,44.0,24.1,16.5,Normal,Rail,1427.68,49.9
Hyderabad,Chennai,869,78.87,85.1,52.5,59.0,Normal,Rail,2139.88,36.9
Pune,Delhi,1004,79.01,6.2,79.6,65.9,Economy,Air,14973.35,10.2
Pune,Hyderabad,1952,27.57,29.3,18.3,5.8,Economy,Road,2355.34,73.6
Kolkata,Delhi,313,35.64,92.2,65.2,84.7,Economy,Rail,786.57,19.3
Chennai,Delhi,351,7.47,18.7,45.8,25.3,Economy,Air,560.71,6.5
Ahmedabad,Mumbai,1398,18.3,58.2,16.6,63.9,Economy,Rail,630.99,54.3
Bangalore,Kolkata,1159,15.71,62.7,40.1,13.3,Express,Air,7434.54,13.4
Delhi,Kolkata,776,26.4,48.8,46.1,66.4,Express,Rail,980.28,23.2
Bangalore,Hyderabad,751,99.87,32.9,52.4,48.5,Express,Road,5119.25,28.5
Kolkata,Delhi,313,40.22,98.2,40.8,34.3,Express,Road,931.22,9.8
Kolkata,Mumbai,1957,52.05,53.0,88.5,75.6,Express,Road,10470.5,40.7
Pune,Mumbai,1035,57.3,80.3,40.8,58.7,Economy,Road,2517.97,51.5
Delhi,Bangalore,747,24.88,94.8,73.2,88.8,Express,Air,35253.55,24.2
Kolkata,Bangalore,1854,18.1,79.2,69.6,29.1,Normal,Rail,1754.47,39.5
Kolkata,Ahmedabad,996,73.02,41.7,57.0,98.1,Express,Rail,3055.97,24.1
Ahmedabad,Kolkata,461,96.71,30.8,28.8,89.9,Normal,Road,2342.37,31.9
Hyderabad,Chennai,869,52.25,45.6,72.2,44.6,Economy,Road,1876.95,52.1
Bangalore,Hyderabad,751,65.75,87.5,56.7,56.7,Economy,Rail,1203.87,31.0
Mumbai,Pune,1509,13.95,84.1,92.3,51.9,Normal,Air,33250.44,26.3
Chennai,Ahmedabad,585,77.7,88.3,20.2,81.0,Economy,Rail,1028.74,26.0
Chennai,Ahmedabad,585,62.9,27.8,14.4,19.4,Economy,Road,1396.02,40.1
Bangalore,Hyderabad,751,7.12,78.0,61.4,21.9,Economy,Rail,343.72,32.8
Pune,Bangalore,1536,19.14,84.2,22.4,38.0,Economy,Road,1081.34,74.5
Hyderabad,Bangalore,1863,90.45,71.3,6.3,71.4,Express,Road,13032.84,52.5
Mumbai,Bangalore,1816,37.93,37.6,96.2,25.2,Economy,Rail,1768.84,54.8
Bangalore,Pune,1219,86.45,91.4,50.7,40.4,Economy,Rail,2420.26,43.1
Mumbai,Chennai,1808,46.79,64.5,90.3,70.5,Normal,Road,6879.59,65.3
Chennai,Pune,757,25.82,9.4,27.6,99.2,Express,Air,6610.86,23.8
Bangalore,Delhi,1766,62.9,59.0,15.8,84.6,Economy,Road,4337.01,73.1
Bangalore,Mumbai,707,26.9,12.2,27.2,69.9,Normal,Road,991.12,28.5
Chennai,Mumbai,528,9.28,15.6,46.5,58.6,Express,Rail,205.75,25.6
Delhi,Bangalore,747,49.66,7.5,76.2,12.9,Normal,Air,8552.15,25.3
Ahmedabad,Pune,900,83.02,56.0,75.0,95.5,Economy,Road,2881.04,46.8
Kolkata,Pune,1165,17.34,47.0,79.1,21.2,Economy,Air,4099.51,20.9
Hyderabad,Mumbai,618,64.25,7.2,94.8,6.1,Economy,Road,1622.67,27.6
Hyderabad,Chennai,869,45.01,80.6,5.2,29.6,Normal,Road,1974.36,35.1
Chennai,Mumbai,528,78.28,52.9,46.4,62.9,Economy,Air,7451.2,10.2
Chennai,Hyderabad,801,45.23,30.9,32.9,8.8,Express,Road,2620.42,18.8
Ahmedabad,Mumbai,1398,44.47,48.2,61.5,47.1,Express,Road,4707.91,31.1
Bangalore,Mumbai,707,1.58,15.3,76.4,11.0,Economy,Rail,50.0,40.1
Chennai,Ahmedabad,585,88.64,61.7,39.6,22.0,Economy,Rail,1198.41,26.7
Kolkata,Pune,1165,95.12,81.2,73.3,48.8,Express,Rail,4758.79,33.4
Ahmedabad,Kolkata,461,43.85,53.5,43.5,23.5,Express,Road,1414.09,28.7
Chennai,Bangalore,1818,73.96,62.4,34.3,33.3,Express,Road,10971.95,49.2
Mumbai,Kolkata,1416,6.71,16.8,99.7,95.1,Normal,Rail,1407.1,41.5
Ahmedabad,Bangalore,1075,41.9,11.8,86.7,17.3,Express,Rail,2123.31,16.3
Delhi,Pune,1532,9.91,45.1,36.5,93.5,Normal,Rail,1487.9,44.9
Bangalore,Kolkata,1159,0.92,71.9,38.3,26.9,Normal,Air,4613.8,19.4
Hyderabad,Pune,489,19.36,19.1,63.6,38.6,Express,Air,3684.85,15.2
Ahmedabad,Pune,900,23.95,72.3,52.4,98.0,Economy,Air,13653.76,11.2
Hyderabad,Ahmedabad,1078,47.52,70.0,6.5,71.5,Normal,Road,2763.3,43.1
Pune,Hyderabad,1952,42.66,72.8,81.0,34.3,Normal,Rail,2515.01,48.6
Bangalore,Kolkata,1159,55.95,35.3,77.1,80.6,Normal,Road,3378.55,44.6
Pune,Hyderabad,1952,45.67,20.8,97.3,50.0,Normal,Road,4751.97,74.2
Pune,Hyderabad,1952,16.22,85.9,44.0,23.5,Normal,Road,1600.86,57.3
Hyderabad,Bangalore,1863,69.13,29.3,70.5,37.6,Normal,Road,6312.15,63.9
Pune,Mumbai,1035,88.75,23.5,48.6,31.9,Normal,Rail,2680.22,36.8
Kolkata,Mumbai,1957,27.45,32.6,19.0,12.4,Normal,Rail,1535.89,43.0
Hyderabad,Bangalore,1863,64.33,20.8,82.2,65.0,Express,Air,43138.4,22.2
Pune,Mumbai,1035,50.81,90.4,12.1,64.3,Economy,Rail,1204.85,42.0
Kolkata,Hyderabad,1729,39.05,21.9,61.6,52.6,Normal,Road,3209.23,55.7
Ahmedabad,Delhi,555,76.59,59.1,16.2,27.8,Economy,Road,1688.3,31.3
Mumbai,Pune,1509,53.14,86.4,50.6,59.0,Express,Road,5471.31,49.1
Delhi,Ahmedabad,354,32.77,23.7,12.2,73.8,Economy,Road,440.91,36.6
Bangalore,Hyderabad,751,48.1,65.8,83.5,41.5,Economy,Rail,815.91,37.4
Mumbai,Delhi,1685,63.37,6.3,45.0,75.6,Normal,Road,5579.59,62.4
Pune,Mumbai,1035,75.12,91.7,62.7,88.7,Economy,Road,4238.64,61.9
Chennai,Bangalore,1818,34.15,45.4,85.7,30.3,Economy,Rail,1514.26,63.8
Hyderabad,Chennai,869,14.31,99.1,12.7,9.2,Normal,Road,582.88,31.1
Pune,Ahmedabad,1794,99.51,86.7,96.4,65.7,Economy,Road,7187.47,71.4
Kolkata,Mumbai,1957,37.51,85.8,63.8,77.5,Express,Air,66183.1,15.9
Kolkata,Mumbai,1957,3.73,10.9,11.4,13.1,Normal,Road,347.27,57.7
Ahmedabad,Mumbai,1398,25.05,85.2,92.1,11.4,Normal,Air,8524.22,25.3
Hyderabad,Ahmedabad,1078,60.1,87.4,31.0,97.7,Express,Rail,3030.63,30.9
Ahmedabad,Hyderabad,1430,76.61,52.9,61.3,7.7,Normal,Rail,3272.02,44.1
Bangalore,Ahmedabad,1506,44.64,6.5,34.6,64.4,Economy,Rail,1641.42,57.0
Mumbai,Delhi,1685,0.94,31.7,85.5,59.1,Economy,Rail,1418.13,46.1
Delhi,Kolkata,776,35.88,57.4,43.9,65.1,Normal,Rail,871.49,26.2
Hyderabad,Delhi,740,67.81,91.2,42.3,91.1,Normal,Road,2755.25,22.7
Kolkata,Mumbai,1957,39.25,68.0,41.1,84.7,Normal,Road,4657.06,59.2
Kolkata,Delhi,313,58.45,10.8,38.2,79.7,Express,Road,1323.17,16.1
Kolkata,Hyderabad,1729,24.8,78.4,77.6,94.8,Normal,Road,10616.08,57.5
Hyderabad,Pune,489,77.52,48.6,26.2,88.2,Normal,Air,10068.97,12.1
Delhi,Ahmedabad,354,8.07,21.2,36.4,82.7,Express,Rail,200.04,25.3
Chennai,Ahmedabad,585,66.14,81.5,78.4,85.9,Normal,Air,16861.93,17.7
Pune,Delhi,1004,87.8,24.9,64.3,52.2,Express,Air,36033.18,6.5
Chennai,Pune,757,22.8,54.1,30.6,46.6,Economy,Air,3287.77,17.5
Mumbai,Ahmedabad,1164,28.65,44.4,75.3,49.6,Normal,Road,2060.4,34.7
Bangalore,Hyderabad,751,94.19,87.7,40.6,28.5,Economy,Air,13537.08,8.7
Pune,Hyderabad,1952,17.17,30.8,53.6,18.4,Normal,Road,1576.75,58.1
Ahmedabad,Kolkata,461,49.85,47.6,54.5,66.8,Normal,Air,6196.9,9.2
Chennai,Delhi,351,10.69,95.7,11.3,13.1,Normal,Road,206.08,28.8
Bangalore,Chennai,1449,50.71,40.5,31.7,55.3,Normal,Road,3614.89,51.0
Delhi,Hyderabad,1334,2.08,62.5,23.9,26.1,Express,Air,3548.24,23.9
Chennai,Kolkata,863,24.41,44.5,73.9,73.7,Normal,Rail,1365.29,28.3
Pune,Delhi,1004,76.64,48.3,34.6,38.1,Normal,Air,20720.27,23.9
Mumbai,Kolkata,1416,33.42,86.8,28.8,39.0,Express,Air,16365.52,8.9
Bangalore,Kolkata,1159,31.86,24.5,83.1,56.0,Express,Road,2598.91,36.3
Mumbai,Ahmedabad,1164,36.84,75.8,11.6,97.5,Express,Rail,1866.53,27.6
Delhi,Bangalore,747,25.41,46.1,81.0,45.1,Normal,Rail,721.81,28.1
Mumbai,Hyderabad,478,82.58,34.0,53.2,46.5,Economy,Rail,1034.36,21.0
Kolkata,Hyderabad,1729,14.01,71.2,84.4,60.0,Economy,Road,4662.32,74.7
Hyderabad,Pune,489,48.06,21.0,20.9,8.2,Economy,Air,4980.03,15.7
Bangalore,Ahmedabad,1506,46.48,15.6,40.6,22.2,Normal,Air,19201.97,24.9
Kolkata,Pune,1165,60.53,95.4,41.5,73.9,Express,Air,24155.15,17.4
Hyderabad,Pune,489,81.74,67.4,32.9,33.4,Normal,Rail,1113.84,12.8
Kolkata,Chennai,869,96.87,21.1,87.9,97.9,Express,Air,30782.62,11.8
Ahmedabad,Chennai,1240,78.85,52.7,49.6,51.4,Express,Rail,4632.58,31.1
Pune,Bangalore,1536,93.92,76.1,63.5,76.6,Normal,Rail,4019.05,37.2
Chennai,Hyderabad,801,13.25,52.8,7.6,80.8,Normal,Air,2428.69,19.8
Ahmedabad,Mumbai,1398,27.35,85.8,9.1,28.6,Normal,Road,1805.3,52.5
Delhi,Pune,1532,68.68,13.3,89.1,38.3,Normal,Road,5248.05,44.3
Bangalore,Pune,1219,12.99,58.3,43.0,70.3,Express,Rail,2096.05,33.1
Pune,Bangalore,1536,52.35,53.3,38.0,75.6,Economy,Air,15519.38,22.5
Mumbai,Pune,1509,42.43,58.2,60.3,33.6,Economy,Air,12138.25,13.7
Kolkata,Bangalore,1854,64.1,37.5,88.8,34.8,Express,Rail,4937.75,31.8
Hyderabad,Bangalore,1863,98.42,22.8,29.8,40.3,Economy,Air,34093.97,17.6
Delhi,Chennai,365,94.91,65.9,45.8,58.9,Express,Rail,1576.99,26.0
Ahmedabad,Kolkata,461,30.77,50.8,76.6,53.2,Express,Rail,900.06,17.4
Bangalore,Chennai,1449,35.08,52.0,9.8,72.3,Normal,Air,13660.95,10.8
Hyderabad,Pune,489,56.56,12.5,28.8,27.3,Economy,Road,1102.48,40.3
Chennai,Ahmedabad,585,49.04,24.4,15.3,62.6,Express,Air,11537.6,24.7
Chennai,Pune,757,52.65,68.4,26.5,41.9,Normal,Road,1862.78,24.8
Pune,Bangalore,1536,21.01,75.0,51.6,40.5,Express,Air,17295.11,16.7
Mumbai,Chennai,1808,80.03,88.6,84.6,72.4,Economy,Air,36572.63,13.5
Delhi,Ahmedabad,354,76.82,21.5,47.2,87.2,Normal,Road,1427.2,26.2
Bangalore,Pune,1219,34.48,44.2,16.0,53.9,Economy,Road,1837.72,63.6
Pune,Ahmedabad,1794,82.52,71.8,60.4,53.0,Normal,Road,7640.86,53.4
Mumbai,Hyderabad,478,10.75,67.3,20.5,77.4,Normal,Rail,324.34,30.0
Pune,Bangalore,1536,38.8,26.7,66.8,94.2,Normal,Rail,1671.76,32.3
Pune,Ahmedabad,1794,32.97,54.0,36.9,23.3,Express,Rail,2720.82,39.2
Kolkata,Chennai,869,83.34,51.6,25.8,65.1,Economy,Air,15186.31,9.8
Kolkata,Hyderabad,1729,34.62,85.3,47.6,70.4,Normal,Rail,3161.33,40.1
Bangalore,Chennai,1449,37.23,52.6,57.8,48.3,Economy,Road,2244.6,67.9
Kolkata,Pune,1165,85.5,32.8,56.5,11.9,Normal,Road,5278.52,43.8
Delhi,Chennai,365,90.74,12.0,16.5,60.8,Normal,Rail,976.44,15.1
Mumbai,Bangalore,1816,85.78,46.8,84.7,18.1,Economy,Road,6484.21,84.0
Hyderabad,Ahmedabad,1078,27.25,93.3,68.3,7.3,Economy,Air,5645.88,19.1
Kolkata,Mumbai,1957,67.25,75.7,29.3,86.5,Normal,Rail,4211.72,57.1
Mumbai,Hyderabad,478,88.2,92.3,55.9,46.5,Express,Rail,1713.71,27.5
Chennai,Hyderabad,801,89.53,85.8,71.3,61.5,Express,Rail,3385.12,16.2
Bangalore,Kolkata,1159,69.85,97.4,79.5,39.6,Express,Road,5930.39,24.7
Kolkata,Chennai,869,15.85,48.7,44.4,15.1,Normal,Air,3257.29,16.2
Chennai,Bangalore,1818,14.01,68.5,7.8,86.5,Economy,Air,5309.98,20.5
Mumbai,Ahmedabad,1164,1.63,91.7,63.7,42.6,Normal,Rail,1904.21,42.1
Bangalore,Hyderabad,751,44.66,33.0,28.8,26.3,Normal,Rail,990.2,28.1
Chennai,Delhi,351,40.86,86.4,51.6,32.3,Economy,Air,2815.62,11.4
Pune,Ahmedabad,1794,45.33,62.1,12.2,28.9,Express,Road,6209.36,43.8
Pune,Kolkata,841,65.55,52.0,96.9,73.3,Economy,Rail,1496.18,35.7
Chennai,Pune,757,16.5,25.2,14.0,96.9,Economy,Rail,320.1,28.9
Ahmedabad,Pune,900,51.08,9.6,8.1,36.1,Economy,Rail,996.11,30.5
Mumbai,Pune,1509,31.89,79.8,78.0,6.2,Economy,Road,2085.17,81.9
Chennai,Bangalore,1818,21.36,53.1,35.4,42.3,Express,Road,2988.63,42.9
Pune,Ahmedabad,1794,57.46,82.9,65.4,8.1,Express,Rail,4271.95,33.9
Pune,Bangalore,1536,7.23,25.8,15.4,96.1,Normal,Rail,325.56,43.2
Delhi,Ahmedabad,354,63.21,14.8,96.8,60.4,Economy,Road,940.83,34.7
Chennai,Kolkata,863,29.73,67.9,31.9,83.4,Normal,Air,7714.52,22.2
Chennai,Hyderabad,801,68.48,77.2,18.3,58.0,Express,Rail,2556.92,22.0
Pune,Chennai,498,99.38,41.8,20.7,74.2,Express,Rail,2403.61,28.1
Kolkata,Chennai,869,64.94,58.6,82.7,49.7,Economy,Air,11198.84,20.5
Bangalore,Chennai,1449,53.04,53.5,43.7,20.3,Express,Air,27117.48,19.8
Ahmedabad,Hyderabad,1430,1.35,41.6,41.3,53.4,Economy,Rail,582.18,54.0
Hyderabad,Chennai,869,22.63,83.4,15.0,82.2,Express,Rail,806.45,23.0
Ahmedabad,Bangalore,1075,7.61,18.0,71.9,88.0,Express,Air,9279.08,6.1
Bangalore,Chennai,1449,92.23,55.4,98.3,47.2,Normal,Rail,3635.17,43.2
Delhi,Mumbai,361,68.12,6.2,44.7,40.9,Normal,Air,6125.91,17.6
Kolkata,Pune,1165,59.91,67.9,21.6,35.7,Normal,Road,3272.93,44.1
Pune,Bangalore,1536,94.83,71.3,14.0,75.8,Normal,Road,7213.91,51.5
Kolkata,Pune,1165,30.07,82.0,83.2,55.5,Normal,Road,4605.55,53.0
Chennai,Hyderabad,801,11.69,54.5,95.1,77.4,Economy,Road,2475.35,51.5
Bangalore,Kolkata,1159,86.53,12.1,48.7,32.3,Normal,Rail,3305.41,25.1
Pune,Ahmedabad,1794,86.63,99.0,5.9,62.8,Economy,Air,32545.18,27.1
Bangalore,Delhi,1766,43.67,71.7,21.9,51.1,Express,Rail,3159.24,32.3
Hyderabad,Bangalore,1863,20.67,27.9,24.6,56.3,Economy,Road,1478.92,87.6
Kolkata,Pune,1165,32.44,10.1,12.3,87.0,Normal,Air,9392.42,25.4
Delhi,Bangalore,747,19.64,56.7,83.3,24.2,Economy,Rail,450.44,41.7
Ahmedabad,Chennai,1240,38.06,68.2,76.0,42.0,Economy,Air,11725.53,20.4
Ahmedabad,Hyderabad,1430,25.47,44.7,81.5,95.5,Economy,Air,19778.71,19.2
Kolkata,Bangalore,1854,56.25,47.2,87.7,22.6,Express,Road,7932.31,57.2
Delhi,Mumbai,361,72.53,95.4,13.6,80.4,Economy,Air,4946.47,19.0
Pune,Mumbai,1035,35.18,70.1,28.8,74.6,Express,Rail,1564.64,17.0
Delhi,Ahmedabad,354,54.11,55.3,92.6,27.7,Normal,Road,871.77,20.4
Chennai,Mumbai,528,90.51,20.1,19.3,50.1,Normal,Air,11476.03,11.2
Ahmedabad,Kolkata,461,81.43,56.9,41.1,47.1,Normal,Air,9542.87,7.7
Bangalore,Mumbai,707,78.06,80.4,10.7,44.7,Express,Rail,2685.74,17.8
Bangalore,Delhi,1766,44.11,9.8,69.6,83.3,Express,Road,5504.56,52.4
Ahmedabad,Mumbai,1398,52.31,80.2,65.8,42.5,Express,Road,5367.26,30.4
Chennai,Pune,757,55.63,41.8,14.8,20.0,Normal,Road,2111.55,40.0
Pune,Delhi,1004,61.06,54.0,81.9,79.4,Express,Rail,3034.24,16.5
Bangalore,Delhi,1766,85.4,72.2,86.6,69.6,Economy,Road,5608.43,78.2
Pune,Mumbai,1035,76.98,46.0,98.5,97.3,Express,Rail,3994.01,17.1
Chennai,Kolkata,863,63.75,48.1,91.8,86.1,Normal,Road,3059.72,27.4
Mumbai,Hyderabad,478,0.68,34.7,45.6,8.5,Express,Rail,60.72,25.7
Delhi,Pune,1532,39.25,5.6,44.8,6.7,Economy,Rail,1374.41,47.5
Mumbai,Pune,1509,72.05,89.7,17.7,34.7,Economy,Road,4276.24,72.9
Kolkata,Delhi,313,98.68,88.0,26.0,83.6,Economy,Rail,718.92,30.6
Kolkata,Mumbai,1957,89.74,78.5,59.4,37.9,Express,Rail,8451.64,26.1
Mumbai,Hyderabad,478,92.54,70.3,76.8,63.6,Normal,Road,2065.26,16.8
Hyderabad,Ahmedabad,1078,93.05,7.9,45.4,47.2,Normal,Air,24273.6,19.5
Mumbai,Bangalore,1816,76.51,29.2,59.6,35.1,Normal,Air,36891.77,25.8
Delhi,Ahmedabad,354,75.5,60.0,19.9,83.0,Economy,Air,5835.26,6.6
Delhi,Chennai,365,51.15,86.7,69.6,18.2,Normal,Rail,565.42,25.9
Pune,Kolkata,841,43.3,36.7,9.3,36.1,Economy,Rail,915.34,29.8
Mumbai,Ahmedabad,1164,88.8,33.1,10.1,82.7,Express,Road,7543.51,28.7
Kolkata,Ahmedabad,996,40.04,19.4,97.5,58.3,Express,Rail,1721.26,34.9
Bangalore,Ahmedabad,1506,64.41,38.7,25.0,60.5,Normal,Road,5182.77,49.2
Chennai,Mumbai,528,22.86,7.5,44.0,29.2,Economy,Rail,292.96,34.2
Chennai,Kolkata,863,32.27,6.9,97.6,76.6,Normal,Air,6977.79,7.8
Chennai,Pune,757,31.84,57.9,91.6,49.3,Economy,Road,1443.91,34.9
Kolkata,Bangalore,1854,57.45,27.0,15.2,11.8,Economy,Rail,2781.07,53.8
Bangalore,Hyderabad,751,25.99,42.5,69.6,52.9,Normal,Air,5753.69,15.3
Bangalore,Ahmedabad,1506,29.73,31.4,40.9,40.8,Economy,Rail,996.14,55.4
Kolkata,Pune,1165,88.22,49.6,14.8,5.6,Economy,Air,18506.2,19.3
Delhi,Ahmedabad,354,84.1,17.6,55.7,94.7,Express,Rail,1207.01,12.8
Hyderabad,Chennai,869,40.51,18.0,62.7,72.3,Normal,Rail,1029.37,27.6
Kolkata,Ahmedabad,996,93.56,25.6,75.4,45.6,Normal,Rail,2808.57,23.5
Mumbai,Ahmedabad,1164,34.16,51.3,89.2,19.9,Express,Road,3134.77,27.4
Hyderabad,Mumbai,618,60.14,17.9,71.3,85.7,Economy,Air,7661.45,9.8
Ahmedabad,Mumbai,1398,29.38,87.2,13.8,29.1,Express,Rail,1972.42,39.2
Kolkata,Hyderabad,1729,49.2,68.8,67.1,86.3,Economy,Rail,3478.92,51.9
Pune,Bangalore,1536,53.63,62.3,39.6,80.2,Normal,Air,20508.56,19.2
Mumbai,Pune,1509,92.98,68.0,78.5,28.8,Normal,Rail,3961.36,42.0
Mumbai,Chennai,1808,52.13,75.9,32.9,15.4,Express,Rail,4636.9,36.8
Kolkata,Mumbai,1957,3.65,86.3,91.6,81.5,Express,Air,97592.3,20.0
Mumbai,Hyderabad,478,72.03,95.5,59.7,14.6,Normal,Air,8543.19,9.8
Mumbai,Chennai,1808,3.69,56.1,36.5,99.7,Express,Rail,3288.23,45.7
Pune,Delhi,1004,81.02,71.0,57.2,11.3,Economy,Air,17375.31,16.6
Hyderabad,Ahmedabad,1078,16.88,59.9,69.0,11.1,Normal,Road,934.98,44.2
Hyderabad,Ahmedabad,1078,99.94,78.9,88.2,23.4,Express,Road,7371.86,28.3
Pune,Mumbai,1035,12.84,35.5,58.7,97.2,Economy,Rail,1070.99,42.0
Kolkata,Delhi,313,54.97,92.6,14.1,76.2,Economy,Road,627.54,17.0
Ahmedabad,Delhi,555,41.32,19.2,78.6,99.5,Economy,Air,4515.71,6.6
Ahmedabad,Mumbai,1398,58.64,54.8,20.3,74.6,Express,Air,33191.39,12.2
Ahmedabad,Mumbai,1398,74.39,29.6,60.9,51.1,Express,Air,36262.81,8.4
Ahmedabad,Hyderabad,1430,19.89,44.0,65.0,88.3,Normal,Rail,2267.65,45.2
Ahmedabad,Pune,900,56.25,97.9,68.4,74.1,Express,Rail,4348.63,32.2
Hyderabad,Mumbai,618,97.4,75.8,18.6,66.5,Express,Road,4781.83,25.1
Mumbai,Kolkata,1416,32.72,72.9,5.2,65.3,Normal,Rail,1509.03,33.7
Delhi,Ahmedabad,354,38.01,80.4,9.4,16.5,Economy,Rail,334.69,22.8
Delhi,Bangalore,747,77.75,5.1,15.5,19.8,Normal,Air,15951.12,14.9
Ahmedabad,Bangalore,1075,21.69,96.0,5.9,88.0,Normal,Road,1282.32,42.0
Chennai,Hyderabad,801,29.76,53.6,64.8,51.3,Express,Rail,1274.69,30.0
Ahmedabad,Chennai,1240,14.81,38.0,28.4,11.8,Express,Road,1397.87,31.1
Pune,Delhi,1004,88.64,17.0,44.8,83.5,Normal,Rail,2930.86,40.4
Chennai,Hyderabad,801,20.81,63.9,42.1,91.3,Normal,Air,10418.29,18.8
Delhi,Bangalore,747,91.07,27.6,7.8,64.3,Normal,Road,3124.99,37.2
Chennai,Pune,757,81.49,46.0,46.7,43.6,Normal,Rail,1908.37,30.9
Delhi,Ahmedabad,354,16.1,97.3,15.8,86.9,Express,Rail,401.9,11.2
Pune,Chennai,498,46.9,68.2,39.7,89.5,Economy,Air,4375.31,9.9
Mumbai,Ahmedabad,1164,38.13,81.6,86.4,76.9,Express,Air,46240.84,22.2
Delhi,Bangalore,747,11.47,16.3,46.8,99.3,Normal,Air,2753.1,12.8
Delhi,Kolkata,776,94.65,8.4,42.9,51.8,Normal,Rail,2023.92,24.5
Pune,Hyderabad,1952,17.75,93.7,58.3,61.7,Normal,Road,6333.98,55.8
Delhi,Ahmedabad,354,66.72,11.0,13.3,81.0,Express,Rail,1104.26,25.3
Bangalore,Ahmedabad,1506,87.81,28.8,36.8,11.4,Economy,Rail,3365.89,57.3
Hyderabad,Kolkata,989,64.81,68.6,64.3,51.8,Express,Road,4434.24,31.2
Mumbai,Bangalore,1816,28.08,40.8,35.4,94.2,Normal,Rail,1452.78,38.7
Kolkata,Pune,1165,45.24,75.4,53.5,98.1,Economy,Road,3518.34,52.7
Ahmedabad,Chennai,1240,61.73,55.8,9.1,84.8,Express,Air,27275.37,21.5
Kolkata,Ahmedabad,996,66.77,92.1,66.5,82.8,Economy,Road,4359.35,51.2
Bangalore,Chennai,1449,72.92,54.5,6.7,53.9,Express,Air,42575.79,19.0
Chennai,Kolkata,863,12.51,6.5,25.6,72.7,Economy,Rail,284.71,40.6
Chennai,Delhi,351,37.98,95.1,26.0,95.9,Express,Air,6646.25,20.5
Chennai,Hyderabad,801,18.85,15.0,27.4,11.5,Normal,Air,3710.42,6.0
Delhi,Hyderabad,1334,7.97,91.7,88.6,91.0,Normal,Rail,6244.08,26.9
Hyderabad,Kolkata,989,52.61,23.1,78.8,9.9,Normal,Air,13031.88,22.8
Hyderabad,Kolkata,989,7.95,21.4,5.4,60.0,Economy,Road,297.15,47.9
Pune,Delhi,1004,42.02,70.3,52.1,90.6,Economy,Rail,1564.23,46.3
Mumbai,Ahmedabad,1164,2.76,98.1,64.2,85.7,Normal,Road,6819.26,48.6
Kolkata,Hyderabad,1729,10.49,30.7,8.7,41.6,Express,Air,7389.2,10.4
Delhi,Pune,1532,13.14,26.5,49.8,19.0,Normal,Air,5514.73,16.9
Kolkata,Chennai,869,91.73,44.3,89.8,68.6,Express,Rail,3812.9,22.3
Kolkata,Delhi,313,54.64,16.3,75.9,70.3,Express,Road,1302.33,28.6
Bangalore,Delhi,1766,27.49,82.5,31.5,18.4,Express,Rail,2191.17,34.9
Mumbai,Kolkata,1416,17.61,46.2,41.4,41.2,Economy,Road,971.59,69.8
Delhi,Bangalore,747,43.84,20.5,27.8,56.2,Economy,Road,1302.08,35.6
Bangalore,Kolkata,1159,74.08,71.9,99.9,96.7,Express,Rail,7730.6,34.0
Chennai,Mumbai,528,90.56,79.4,83.1,85.2,Express,Road,4085.39,14.8
Chennai,Bangalore,1818,13.43,33.1,87.4,6.7,Express,Rail,1133.99,30.9
Bangalore,Pune,1219,36.79,25.3,14.1,88.6,Express,Rail,2097.43,19.2
Bangalore,Mumbai,707,95.0,74.9,16.8,55.2,Express,Air,24818.91,16.4
Chennai,Bangalore,1818,42.49,51.2,75.7,49.7,Express,Air,26857.23,24.9
Mumbai,Hyderabad,478,87.31,33.1,57.4,53.4,Economy,Air,8293.88,13.3
Mumbai,Hyderabad,478,54.85,49.5,50.2,64.0,Normal,Air,6189.73,20.0
Kolkata,Mumbai,1957,13.76,25.1,26.5,63.5,Economy,Rail,598.22,66.5
Ahmedabad,Pune,900,18.56,48.3,39.4,69.1,Economy,Road,1040.55,49.2
Hyderabad,Mumbai,618,9.78,93.9,31.8,34.4,Economy,Road,529.27,30.3
Pune,Hyderabad,1952,76.7,51.5,84.1,88.0,Economy,Road,6297.9,87.2
Hyderabad,Ahmedabad,1078,62.77,89.0,78.3,28.4,Express,Air,26854.61,20.5
Chennai,Bangalore,1818,57.83,95.5,83.8,69.8,Economy,Air,39324.38,21.8
Delhi,Ahmedabad,354,31.39,12.7,44.9,68.2,Express,Rail,509.25,22.9
Ahmedabad,Hyderabad,1430,45.5,68.1,11.5,99.4,Express,Air,25801.83,14.2
Mumbai,Pune,1509,22.87,59.5,63.7,32.6,Express,Rail,1838.52,36.0
Mumbai,Chennai,1808,71.38,36.9,46.6,26.8,Express,Rail,6343.2,35.6
Ahmedabad,Mumbai,1398,49.69,59.2,18.1,69.1,Express,Air,25419.95,11.9
Ahmedabad,Hyderabad,1430,46.74,13.2,50.5,64.6,Economy,Road,2417.04,71.1
Chennai,Pune,757,3.5,75.5,21.9,82.6,Express,Rail,948.38,19.0
Hyderabad,Bangalore,1863,32.67,37.3,29.1,60.4,Economy,Air,12658.01,22.2
Chennai,Hyderabad,801,51.37,5.1,30.2,94.3,Express,Air,15380.11,8.2
Delhi,Bangalore,747,85.85,90.5,32.8,97.7,Express,Air,26254.5,19.1
Delhi,Kolkata,776,30.09,54.0,86.1,95.2,Normal,Road,3404.97,26.8
Hyderabad,Chennai,869,18.41,25.6,91.5,24.5,Economy,Rail,363.38,32.9
Ahmedabad,Hyderabad,1430,48.66,47.2,28.8,73.6,Economy,Rail,1769.93,52.3
Ahmedabad,Delhi,555,5.28,68.2,5.9,72.3,Express,Rail,148.2,19.6
Ahmedabad,Chennai,1240,63.14,70.1,22.3,53.5,Normal,Road,4259.46,50.0
Ahmedabad,Pune,900,26.79,42.5,89.3,98.0,Express,Rail,3213.03,17.1
Mumbai,Bangalore,1816,12.41,93.9,32.5,26.9,Normal,Rail,894.56,51.8
Chennai,Mumbai,528,15.79,76.9,41.8,98.9,Express,Rail,1575.69,17.2
Ahmedabad,Hyderabad,1430,73.72,41.1,24.7,74.3,Normal,Air,27721.51,20.2
Delhi,Kolkata,776,69.01,67.0,33.3,48.8,Normal,Rail,1750.27,30.3
Mumbai,Ahmedabad,1164,68.15,13.4,62.9,65.7,Express,Road,6135.43,29.8
Pune,Mumbai,1035,86.13,92.1,36.7,71.3,Normal,Road,4528.63,42.9
Mumbai,Hyderabad,478,60.71,37.0,89.4,43.1,Economy,Road,1196.05,23.8
Mumbai,Pune,1509,99.06,39.1,12.3,29.6,Normal,Air,37088.77,26.4
Chennai,Pune,757,30.4,91.4,15.3,24.4,Express,Rail,1090.49,17.4
Ahmedabad,Hyderabad,1430,63.36,68.7,28.4,44.5,Economy,Rail,2358.01,57.8
Hyderabad,Kolkata,989,75.06,42.3,48.8,71.2,Normal,Rail,2137.15,35.1
Chennai,Bangalore,1818,9.37,22.3,60.8,62.5,Express,Air,12549.0,20.5
Delhi,Pune,1532,94.11,5.9,67.4,59.5,Economy,Air,30711.76,10.9
Bangalore,Ahmedabad,1506,81.63,45.0,19.9,28.7,Express,Air,44137.83,15.7
Delhi,Hyderabad,1334,60.95,11.4,30.3,71.5,Express,Rail,3339.14,35.8
Mumbai,Bangalore,1816,43.86,98.8,39.6,58.0,Economy,Road,3112.21,88.0
Hyderabad,Kolkata,989,49.28,7.5,98.9,46.5,Economy,Air,9067.91,22.3
Delhi,Kolkata,776,92.87,80.8,38.9,18.7,Normal,Air,18422.04,20.0
Bangalore,Delhi,1766,80.38,61.9,43.9,51.0,Economy,Rail,3424.71,61.2
Kolkata,Bangalore,1854,28.06,39.2,8.2,70.0,Express,Road,3591.72,52.6
Hyderabad,Ahmedabad,1078,68.59,55.0,9.7,56.3,Normal,Rail,2324.69,42.0
Chennai,Hyderabad,801,67.93,56.6,66.8,35.4,Economy,Road,1959.49,47.6
Pune,Bangalore,1536,59.66,81.4,29.7,52.5,Economy,Air,17272.42,24.1
Pune,Bangalore,1536,19.79,41.5,65.2,41.9,Normal,Road,1893.27,56.7
Ahmedabad,Delhi,555,74.5,43.8,26.7,95.5,Express,Road,2887.84,28.3
Delhi,Kolkata,776,11.89,92.9,37.8,22.2,Normal,Rail,341.68,27.9
Kolkata,Delhi,313,5.5,96.5,16.0,32.5,Normal,Air,707.4,19.7
Chennai,Kolkata,863,48.08,91.4,58.5,20.6,Economy,Rail,967.03,35.0
Pune,Bangalore,1536,2.1,55.6,75.4,35.1,Economy,Air,9143.18,14.5
Bangalore,Ahmedabad,1506,43.87,24.5,46.9,55.2,Normal,Air,16353.21,21.8
Hyderabad,Ahmedabad,1078,87.27,48.0,28.3,81.0,Express,Air,33537.29,24.6
Pune,Chennai,498,91.92,28.1,58.6,22.2,Normal,Rail,1367.1,17.0
Delhi,Chennai,365,14.59,53.2,53.9,47.2,Normal,Road,522.21,15.5
Ahmedabad,Delhi,555,37.64,61.3,68.5,85.6,Economy,Road,1669.47,26.9
Chennai,Ahmedabad,585,32.71,6.2,32.2,75.2,Normal,Road,933.76,24.5
Hyderabad,Ahmedabad,1078,56.94,59.3,31.3,92.9,Normal,Rail,1703.58,39.9
Mumbai,Ahmedabad,1164,19.25,27.3,94.1,91.5,Normal,Rail,1555.2,38.7
Hyderabad,Kolkata,989,94.52,34.8,91.2,60.6,Express,Road,7109.63,26.2
Delhi,Hyderabad,1334,70.54,61.5,92.0,54.9,Express,Rail,4458.02,28.4
Delhi,Pune,1532,70.31,50.2,23.1,85.9,Normal,Road,4898.23,54.7
Bangalore,Pune,1219,44.02,41.6,7.6,52.5,Express,Rail,2416.28,24.4
Chennai,Pune,757,88.0,10.2,66.0,31.4,Normal,Air,15143.05,17.6
Delhi,Kolkata,776,89.52,74.3,97.2,75.3,Express,Road,5718.79,22.0
Delhi,Hyderabad,1334,94.98,43.5,19.0,54.1,Normal,Rail,3714.29,36.5
Mumbai,Hyderabad,478,35.45,52.5,11.4,47.0,Economy,Air,3423.69,20.0
Ahmedabad,Mumbai,1398,28.16,65.6,57.6,73.1,Express,Air,28731.26,15.9
Kolkata,Chennai,869,49.74,72.6,77.7,70.6,Economy,Rail,1560.14,37.6
Ahmedabad,Mumbai,1398,44.02,25.6,63.8,40.2,Normal,Air,15994.9,8.2
Bangalore,Pune,1219,5.02,62.6,47.6,11.2,Economy,Air,1499.3,12.4
Ahmedabad,Pune,900,3.3,93.5,50.9,94.7,Normal,Road,4015.5,39.3
Delhi,Chennai,365,29.23,96.2,59.5,34.5,Economy,Rail,318.53,30.1
Pune,Hyderabad,1952,19.63,8.4,96.0,40.3,Economy,Road,1504.51,92.1
Bangalore,Pune,1219,42.79,93.7,54.0,16.7,Normal,Road,2451.02,40.6
Pune,Chennai,498,93.46,50.1,40.3,93.7,Express,Rail,2073.03,27.8
Hyderabad,Delhi,740,10.5,5.3,94.6,76.9,Express,Rail,348.35,20.0
Chennai,Delhi,351,4.39,36.2,83.4,76.1,Express,Air,6335.38,5.0
Hyderabad,Pune,489,32.87,47.5,25.1,51.0,Normal,Rail,509.61,13.3
Chennai,Mumbai,528,29.17,15.8,80.3,13.1,Economy,Rail,387.03,24.4
Bangalore,Chennai,1449,40.9,6.3,68.8,45.7,Express,Road,4076.77,42.6
Pune,Chennai,498,23.48,32.0,71.9,46.8,Express,Rail,478.31,25.9
Hyderabad,Kolkata,989,30.44,95.2,57.6,18.1,Express,Rail,1225.52,27.8
Chennai,Hyderabad,801,38.75,62.7,34.2,28.0,Normal,Air,7524.23,23.6
Chennai,Hyderabad,801,22.91,67.3,25.1,25.7,Normal,Rail,510.9,23.7
Mumbai,Bangalore,1816,4.32,74.3,27.4,11.1,Normal,Air,2120.76,20.4
Pune,Bangalore,1536,70.38,68.8,8.3,8.9,Economy,Rail,2520.27,62.1
Chennai,Delhi,351,70.3,87.9,73.8,87.4,Express,Air,14677.96,21.3
Mumbai,Delhi,1685,1.52,59.7,15.4,46.6,Express,Air,5416.42,7.8
Chennai,Kolkata,863,50.36,16.0,42.8,43.6,Express,Air,15002.56,9.9
Kolkata,Bangalore,1854,60.47,69.5,57.2,39.7,Economy,Rail,2557.42,56.3
Delhi,Ahmedabad,354,44.2,15.6,87.3,25.8,Economy,Road,618.53,26.6
Delhi,Pune,1532,86.76,79.7,94.7,60.5,Normal,Air,35949.31,17.1
Hyderabad,Chennai,869,55.76,64.9,66.5,63.6,Normal,Road,2406.42,29.0
Hyderabad,Pune,489,49.86,93.6,8.5,31.4,Normal,Road,1161.79,22.3
Mumbai,Bangalore,1816,33.63,85.6,29.9,15.0,Economy,Rail,1395.74,67.3
Delhi,Kolkata,776,90.34,44.3,61.6,74.2,Normal,Rail,1929.11,28.8
Mumbai,Pune,1509,22.31,74.4,49.0,9.2,Express,Air,12587.07,6.5
Bangalore,Pune,1219,54.98,23.3,28.4,42.3,Normal,Air,15631.83,23.0
Pune,Chennai,498,70.65,51.2,67.7,16.5,Normal,Rail,1128.31,13.0
Delhi,Bangalore,747,69.53,23.1,23.2,19.7,Normal,Rail,1522.45,19.5
Pune,Hyderabad,1952,15.67,13.4,55.7,94.2,Express,Rail,1333.69,39.8
Hyderabad,Delhi,740,93.01,87.7,64.7,78.4,Normal,Rail,1861.08,26.9
Chennai,Kolkata,863,90.52,66.5,54.9,21.3,Economy,Rail,1745.99,31.6
Bangalore,Delhi,1766,3.75,68.1,67.4,25.1,Express,Road,3194.25,41.5
Delhi,Bangalore,747,25.12,19.7,43.9,47.6,Express,Rail,834.1,24.9
Mumbai,Kolkata,1416,63.64,32.8,41.6,97.1,Express,Air,33507.66,19.6
Kolkata,Delhi,313,60.91,23.4,11.9,44.6,Normal,Air,5133.04,21.9
Pune,Bangalore,1536,50.71,72.4,62.3,88.3,Express,Rail,5208.39,40.4
Bangalore,Pune,1219,19.08,23.2,42.7,90.7,Express,Road,1874.97,37.2
Hyderabad,Mumbai,618,30.59,91.9,57.7,55.7,Economy,Road,1343.95,45.8
Mumbai,Kolkata,1416,2.06,42.8,31.6,82.7,Economy,Road,1247.62,74.9
Bangalore,Kolkata,1159,53.09,70.8,91.9,66.2,Normal,Road,4564.81,47.6
Bangalore,Kolkata,1159,48.66,91.4,39.2,28.4,Economy,Rail,1375.13,44.0
Pune,Chennai,498,50.26,85.4,27.4,41.1,Economy,Rail,588.35,25.8
Delhi,Pune,1532,14.78,87.0,52.0,65.7,Economy,Road,3958.35,68.8
Delhi,Pune,1532,95.85,45.5,65.9,94.6,Economy,Rail,3202.18,43.0
Kolkata,Chennai,869,8.2,87.3,85.2,89.6,Normal,Air,26163.47,17.9
Mumbai,Chennai,1808,56.65,63.1,66.0,22.5,Normal,Air,25071.46,8.9
Bangalore,Ahmedabad,1506,55.46,77.5,57.9,81.9,Economy,Road,4242.55,64.3
Bangalore,Chennai,1449,52.78,97.5,12.9,31.7,Economy,Air,13820.81,20.5
Delhi,Chennai,365,91.38,37.4,80.1,68.2,Economy,Rail,847.89,25.7
Kolkata,Bangalore,1854,28.9,83.4,89.8,47.6,Express,Air,49909.83,10.0
Bangalore,Mumbai,707,46.45,55.6,89.5,94.2,Economy,Air,14011.22,8.7
Ahmedabad,Hyderabad,1430,68.06,96.6,36.2,8.5,Normal,Air,25162.45,18.0
Kolkata,Bangalore,1854,77.2,39.9,27.3,13.1,Express,Rail,6811.03,30.4
Chennai,Ahmedabad,585,47.82,64.8,83.9,21.5,Normal,Rail,791.69,25.5
Bangalore,Ahmedabad,1506,84.31,39.2,65.7,39.7,Economy,Rail,3249.38,45.3
Ahmedabad,Delhi,555,4.35,88.1,52.5,49.2,Economy,Air,5133.78,8.1
Delhi,Chennai,365,63.2,12.4,26.6,39.4,Express,Air,8651.06,8.7
Mumbai,Pune,1509,75.86,69.0,60.2,30.1,Economy,Road,4197.39,61.3
Bangalore,Mumbai,707,33.02,5.7,93.9,20.8,Economy,Rail,510.37,23.5
Pune,Hyderabad,1952,27.99,77.3,42.9,94.0,Economy,Road,4750.15,92.2
Delhi,Mumbai,361,10.99,11.1,13.1,47.6,Express,Air,1426.8,19.3
Chennai,Delhi,351,76.36,62.4,65.5,39.4,Express,Road,2049.58,10.5
Hyderabad,Bangalore,1863,77.25,80.8,27.1,39.0,Normal,Road,7001.26,58.8
Pune,Mumbai,1035,36.47,30.1,27.8,94.8,Economy,Air,7074.77,17.9
Pune,Bangalore,1536,99.43,10.2,44.4,75.5,Economy,Road,5858.33,61.6
Ahmedabad,Bangalore,1075,44.66,12.7,33.6,9.2,Normal,Road,2399.7,31.8
Ahmedabad,Pune,900,68.39,93.3,85.5,51.9,Express,Rail,3127.63,21.8
Ahmedabad,Kolkata,461,62.63,91.5,92.8,61.5,Express,Road,3539.61,29.7
Mumbai,Bangalore,1816,97.1,35.1,95.9,13.9,Normal,Road,9210.47,51.8
Kolkata,Delhi,313,88.74,96.8,46.8,12.1,Express,Road,2059.7,19.3
Kolkata,Chennai,869,57.55,92.6,69.8,43.2,Normal,Rail,1621.76,19.0
Hyderabad,Bangalore,1863,74.16,5.5,29.1,89.8,Express,Road,11259.64,54.1
Ahmedabad,Chennai,1240,39.0,24.6,88.3,15.8,Express,Road,3592.13,43.0
Mumbai,Bangalore,1816,16.65,94.1,96.7,49.7,Normal,Rail,5376.08,34.0
Mumbai,Kolkata,1416,6.85,78.6,66.7,74.9,Normal,Rail,3573.54,43.4
Ahmedabad,Kolkata,461,82.08,19.1,32.6,16.7,Normal,Road,1805.38,22.0
Mumbai,Pune,1509,12.65,88.5,49.9,88.4,Express,Rail,5771.21,38.5
Delhi,Mumbai,361,23.27,85.1,66.2,90.0,Normal,Road,1919.08,22.0
Kolkata,Bangalore,1854,5.95,54.3,95.2,61.8,Normal,Road,6074.43,51.8
Kolkata,Hyderabad,1729,42.55,35.3,11.1,76.6,Normal,Rail,2099.86,49.5
Mumbai,Bangalore,1816,75.33,30.7,80.3,5.9,Economy,Rail,3378.77,49.4
Bangalore,Ahmedabad,1506,98.05,93.2,14.9,26.3,Express,Rail,6831.92,38.2
Mumbai,Pune,1509,68.52,94.9,56.6,85.5,Economy,Air,27629.0,25.2
Hyderabad,Bangalore,1863,74.9,10.1,58.0,77.8,Economy,Road,5329.59,83.0
Kolkata,Hyderabad,1729,28.71,34.1,52.3,27.6,Express,Road,3627.01,48.3
Ahmedabad,Mumbai,1398,43.49,62.3,8.3,68.2,Express,Rail,2547.85,38.5
Mumbai,Hyderabad,478,80.96,71.7,80.7,35.4,Normal,Road,2049.17,15.6
Mumbai,Kolkata,1416,33.08,42.8,59.4,47.5,Express,Road,3680.14,39.4
Hyderabad,Ahmedabad,1078,78.89,94.1,8.1,38.3,Express,Road,6381.05,31.9
Delhi,Bangalore,747,40.12,9.7,94.9,75.4,Express,Air,11542.3,6.5
Mumbai,Chennai,1808,59.88,86.9,8.3,70.5,Express,Air,43271.7,10.2
Ahmedabad,Kolkata,461,64.79,89.8,7.5,97.8,Express,Air,11550.32,20.6
Mumbai,Pune,1509,12.71,96.2,83.1,48.7,Express,Rail,5395.91,25.9
Delhi,Mumbai,361,24.52,12.7,36.3,51.2,Economy,Rail,191.3,30.0
Hyderabad,Pune,489,89.25,16.7,21.6,48.7,Economy,Rail,961.95,19.2
Ahmedabad,Mumbai,1398,14.83,35.0,51.7,71.5,Normal,Road,1956.39,54.1
Delhi,Chennai,365,61.12,22.6,46.7,27.7,Normal,Rail,617.32,19.4
Kolkata,Mumbai,1957,34.57,97.9,67.9,99.7,Economy,Air,56645.03,14.7
Chennai,Pune,757,76.73,39.6,70.5,75.2,Express,Rail,2610.86,27.5
Bangalore,Ahmedabad,1506,29.89,79.5,51.4,48.7,Normal,Rail,1671.94,41.7
Pune,Hyderabad,1952,78.6,11.8,60.4,13.1,Normal,Road,7060.69,58.1
Bangalore,Chennai,1449,11.14,50.2,22.8,94.8,Express,Road,2206.52,47.6
Kolkata,Ahmedabad,996,83.31,82.2,72.6,88.3,Economy,Road,3895.95,46.7
Delhi,Chennai,365,55.99,79.6,54.8,35.6,Express,Rail,838.57,23.8
Kolkata,Mumbai,1957,58.68,84.2,28.6,6.1,Express,Rail,5231.59,36.9
Ahmedabad,Kolkata,461,17.36,26.4,98.8,45.3,Express,Air,3828.56,5.7
Chennai,Kolkata,863,99.55,61.6,47.4,40.4,Express,Road,5895.06,29.8
Kolkata,Hyderabad,1729,60.06,58.1,78.4,28.4,Economy,Road,4107.45,79.0
Bangalore,Kolkata,1159,12.77,26.2,24.8,10.8,Normal,Air,3527.37,23.0
Hyderabad,Delhi,740,3.6,86.4,88.8,6.4,Normal,Road,393.75,40.7
Delhi,Pune,1532,20.84,30.1,73.7,68.4,Express,Road,3603.89,43.8
Bangalore,Kolkata,1159,99.25,10.5,93.4,74.3,Express,Rail,5168.26,28.8
Delhi,Ahmedabad,354,51.79,75.0,25.8,11.7,Normal,Rail,579.73,27.1
Bangalore,Mumbai,707,74.48,47.4,6.5,44.0,Express,Rail,2161.46,26.9
Bangalore,Pune,1219,90.59,13.6,59.4,98.8,Express,Rail,5165.07,39.4
Hyderabad,Delhi,740,74.48,7.4,28.3,24.5,Economy,Road,2096.86,39.0
Mumbai,Bangalore,1816,1.34,95.1,51.1,64.9,Economy,Road,4503.31,87.9
Chennai,Ahmedabad,585,29.04,92.4,54.1,9.3,Economy,Road,664.74,36.4
Kolkata,Mumbai,1957,30.21,58.1,93.5,28.2,Normal,Rail,1640.71,42.7
Delhi,Kolkata,776,66.23,7.3,73.1,25.8,Normal,Air,13197.42,21.7
Delhi,Hyderabad,1334,72.96,64.0,50.3,82.2,Express,Road,7806.4,46.0
Hyderabad,Chennai,869,92.08,56.0,59.0,76.6,Normal,Air,21443.49,20.8
Kolkata,Delhi,313,43.83,95.4,47.4,99.7,Express,Air,10665.22,19.0
Kolkata,Delhi,313,99.61,8.2,34.9,10.3,Express,Rail,1516.42,26.4
Hyderabad,Bangalore,1863,48.69,98.8,5.9,79.8,Economy,Road,3794.81,91.9
Bangalore,Chennai,1449,92.51,7.3,26.3,29.5,Express,Road,9657.86,41.7
Chennai,Bangalore,1818,63.19,6.8,11.9,29.2,Normal,Rail,3349.44,34.5
Chennai,Ahmedabad,585,4.5,32.9,7.1,72.8,Normal,Rail,75.06,24.2
Bangalore,Delhi,1766,73.31,55.9,46.9,21.2,Normal,Road,6191.11,63.3
Delhi,Pune,1532,28.56,45.4,35.0,45.1,Economy,Road,1760.78,75.8
Mumbai,Chennai,1808,98.78,15.7,68.4,15.1,Normal,Rail,5011.59,36.3
Mumbai,Delhi,1685,56.83,62.2,34.3,15.3,Economy,Rail,2467.36,51.2
Ahmedabad,Delhi,555,7.58,46.1,31.1,95.2,Normal,Air,3909.77,21.6
Mumbai,Hyderabad,478,4.47,96.4,26.7,83.2,Express,Road,1419.24,21.7
Delhi,Ahmedabad,354,31.08,40.7,44.3,29.1,Normal,Rail,322.13,17.1
Delhi,Ahmedabad,354,68.48,13.0,68.1,26.7,Express,Road,1951.53,26.5
Ahmedabad,Hyderabad,1430,13.14,94.5,69.9,31.5,Normal,Air,15162.09,22.6
Ahmedabad,Hyderabad,1430,71.85,98.0,13.8,86.6,Normal,Air,27790.03,13.0
Chennai,Kolkata,863,66.22,41.5,85.8,87.1,Normal,Rail,1623.44,31.3
Kolkata,Ahmedabad,996,74.27,81.1,52.0,6.7,Normal,Road,3682.68,43.2
Ahmedabad,Bangalore,1075,80.38,86.1,49.7,24.5,Express,Road,6249.45,24.9
Mumbai,Kolkata,1416,10.41,56.1,16.6,17.0,Express,Air,5468.42,22.1
Pune,Bangalore,1536,69.57,43.0,10.5,63.0,Express,Road,8176.98,36.3
Kolkata,Mumbai,1957,34.58,67.5,63.1,15.8,Normal,Air,16905.47,8.6
Hyderabad,Bangalore,1863,75.33,47.5,59.6,7.5,Normal,Air,34636.36,23.9
Pune,Bangalore,1536,5.12,33.8,31.4,47.3,Normal,Road,735.87,50.3
Ahmedabad,Chennai,1240,13.91,39.7,95.4,6.7,Economy,Rail,403.08,46.0
Chennai,Hyderabad,801,83.16,64.0,64.2,56.1,Normal,Rail,1851.33,29.7
Ahmedabad,Delhi,555,95.0,30.4,75.9,30.6,Normal,Air,12751.09,14.6
Pune,Mumbai,1035,24.58,37.1,30.8,22.5,Express,Rail,1036.37,23.1
Bangalore,Pune,1219,1.48,47.7,49.7,74.7,Economy,Air,8850.86,10.7
Pune,Kolkata,841,33.03,53.2,57.8,10.7,Express,Air,10585.73,23.9
Delhi,Hyderabad,1334,88.2,98.3,82.6,7.2,Normal,Rail,3749.28,42.2
Delhi,Pune,1532,46.74,69.7,34.1,56.4,Express,Air,29335.5,12.0
Hyderabad,Chennai,869,6.13,50.8,83.9,81.2,Normal,Rail,1704.85,34.1
Kolkata,Mumbai,1957,28.18,15.1,99.4,58.6,Economy,Air,10173.08,23.1
Hyderabad,Chennai,869,85.53,70.2,81.3,37.6,Economy,Rail,1618.3,26.7
Pune,Kolkata,841,47.9,10.9,64.4,18.5,Economy,Rail,999.66,24.3
Bangalore,Pune,1219,85.07,34.2,75.0,6.7,Economy,Rail,2389.08,52.3
Delhi,Pune,1532,78.11,64.2,14.3,5.4,Express,Rail,5570.94,40.5
Mumbai,Chennai,1808,64.66,21.6,85.5,45.0,Normal,Road,5549.82,64.5
Ahmedabad,Kolkata,461,90.62,30.0,91.9,61.1,Economy,Road,1722.34,23.4
Bangalore,Kolkata,1159,81.45,76.2,10.7,39.9,Normal,Rail,2933.96,29.0
Bangalore,Kolkata,1159,94.77,32.6,22.9,69.2,Express,Rail,4801.61,33.4
Kolkata,Mumbai,1957,53.23,33.5,28.0,73.4,Economy,Rail,2564.01,60.7
Bangalore,Chennai,1449,81.72,74.4,88.0,50.1,Economy,Air,25069.73,20.3
Mumbai,Bangalore,1816,16.26,9.4,84.9,38.5,Economy,Rail,700.67,55.9
Kolkata,Hyderabad,1729,77.52,53.5,70.6,18.6,Express,Air,49873.68,18.3
Bangalore,Hyderabad,751,51.26,68.3,59.1,30.5,Express,Road,3061.22,37.4
Ahmedabad,Mumbai,1398,50.89,50.6,52.3,56.1,Express,Road,4857.74,33.7
Delhi,Kolkata,776,38.03,63.9,80.5,34.8,Express,Rail,1221.86,17.1
Chennai,Mumbai,528,2.32,6.9,12.4,90.1,Normal,Road,62.07,31.7
Kolkata,Mumbai,1957,78.78,28.6,10.3,93.0,Normal,Rail,4567.64,45.2
Pune,Mumbai,1035,80.14,35.2,12.5,24.9,Economy,Road,3425.11,41.4
Hyderabad,Kolkata,989,30.56,42.6,85.1,95.7,Economy,Road,2732.42,57.0
Mumbai,Hyderabad,478,69.46,31.1,23.1,91.0,Normal,Rail,979.09,21.2
Bangalore,Chennai,1449,18.9,14.8,93.7,99.8,Normal,Road,1986.6,50.2
Chennai,Ahmedabad,585,84.23,88.1,14.3,88.7,Normal,Air,11510.05,21.6
Delhi,Pune,1532,16.35,74.0,90.2,6.5,Economy,Rail,550.34,49.2
Pune,Bangalore,1536,5.77,92.0,34.7,13.1,Normal,Road,621.99,60.8
Ahmedabad,Chennai,1240,6.88,57.9,86.1,99.4,Economy,Rail,2854.39,38.7
Bangalore,Chennai,1449,70.92,59.4,36.2,96.9,Express,Rail,4215.66,32.1
Bangalore,Pune,1219,88.92,86.9,80.7,98.2,Normal,Rail,5144.6,40.9
Kolkata,Ahmedabad,996,84.35,36.6,19.2,49.9,Economy,Rail,1882.88,45.3
Chennai,Bangalore,1818,59.27,30.0,75.9,52.5,Economy,Air,22671.55,14.4
Mumbai,Hyderabad,478,52.06,52.4,52.4,80.4,Normal,Air,6293.43,12.7
Hyderabad,Kolkata,989,2.6,12.2,52.4,79.6,Normal,Rail,326.75,22.4
Ahmedabad,Hyderabad,1430,55.07,85.8,36.0,9.4,Normal,Air,18859.44,25.2
Kolkata,Hyderabad,1729,14.17,97.4,29.8,18.8,Normal,Rail,777.77,40.8
Hyderabad,Pune,489,4.84,36.2,16.8,46.6,Express,Air,1021.72,8.3
Kolkata,Ahmedabad,996,94.76,47.2,32.9,29.2,Normal,Air,23894.62,11.9
Chennai,Bangalore,1818,97.6,67.6,12.5,67.1,Economy,Rail,4288.19,57.5
Hyderabad,Kolkata,989,47.5,68.8,26.4,76.1,Normal,Rail,1384.27,20.1
Kolkata,Chennai,869,86.62,79.4,35.6,7.8,Normal,Rail,2038.64,36.4
Hyderabad,Pune,489,96.17,72.5,56.0,5.6,Normal,Rail,1425.94,17.3
Hyderabad,Delhi,740,45.93,14.8,64.4,92.5,Normal,Road,1676.8,36.2
Delhi,Pune,1532,82.84,57.6,27.1,60.7,Economy,Rail,2866.34,57.6
Delhi,Chennai,365,36.56,48.0,21.8,39.5,Normal,Air,3150.64,21.3
Kolkata,Pune,1165,68.97,90.1,69.4,14.7,Express,Road,5839.79,30.1
Kolkata,Hyderabad,1729,46.8,88.4,42.2,74.8,Express,Air,32777.78,21.7
Hyderabad,Pune,489,40.8,17.3,55.6,44.4,Express,Road,1603.99,15.6
Ahmedabad,Pune,900,65.99,80.3,85.7,88.1,Economy,Air,19849.75,21.1
Ahmedabad,Chennai,1240,23.04,40.3,37.0,38.4,Express,Road,2064.74,43.2
Mumbai,Bangalore,1816,70.68,19.4,59.4,88.2,Normal,Air,34396.87,22.9
Pune,Ahmedabad,1794,98.69,17.6,39.2,98.2,Normal,Air,44157.8,24.1
Delhi,Mumbai,361,32.96,31.2,9.4,57.2,Economy,Rail,292.1,20.9
Ahmedabad,Pune,900,20.83,96.1,66.7,58.1,Economy,Air,14519.03,12.5
Mumbai,Pune,1509,6.06,9.8,5.4,42.0,Express,Rail,412.76,42.7
Bangalore,Pune,1219,71.29,81.9,58.5,95.7,Economy,Rail,2645.61,49.0
Pune,Chennai,498,71.04,62.9,86.0,64.7,Economy,Rail,811.02,31.0
Ahmedabad,Delhi,555,62.57,5.5,31.9,88.9,Economy,Air,7404.13,16.7
Bangalore,Chennai,1449,26.65,6.4,51.4,55.3,Economy,Road,1652.38,64.9
Bangalore,Chennai,1449,68.72,78.0,35.5,64.9,Economy,Road,4297.69,77.8
Ahmedabad,Delhi,555,30.23,24.9,56.5,78.6,Express,Rail,706.67,17.9
Delhi,Kolkata,776,32.89,5.3,20.6,34.9,Economy,Road,994.45,41.7
Mumbai,Delhi,1685,84.3,90.3,16.1,36.3,Normal,Rail,3903.94,44.8
Ahmedabad,Hyderabad,1430,76.2,78.6,6.3,39.3,Economy,Air,22866.18,18.6
Kolkata,Chennai,869,51.53,39.1,13.8,32.5,Economy,Road,1958.76,39.5
Kolkata,Hyderabad,1729,92.54,97.9,74.8,40.5,Normal,Rail,4877.31,39.5
Delhi,Bangalore,747,41.01,64.4,79.5,41.4,Express,Air,11317.46,14.3
Bangalore,Chennai,1449,56.95,19.3,40.1,85.8,Express,Road,6034.9,35.3
Pune,Ahmedabad,1794,5.01,12.7,33.7,82.2,Economy,Road,502.61,78.7
Mumbai,Ahmedabad,1164,64.7,55.8,82.3,58.9,Normal,Rail,2294.84,33.4
Bangalore,Ahmedabad,1506,35.32,70.9,13.0,34.1,Express,Rail,2486.02,37.8
Hyderabad,Bangalore,1863,55.42,16.1,8.0,56.6,Normal,Road,5592.03,54.1
Mumbai,Kolkata,1416,45.05,57.3,50.5,44.0,Economy,Road,2794.41,62.4
Chennai,Delhi,351,15.99,83.3,27.9,26.1,Express,Air,2159.98,17.7
Pune,Chennai,498,76.97,35.8,63.0,72.8,Economy,Rail,830.92,30.8
Bangalore,Pune,1219,83.59,92.1,93.2,45.7,Normal,Rail,2775.72,27.4
Chennai,Hyderabad,801,16.44,34.9,74.7,62.6,Normal,Road,1284.57,26.2
Ahmedabad,Mumbai,1398,53.23,85.1,78.6,97.7,Economy,Road,6855.48,71.4
Chennai,Ahmedabad,585,61.07,99.4,56.5,33.0,Normal,Road,1833.06,20.5
Pune,Mumbai,1035,10.88,58.5,67.7,88.2,Express,Rail,3474.77,26.4
Delhi,Kolkata,776,65.07,11.5,45.2,95.0,Normal,Road,2279.2,42.4
Mumbai,Ahmedabad,1164,48.89,9.5,74.1,20.5,Economy,Air,11773.08,17.5
Chennai,Bangalore,1818,54.82,12.1,47.7,17.7,Express,Rail,4126.81,41.4
Ahmedabad,Chennai,1240,22.09,8.9,10.9,25.2,Express,Air,9253.67,22.8
Kolkata,Delhi,313,90.88,98.7,57.3,9.2,Normal,Air,6751.08,22.6
Hyderabad,Kolkata,989,38.03,70.7,92.0,65.3,Normal,Road,3934.16,40.7
Chennai,Bangalore,1818,70.47,76.0,44.4,10.3,Express,Air,51733.99,20.2
Bangalore,Hyderabad,751,2.92,52.4,57.8,85.0,Economy,Rail,932.49,37.2
Hyderabad,Ahmedabad,1078,92.24,27.9,15.2,44.7,Express,Air,37261.86,23.4
Hyderabad,Pune,489,95.49,51.2,95.3,14.4,Express,Air,17298.98,10.4
Delhi,Chennai,365,84.15,68.5,41.8,18.1,Normal,Air,7835.78,9.8
Bangalore,Pune,1219,11.57,97.7,20.1,26.5,Economy,Rail,348.6,43.4
Delhi,Chennai,365,53.02,83.4,92.6,46.9,Normal,Air,7159.47,5.0
Mumbai,Delhi,1685,44.5,33.0,97.2,18.2,Express,Air,29231.77,12.7
Pune,Delhi,1004,63.3,35.0,37.6,86.1,Economy,Rail,1474.67,38.6
Delhi,Kolkata,776,18.28,62.7,99.4,20.4,Express,Rail,883.01,21.3
Chennai,Ahmedabad,585,31.79,78.5,14.9,54.1,Normal,Air,5043.69,13.3
Bangalore,Mumbai,707,61.81,81.3,84.3,68.3,Express,Air,24276.33,17.9
Kolkata,Bangalore,1854,65.09,75.3,22.7,44.2,Normal,Road,5503.34,56.5
Kolkata,Hyderabad,1729,55.69,58.2,34.7,51.6,Economy,Air,18508.12,12.7
Delhi,Bangalore,747,23.57,39.7,66.5,8.0,Express,Road,1227.72,34.1
Pune,Hyderabad,1952,82.88,60.6,46.2,32.1,Economy,Air,34990.64,10.3
Mumbai,Bangalore,1816,39.53,84.3,61.3,35.7,Normal,Rail,2341.17,33.8
Ahmedabad,Kolkata,461,86.99,86.2,17.4,74.8,Normal,Air,9620.8,18.8
Chennai,Hyderabad,801,31.82,83.0,17.4,68.2,Express,Air,9570.26,18.9
Bangalore,Chennai,1449,50.16,96.0,20.0,44.1,Normal,Rail,2320.42,41.5
Mumbai,Chennai,1808,75.07,10.6,55.6,68.4,Economy,Road,5769.75,79.7
Kolkata,Chennai,869,64.11,39.0,95.3,43.7,Economy,Road,2441.84,58.0
Kolkata,Mumbai,1957,31.36,59.7,34.1,68.8,Normal,Road,3324.87,72.9
Chennai,Pune,757,32.33,23.3,52.4,51.6,Normal,Road,1121.32,25.7
Hyderabad,Ahmedabad,1078,57.51,38.5,73.1,98.3,Express,Air,24276.82,17.5
Ahmedabad,Delhi,555,56.6,75.2,10.6,73.7,Express,Rail,1521.47,25.8
Delhi,Pune,1532,23.23,81.6,14.4,92.7,Normal,Air,8418.41,12.2
Delhi,Kolkata,776,95.98,48.5,31.5,66.1,Normal,Road,3521.36,27.2
Kolkata,Delhi,313,68.07,54.9,95.1,91.9,Express,Air,11784.93,5.5
Ahmedabad,Bangalore,1075,13.38,65.4,77.6,73.3,Express,Rail,3347.41,32.2
Bangalore,Hyderabad,751,77.47,14.8,80.5,44.0,Express,Air,23433.28,16.9
Ahmedabad,Kolkata,461,29.51,98.5,63.3,20.7,Express,Road,931.75,14.9
Delhi,Kolkata,776,13.1,38.8,38.1,62.4,Economy,Road,547.94,33.7
Hyderabad,Bangalore,1863,56.59,58.9,39.4,85.6,Express,Air,37645.74,26.2
Pune,Delhi,1004,96.15,66.8,99.4,26.2,Economy,Rail,2212.68,39.5
Chennai,Kolkata,863,77.33,44.4,67.0,11.8,Express,Road,5096.2,25.3
Hyderabad,Bangalore,1863,54.22,79.4,92.1,86.4,Express,Road,18512.3,48.5
Mumbai,Ahmedabad,1164,52.54,12.0,14.6,11.8,Normal,Rail,1885.11,35.0
Mumbai,Delhi,1685,25.97,78.0,97.6,53.0,Economy,Rail,3351.87,55.5
Hyderabad,Pune,489,3.31,7.4,40.2,66.3,Economy,Air,378.23,18.7
Delhi,Bangalore,747,40.76,93.5,72.8,88.0,Economy,Road,3527.65,31.8
Ahmedabad,Kolkata,461,52.76,29.3,51.7,50.7,Express,Air,9755.18,16.7
Ahmedabad,Bangalore,1075,66.52,20.5,97.2,23.1,Express,Air,26465.43,13.4
Mumbai,Pune,1509,52.16,39.4,30.4,87.3,Express,Air,30541.0,24.6
Ahmedabad,Hyderabad,1430,89.08,19.6,20.7,81.8,Express,Air,43162.82,24.3
Mumbai,Delhi,1685,60.53,59.8,20.8,93.2,Normal,Air,27187.14,26.9
Hyderabad,Ahmedabad,1078,33.48,26.3,96.3,11.7,Express,Rail,1648.19,18.7
Bangalore,Hyderabad,751,30.23,52.0,90.2,88.6,Express,Rail,2948.96,21.0
Chennai,Mumbai,528,11.7,6.9,6.9,9.1,Normal,Air,1520.97,20.5
Hyderabad,Pune,489,82.26,68.7,76.8,88.4,Economy,Road,1770.25,41.7
Bangalore,Kolkata,1159,89.8,10.1,66.7,45.1,Economy,Air,21649.0,11.7
Ahmedabad,Pune,900,89.79,98.7,24.8,74.4,Normal,Air,20508.0,9.3
Ahmedabad,Delhi,555,67.71,80.4,78.6,22.0,Express,Air,14405.05,6.5
Hyderabad,Mumbai,618,67.0,77.2,24.6,51.7,Express,Road,3070.96,18.6
Mumbai,Delhi,1685,86.18,33.5,67.1,30.4,Economy,Air,30242.01,14.3
Pune,Mumbai,1035,63.48,68.6,57.5,5.6,Express,Air,26257.78,14.5
Mumbai,Pune,1509,35.8,86.1,26.7,65.4,Express,Rail,2190.59,27.8
Mumbai,Kolkata,1416,16.03,13.4,91.2,80.1,Economy,Road,1142.82,59.0
Chennai,Bangalore,1818,35.84,15.0,31.4,75.5,Normal,Rail,2131.13,39.9
Pune,Hyderabad,1952,46.18,40.8,5.9,13.8,Normal,Road,4702.22,70.1
Mumbai,Chennai,1808,98.73,42.3,40.3,48.1,Express,Rail,7970.72,37.6
Pune,Delhi,1004,74.73,88.8,73.9,60.9,Normal,Rail,2635.76,20.5
Chennai,Bangalore,1818,52.21,63.4,80.3,81.2,Economy,Road,5704.12,79.6
Pune,Ahmedabad,1794,70.41,16.1,71.8,65.5,Normal,Road,6742.34,59.6
Ahmedabad,Mumbai,1398,83.72,80.1,35.6,78.7,Normal,Road,5902.56,45.3
Mumbai,Hyderabad,478,89.15,44.7,60.0,10.9,Express,Air,15589.68,5.8
Mumbai,Pune,1509,84.3,46.0,16.6,62.4,Economy,Rail,3265.11,48.1
Chennai,Delhi,351,12.28,48.7,84.8,65.8,Express,Rail,848.65,12.1
Kolkata,Bangalore,1854,44.59,58.9,64.1,68.9,Express,Rail,4141.88,26.7
Delhi,Mumbai,361,60.71,93.4,25.8,53.7,Normal,Air,5497.79,13.8
Delhi,Ahmedabad,354,77.88,48.3,64.1,98.7,Express,Rail,1250.03,11.6
Kolkata,Ahmedabad,996,19.15,71.1,6.2,79.0,Economy,Air,3977.21,13.2
Ahmedabad,Pune,900,33.63,98.9,6.5,82.2,Economy,Road,1182.75,54.7
Mumbai,Chennai,1808,83.61,41.3,77.6,54.6,Economy,Rail,3278.09,56.8
Kolkata,Pune,1165,83.31,34.3,62.9,83.8,Economy,Air,18401.75,23.0
Chennai,Kolkata,863,28.22,65.8,68.1,79.3,Express,Road,4483.71,32.1
Ahmedabad,Kolkata,461,9.04,26.2,88.8,83.8,Economy,Rail,397.44,30.2
Pune,Ahmedabad,1794,58.23,7.2,31.2,46.8,Economy,Rail,2473.16,59.1
Chennai,Pune,757,35.04,81.5,11.2,14.3,Economy,Air,5045.06,17.3
Mumbai,Pune,1509,70.48,97.8,64.1,70.1,Normal,Air,33797.02,16.7
Pune,Hyderabad,1952,5.47,45.2,92.6,11.9,Normal,Rail,625.36,48.8
Pune,Chennai,498,10.73,77.1,70.1,84.3,Normal,Road,2482.41,33.5
Chennai,Kolkata,863,96.92,37.5,54.3,98.0,Express,Road,5997.29,24.7
Ahmedabad,Bangalore,1075,71.31,61.0,71.7,71.7,Economy,Rail,2023.21,29.5
Mumbai,Delhi,1685,6.92,79.7,87.2,13.8,Normal,Air,8174.59,22.8
Kolkata,Ahmedabad,996,30.72,93.3,44.8,66.3,Economy,Air,10533.79,14.2
Bangalore,Mumbai,707,99.54,12.2,59.4,12.9,Economy,Rail,1598.6,33.3
Delhi,Mumbai,361,44.59,76.4,71.2,50.0,Express,Rail,897.33,11.8
Delhi,Mumbai,361,61.89,75.6,75.4,30.1,Express,Rail,956.35,10.3
Chennai,Ahmedabad,585,12.51,66.6,37.2,43.5,Normal,Road,652.18,37.7
Bangalore,Kolkata,1159,54.79,89.8,98.4,81.6,Economy,Road,7227.93,52.1
Bangalore,Kolkata,1159,49.75,16.2,35.4,20.8,Normal,Road,2987.62,37.2
Bangalore,Delhi,1766,70.02,14.1,24.4,38.2,Express,Rail,5889.01,32.7
Pune,Mumbai,1035,55.39,51.6,89.2,40.5,Economy,Rail,1433.53,38.2
Hyderabad,Ahmedabad,1078,52.56,99.9,34.0,54.3,Express,Rail,2315.96,28.3
Pune,Mumbai,1035,36.85,38.0,46.9,22.1,Economy,Air,8008.06,15.4
Delhi,Hyderabad,1334,64.16,87.5,95.4,73.8,Normal,Road,8256.8,47.2
Delhi,Bangalore,747,14.79,24.3,72.1,12.9,Normal,Rail,323.04,16.9
Bangalore,Pune,1219,14.0,94.4,76.0,98.9,Economy,Rail,4373.39,54.0
Ahmedabad,Bangalore,1075,92.52,76.9,85.9,56.8,Express,Air,36711.04,7.4
Ahmedabad,Kolkata,461,58.99,49.9,54.9,86.9,Express,Rail,1162.11,27.7
Mumbai,Pune,1509,18.0,19.3,79.4,26.2,Express,Air,9962.37,15.3
Hyderabad,Pune,489,19.93,66.3,80.2,41.9,Normal,Rail,603.18,30.9
Delhi,Mumbai,361,15.74,56.5,88.3,24.5,Normal,Rail,282.28,26.2
Delhi,Kolkata,776,56.79,74.7,16.6,54.2,Normal,Road,2229.45,32.4
Pune,Kolkata,841,59.47,67.0,62.5,30.0,Economy,Road,2181.09,47.1
Delhi,Kolkata,776,14.52,41.2,97.6,54.0,Express,Rail,1369.32,23.1
Hyderabad,Ahmedabad,1078,49.79,80.9,76.3,28.3,Express,Road,4133.39,34.3
Pune,Mumbai,1035,31.94,8.3,60.2,63.3,Economy,Road,1246.75,50.8
Chennai,Hyderabad,801,96.64,57.1,53.9,77.5,Normal,Road,3890.0,40.3
Ahmedabad,Chennai,1240,28.59,75.7,91.8,24.4,Normal,Road,1995.12,48.2
Hyderabad,Kolkata,989,66.4,32.2,79.3,30.8,Normal,Road,3467.07,33.9
Ahmedabad,Bangalore,1075,85.44,25.2,58.1,95.5,Economy,Air,18690.48,17.4
Kolkata,Mumbai,1957,51.49,33.2,27.9,78.3,Normal,Air,27552.25,23.2
Kolkata,Mumbai,1957,12.17,16.5,77.1,8.1,Express,Air,8882.18,18.7
Bangalore,Chennai,1449,12.74,96.6,38.9,70.7,Normal,Rail,2082.18,39.7
Mumbai,Ahmedabad,1164,7.68,55.1,47.5,76.4,Normal,Road,2422.12,45.1
Hyderabad,Kolkata,989,54.67,13.7,12.5,35.2,Economy,Road,2125.76,42.8
Pune,Delhi,1004,13.46,48.1,88.3,13.5,Express,Road,914.15,23.0
Chennai,Ahmedabad,585,97.37,83.4,48.7,67.6,Economy,Rail,1247.98,31.1
Delhi,Mumbai,361,54.55,6.7,25.5,47.6,Economy,Road,713.64,35.5
Mumbai,Pune,1509,59.88,5.5,87.2,76.8,Normal,Air,22081.53,12.0
Pune,Chennai,498,93.6,52.1,90.0,19.9,Express,Air,16718.86,18.9
Chennai,Bangalore,1818,73.71,90.1,70.5,89.3,Normal,Road,9778.16,47.3
Pune,Hyderabad,1952,19.16,17.5,97.5,8.4,Express,Rail,1641.9,29.9
Hyderabad,Ahmedabad,1078,7.92,74.3,37.1,24.7,Express,Road,997.32,26.5
Delhi,Ahmedabad,354,97.56,50.4,13.9,85.0,Normal,Air,8861.6,11.4
Bangalore,Kolkata,1159,5.46,80.6,26.4,98.1,Normal,Rail,1387.12,24.3
Hyderabad,Pune,489,50.68,71.7,7.6,57.5,Economy,Rail,552.15,23.1
Mumbai,Hyderabad,478,31.35,54.4,66.6,30.5,Normal,Road,818.96,21.1
Kolkata,Pune,1165,63.5,98.6,87.4,39.3,Express,Air,30930.89,13.5
Kolkata,Hyderabad,1729,16.55,14.3,15.0,66.3,Express,Road,1991.79,34.2
Hyderabad,Chennai,869,60.2,57.0,62.4,43.6,Economy,Air,9651.04,13.6
Ahmedabad,Delhi,555,12.44,98.4,59.9,20.3,Normal,Rail,409.12,19.4
Mumbai,Bangalore,1816,64.93,67.9,69.0,91.2,Express,Rail,7670.1,39.7
Hyderabad,Bangalore,1863,54.02,75.6,65.5,84.0,Express,Rail,7371.21,27.1
Chennai,Delhi,351,84.61,94.8,98.0,12.6,Economy,Road,1160.23,22.2
Ahmedabad,Bangalore,1075,75.33,13.4,32.7,18.6,Express,Air,30179.22,17.2
Ahmedabad,Delhi,555,34.04,11.1,33.2,60.1,Normal,Road,1030.98,20.1
Chennai,Bangalore,1818,72.03,38.3,49.7,97.5,Normal,Rail,3641.92,36.8
Kolkata,Mumbai,1957,41.58,13.8,95.6,63.0,Express,Air,33202.31,7.7
Mumbai,Delhi,1685,71.12,68.2,47.0,19.3,Economy,Rail,2591.95,54.2
Pune,Chennai,498,17.16,39.5,36.9,91.3,Economy,Air,2734.83,20.3
Ahmedabad,Bangalore,1075,19.05,22.7,7.7,59.7,Normal,Road,1022.26,30.2
Pune,Mumbai,1035,97.76,47.7,8.4,78.3,Normal,Air,23599.21,9.7
Bangalore,Mumbai,707,75.64,63.0,43.6,64.9,Economy,Road,2250.69,50.7
Delhi,Pune,1532,58.71,66.9,97.7,46.2,Economy,Road,3932.01,83.5
Kolkata,Bangalore,1854,28.14,43.8,94.5,50.6,Normal,Rail,2355.42,37.4
Chennai,Kolkata,863,26.52,38.5,75.7,12.4,Normal,Road,1211.69,38.5
Delhi,Ahmedabad,354,47.12,6.5,60.1,89.0,Express,Rail,693.55,14.7
Hyderabad,Pune,489,83.35,28.8,55.2,86.5,Normal,Air,9850.35,8.6
Pune,Delhi,1004,83.37,16.2,77.4,16.6,Express,Air,28471.68,16.0
Bangalore,Pune,1219,60.67,100.0,9.1,86.8,Economy,Road,3236.8,67.4
Bangalore,Pune,1219,5.78,58.4,55.1,6.8,Express,Rail,325.77,26.2
Delhi,Hyderabad,1334,69.02,11.2,87.2,16.7,Economy,Rail,1994.38,39.3
Ahmedabad,Chennai,1240,60.39,97.9,32.9,91.6,Normal,Rail,2442.5,40.7
Mumbai,Delhi,1685,25.1,48.2,46.2,24.7,Express,Rail,1806.4,43.2
Hyderabad,Ahmedabad,1078,80.2,44.2,45.3,34.9,Normal,Air,20159.28,20.8
Bangalore,Mumbai,707,71.74,25.8,96.5,95.0,Normal,Road,2379.11,35.3
Chennai,Delhi,351,41.2,77.7,69.9,97.7,Normal,Road,1931.51,12.9
Ahmedabad,Bangalore,1075,52.08,86.3,19.3,59.8,Express,Rail,2461.25,18.7
Pune,Chennai,498,93.29,82.0,64.6,60.4,Normal,Road,2165.03,33.2
Pune,Hyderabad,1952,24.41,28.8,67.9,48.9,Express,Road,3264.42,51.9
Kolkata,Mumbai,1957,29.08,22.9,86.7,50.7,Economy,Rail,1434.01,51.9
Mumbai,Hyderabad,478,99.88,48.8,92.9,21.2,Normal,Road,2270.32,33.8
Bangalore,Hyderabad,751,34.71,16.5,83.4,35.7,Normal,Rail,840.01,35.1
Bangalore,Chennai,1449,65.36,79.0,53.6,36.0,Economy,Rail,2228.6,54.6
Chennai,Kolkata,863,86.88,54.7,62.4,26.2,Economy,Road,2773.91,44.0
Mumbai,Bangalore,1816,37.67,46.2,54.3,97.0,Express,Rail,4292.99,37.6
Delhi,Ahmedabad,354,28.79,43.2,73.0,57.8,Economy,Rail,282.82,26.2
Chennai,Pune,757,54.74,25.7,81.8,84.3,Economy,Rail,1007.24,34.0
Bangalore,Ahmedabad,1506,91.13,77.5,61.0,24.1,Express,Road,9892.79,32.3
Bangalore,Delhi,1766,56.98,67.2,43.2,51.6,Normal,Air,23571.41,18.7
Pune,Kolkata,841,81.08,24.3,27.2,74.2,Express,Road,5511.03,27.5
Mumbai,Kolkata,1416,7.98,37.8,24.7,60.1,Normal,Air,3975.86,25.3
Mumbai,Ahmedabad,1164,40.05,11.0,9.9,27.7,Express,Rail,1918.53,33.4
Ahmedabad,Bangalore,1075,1.83,53.5,34.4,99.4,Normal,Road,1932.59,36.9
Mumbai,Chennai,1808,34.18,7.9,60.8,44.7,Express,Road,4332.28,40.6
Bangalore,Kolkata,1159,64.99,36.2,65.2,26.2,Economy,Air,16248.04,23.7
Ahmedabad,Hyderabad,1430,95.52,14.2,45.4,38.1,Express,Rail,5833.34,33.4
Delhi,Mumbai,361,94.67,78.7,9.1,20.9,Normal,Air,8397.56,6.5
Pune,Ahmedabad,1794,88.99,84.0,79.2,20.1,Economy,Air,31219.52,10.7
Kolkata,Bangalore,1854,49.38,99.5,31.3,98.4,Economy,Air,24487.22,14.9
Mumbai,Pune,1509,16.27,98.8,24.1,44.9,Normal,Air,7979.98,15.1
Bangalore,Pune,1219,45.14,66.4,57.8,71.8,Normal,Road,3562.66,41.3
Pune,Chennai,498,70.5,97.6,22.9,88.2,Express,Rail,1624.34,18.2
Chennai,Bangalore,1818,36.29,50.1,12.1,44.2,Express,Rail,3054.64,35.5
Bangalore,Hyderabad,751,25.04,75.4,84.1,44.6,Economy,Air,8108.96,15.8
Ahmedabad,Hyderabad,1430,49.85,54.8,58.5,70.4,Normal,Rail,2140.75,38.1
Bangalore,Ahmedabad,1506,29.52,56.4,58.7,20.8,Express,Rail,1815.53,25.6
Chennai,Mumbai,528,35.47,85.5,52.2,10.9,Economy,Rail,477.52,23.0
Mumbai,Bangalore,1816,76.02,73.7,96.4,46.6,Normal,Road,7267.15,50.3
Chennai,Delhi,351,21.78,29.3,64.4,46.5,Express,Road,574.79,16.4
Mumbai,Chennai,1808,52.64,78.8,14.7,83.4,Normal,Road,5107.59,67.3
Bangalore,Kolkata,1159,79.17,69.4,27.3,64.1,Economy,Road,3799.7,61.8
Delhi,Ahmedabad,354,90.23,11.3,94.3,40.5,Normal,Rail,923.62,17.2
Delhi,Kolkata,776,7.59,6.0,91.1,52.1,Express,Road,466.85,34.7
Hyderabad,Delhi,740,48.15,54.7,64.4,95.9,Normal,Road,2275.31,37.7
Pune,Bangalore,1536,82.89,43.8,97.5,69.0,Economy,Air,24663.6,17.9
Pune,Chennai,498,80.55,20.6,32.7,40.6,Express,Rail,1878.19,11.0
Bangalore,Mumbai,707,76.04,90.1,82.6,87.3,Normal,Rail,2733.01,23.8
Pune,Ahmedabad,1794,2.16,57.9,30.5,100.0,Normal,Road,3087.47,57.0
Delhi,Pune,1532,63.15,62.8,60.9,46.3,Normal,Rail,3033.52,45.4
Mumbai,Kolkata,1416,46.89,35.4,57.8,32.4,Normal,Air,15004.39,11.2
Kolkata,Ahmedabad,996,44.77,36.7,18.1,75.6,Economy,Air,9595.67,19.5
Delhi,Mumbai,361,65.67,89.9,24.8,7.1,Express,Air,8518.86,23.3
Delhi,Chennai,365,79.21,31.1,85.7,35.7,Normal,Air,7388.13,5.5
Delhi,Ahmedabad,354,40.41,79.3,86.0,57.9,Economy,Road,1019.27,36.5
Hyderabad,Bangalore,1863,86.42,97.6,47.0,12.0,Express,Rail,6678.69,32.7
Bangalore,Ahmedabad,1506,48.83,50.9,41.1,51.2,Normal,Air,18959.66,22.0
Delhi,Ahmedabad,354,87.09,41.4,25.7,12.6,Normal,Rail,890.42,21.9
Mumbai,Pune,1509,13.65,84.6,34.0,30.1,Economy,Road,1053.15,75.8
Kolkata,Mumbai,1957,56.2,75.0,18.1,84.8,Normal,Rail,3346.63,44.3
Pune,Bangalore,1536,48.95,77.8,54.5,84.9,Express,Air,40564.9,16.7
Ahmedabad,Kolkata,461,42.68,58.7,12.5,95.6,Economy,Air,4086.76,6.1
Kolkata,Ahmedabad,996,5.77,31.7,32.6,49.3,Economy,Rail,221.81,33.1
Hyderabad,Ahmedabad,1078,15.48,58.3,11.1,62.1,Normal,Rail,533.39,30.3
Chennai,Bangalore,1818,32.1,13.6,63.3,63.0,Normal,Rail,1855.02,43.6
Chennai,Mumbai,528,31.76,54.7,61.8,70.5,Express,Road,1910.1,24.2
Ahmedabad,Bangalore,1075,0.54,73.4,39.0,15.1,Express,Air,3605.16,21.5
Delhi,Ahmedabad,354,39.67,95.1,84.6,93.4,Normal,Air,14022.99,20.9
Bangalore,Chennai,1449,76.43,50.5,50.8,54.3,Economy,Rail,2608.17,55.1
Pune,Chennai,498,40.67,27.1,26.5,58.4,Economy,Air,3742.37,9.3
Pune,Mumbai,1035,30.65,82.8,54.0,33.8,Express,Rail,1399.66,32.3
Ahmedabad,Bangalore,1075,3.52,34.7,42.4,30.6,Economy,Rail,253.95,37.4
Delhi,Chennai,365,65.45,41.1,9.6,56.4,Economy,Road,993.91,31.0
Kolkata,Ahmedabad,996,16.77,5.9,7.2,69.0,Economy,Road,648.79,50.5
Kolkata,Hyderabad,1729,35.81,54.8,63.8,61.9,Economy,Road,3054.02,77.5
Hyderabad,Mumbai,618,80.71,6.4,30.9,95.5,Normal,Air,12360.39,10.6
Delhi,Bangalore,747,42.6,44.6,85.3,66.9,Economy,Rail,903.29,43.3
Bangalore,Pune,1219,24.53,27.7,36.2,94.2,Express,Rail,1454.45,27.9
Kolkata,Pune,1165,32.39,42.4,40.9,44.3,Express,Air,15408.76,22.6
Hyderabad,Chennai,869,73.27,31.7,6.3,12.4,Normal,Road,3270.38,47.5
Bangalore,Hyderabad,751,18.47,43.8,83.5,25.1,Express,Rail,607.9,20.7
Pune,Hyderabad,1952,6.82,82.7,81.0,25.9,Express,Rail,3192.72,39.9
Pune,Delhi,1004,30.62,9.9,87.9,94.6,Express,Air,10774.21,23.5
Mumbai,Delhi,1685,68.12,83.6,98.3,37.3,Express,Rail,5501.51,37.3
Pune,Mumbai,1035,83.03,55.6,87.0,81.6,Express,Road,6440.7,25.6
Bangalore,Pune,1219,95.76,53.1,97.0,48.2,Normal,Road,5538.75,51.6
Ahmedabad,Hyderabad,1430,27.68,13.4,87.6,35.1,Normal,Air,10641.6,9.9
Kolkata,Chennai,869,75.94,68.8,35.0,30.6,Express,Rail,2719.04,25.6
Pune,Chennai,498,10.02,94.9,73.6,78.3,Normal,Road,2799.36,20.4
Chennai,Mumbai,528,12.32,55.8,41.0,26.7,Express,Rail,279.34,13.1
Chennai,Hyderabad,801,32.38,68.9,10.8,99.0,Express,Road,1792.51,36.1
Ahmedabad,Kolkata,461,49.9,6.4,85.9,70.0,Express,Road,1845.76,17.1
Bangalore,Mumbai,707,74.73,20.1,41.9,7.4,Normal,Air,12850.06,19.6
Pune,Ahmedabad,1794,15.19,53.0,62.7,40.3,Normal,Air,13031.66,12.0
Bangalore,Kolkata,1159,24.67,60.1,32.5,11.8,Express,Air,10402.9,15.9
Hyderabad,Pune,489,44.77,46.8,92.5,79.6,Express,Road,2617.97,22.3
Bangalore,Kolkata,1159,44.85,23.9,69.8,11.8,Express,Air,19228.47,18.4
Kolkata,Bangalore,1854,75.71,65.3,74.5,84.1,Normal,Rail,4887.18,39.2
Pune,Hyderabad,1952,47.04,90.1,91.7,47.5,Express,Air,57542.17,15.7
Hyderabad,Chennai,869,79.57,57.5,8.0,17.6,Normal,Rail,2234.56,21.5
Kolkata,Bangalore,1854,79.42,60.6,9.5,49.0,Normal,Road,7481.52,68.1
Kolkata,Bangalore,1854,99.56,23.1,20.9,19.2,Express,Rail,8845.69,27.1
Ahmedabad,Mumbai,1398,63.73,59.5,12.7,56.4,Express,Air,34564.17,9.4
Bangalore,Pune,1219,40.06,91.4,63.0,97.2,Economy,Air,26716.55,12.9
Delhi,Bangalore,747,8.71,65.7,98.3,44.4,Normal,Rail,1280.95,27.4
Bangalore,Delhi,1766,18.7,37.5,39.8,98.9,Express,Road,3944.32,46.2
Bangalore,Chennai,1449,65.32,12.1,41.7,65.4,Express,Road,6642.17,48.3
Chennai,Ahmedabad,585,83.99,51.8,11.6,75.1,Normal,Air,12764.4,5.9
Pune,Chennai,498,80.38,19.1,86.4,27.3,Normal,Rail,1114.48,31.5
Pune,Ahmedabad,1794,74.08,98.6,50.0,8.6,Economy,Rail,2909.74,61.3
Ahmedabad,Bangalore,1075,53.07,89.1,20.6,29.3,Express,Road,3884.57,38.8
Chennai,Kolkata,863,66.24,49.7,81.9,84.0,Express,Road,4626.53,28.7
Hyderabad,Pune,489,39.38,49.2,87.6,45.7,Normal,Air,4940.77,12.3
Chennai,Mumbai,528,80.65,26.4,64.7,87.7,Normal,Air,10835.44,10.7
Ahmedabad,Kolkata,461,97.73,84.2,7.0,60.4,Express,Air,17296.73,9.0
Ahmedabad,Kolkata,461,28.59,73.0,43.2,20.4,Economy,Air,2374.75,9.6
Kolkata,Mumbai,1957,2.97,63.1,56.7,7.5,Normal,Road,472.84,68.6
Ahmedabad,Delhi,555,34.09,47.4,24.2,72.3,Express,Rail,903.32,12.6
Pune,Mumbai,1035,53.14,37.4,14.9,86.1,Economy,Air,10345.09,23.1
Delhi,Chennai,365,47.73,96.0,98.3,95.9,Express,Road,5317.09,28.6
Kolkata,Ahmedabad,996,93.36,85.1,65.5,65.6,Express,Air,34978.22,19.3
Mumbai,Ahmedabad,1164,77.29,52.7,33.7,71.7,Economy,Road,3525.07,62.6
Ahmedabad,Bangalore,1075,13.12,14.5,47.3,71.7,Express,Road,952.19,24.8
Ahmedabad,Bangalore,1075,90.08,97.5,91.7,17.2,Normal,Road,5260.24,47.4
Ahmedabad,Chennai,1240,7.73,47.9,5.6,42.5,Normal,Air,2465.69,26.2
Kolkata,Chennai,869,29.44,89.2,38.2,62.7,Normal,Rail,1124.93,30.7
Kolkata,Mumbai,1957,34.61,35.2,47.2,41.1,Express,Air,26111.0,16.4
Bangalore,Hyderabad,751,83.05,40.5,41.9,90.5,Economy,Road,2607.16,47.8
Ahmedabad,Hyderabad,1430,82.96,14.5,69.3,6.6,Express,Rail,5565.34,35.8
Mumbai,Delhi,1685,64.59,77.9,64.0,94.9,Express,Air,61360.83,10.7
Kolkata,Bangalore,1854,91.13,19.3,73.2,44.8,Express,Road,12320.36,51.6
Hyderabad,Ahmedabad,1078,68.63,86.6,26.9,78.9,Normal,Road,3620.4,53.0
Chennai,Bangalore,1818,18.93,74.8,53.3,35.5,Express,Air,18945.35,22.9
Bangalore,Chennai,1449,97.05,59.7,10.5,94.5,Express,Air,49733.58,11.7
Bangalore,Ahmedabad,1506,25.34,46.3,10.8,99.6,Express,Rail,1697.69,37.2
Bangalore,Delhi,1766,48.98,33.0,71.6,13.9,Normal,Rail,2536.65,41.8
Kolkata,Mumbai,1957,2.55,43.7,52.5,17.4,Express,Road,1087.49,53.0
Ahmedabad,Chennai,1240,60.6,95.2,21.4,85.6,Economy,Rail,1865.5,47.2
Kolkata,Delhi,313,26.85,80.0,40.9,46.6,Economy,Road,351.41,23.5
Mumbai,Ahmedabad,1164,67.21,95.3,58.2,49.2,Normal,Road,3728.52,33.8
Ahmedabad,Pune,900,74.36,29.8,98.8,45.4,Express,Road,5370.43,26.6
Pune,Kolkata,841,79.93,94.3,15.9,61.3,Economy,Rail,1571.59,29.8
Delhi,Hyderabad,1334,55.56,36.1,66.0,7.8,Express,Rail,3006.48,34.2
Ahmedabad,Delhi,555,68.45,72.4,95.7,51.0,Normal,Rail,1184.86,15.6
Bangalore,Chennai,1449,18.29,46.4,52.1,78.4,Economy,Rail,1346.32,53.3
Delhi,Ahmedabad,354,36.55,32.3,95.6,76.9,Express,Road,1232.38,13.4
Hyderabad,Pune,489,25.21,15.2,45.3,83.8,Normal,Rail,340.73,13.8
Mumbai,Chennai,1808,65.59,32.8,78.7,87.1,Express,Air,45897.12,19.3
Bangalore,Pune,1219,31.68,28.8,58.2,90.0,Economy,Air,7104.23,9.1
Ahmedabad,Bangalore,1075,69.88,91.9,41.6,52.7,Normal,Road,4002.13,48.1
Mumbai,Hyderabad,478,45.36,30.8,59.1,94.7,Economy,Air,3904.5,21.2
Delhi,Mumbai,361,56.83,9.2,43.2,83.7,Express,Air,8099.33,19.5
Chennai,Mumbai,528,69.61,28.3,45.0,35.6,Normal,Air,8855.87,7.6
Chennai,Mumbai,528,24.18,88.5,35.4,21.9,Normal,Road,700.6,24.6
Chennai,Hyderabad,801,86.95,87.0,78.0,53.6,Economy,Air,13225.76,24.7
Ahmedabad,Kolkata,461,15.8,97.3,87.2,74.9,Express,Road,4645.78,24.9
Chennai,Pune,757,99.86,6.0,11.7,98.6,Express,Road,6122.7,31.8
Delhi,Mumbai,361,87.37,61.1,41.0,66.5,Economy,Road,1227.88,33.4
Mumbai,Kolkata,1416,99.22,10.7,5.2,79.0,Economy,Rail,3529.6,43.6
Kolkata,Pune,1165,82.24,19.7,58.1,25.6,Express,Road,6907.42,40.7
Bangalore,Kolkata,1159,58.47,90.1,82.9,51.3,Express,Rail,4089.43,18.9
Delhi,Pune,1532,77.5,26.8,27.8,39.5,Express,Air,43174.13,9.3
Bangalore,Delhi,1766,40.3,25.5,54.0,62.9,Normal,Road,3674.22,50.4
Ahmedabad,Delhi,555,21.19,71.3,19.2,43.9,Normal,Air,2990.2,6.3
Kolkata,Chennai,869,43.15,58.8,64.6,19.9,Economy,Road,1489.16,48.6
Mumbai,Delhi,1685,33.17,30.0,56.4,81.9,Express,Air,22880.84,9.6
Kolkata,Delhi,313,78.43,33.6,75.2,30.7,Normal,Road,1311.3,15.4
Delhi,Kolkata,776,91.18,54.1,42.8,74.8,Economy,Rail,1751.39,41.9
Chennai,Delhi,351,45.95,7.0,59.1,52.3,Economy,Air,3331.74,11.4
Delhi,Hyderabad,1334,90.81,17.2,37.7,82.8,Express,Rail,5858.26,19.8
Kolkata,Bangalore,1854,81.89,74.2,5.1,37.2,Express,Air,52507.06,14.3
Delhi,Ahmedabad,354,70.52,32.9,66.3,69.9,Normal,Air,5663.31,22.9
Mumbai,Kolkata,1416,69.42,42.3,66.8,90.9,Normal,Air,23440.88,19.2
Hyderabad,Pune,489,96.2,70.5,90.3,84.6,Express,Rail,2362.88,14.5
Chennai,Hyderabad,801,53.38,36.7,17.5,56.0,Economy,Air,7857.93,7.7
Pune,Mumbai,1035,27.07,48.7,64.6,69.1,Express,Road,3590.96,26.2
Delhi,Mumbai,361,19.88,35.0,87.5,50.3,Normal,Rail,316.92,27.1
Delhi,Kolkata,776,84.97,40.9,96.0,39.2,Normal,Rail,1835.2,28.1
Pune,Kolkata,841,36.33,73.8,45.5,41.5,Express,Rail,1381.82,20.3
Ahmedabad,Chennai,1240,22.8,9.9,21.7,38.5,Normal,Air,6735.83,11.4
Ahmedabad,Kolkata,461,51.22,17.9,30.2,64.5,Express,Rail,1017.47,25.2
Kolkata,Delhi,313,4.01,68.3,41.6,77.7,Normal,Road,680.97,25.4
Mumbai,Kolkata,1416,10.89,42.4,16.5,55.8,Normal,Rail,476.94,38.2
Delhi,Mumbai,361,57.7,94.2,68.2,28.4,Express,Road,1496.24,22.8
Ahmedabad,Hyderabad,1430,9.17,54.4,86.8,72.8,Normal,Rail,3065.71,46.5
Bangalore,Ahmedabad,1506,5.63,30.1,64.3,5.2,Express,Air,3072.61,8.0
Kolkata,Mumbai,1957,68.6,59.5,30.8,29.0,Express,Road,11013.79,46.5
Bangalore,Hyderabad,751,50.81,12.7,65.0,13.6,Express,Air,14253.6,11.2
Hyderabad,Kolkata,989,67.55,56.3,23.0,80.0,Normal,Air,16094.02,24.2
Ahmedabad,Pune,900,56.66,8.4,79.9,86.7,Economy,Air,9311.07,7.4
Hyderabad,Ahmedabad,1078,84.67,33.4,18.3,64.7,Express,Rail,4457.65,27.6
Ahmedabad,Bangalore,1075,57.54,40.6,87.7,13.9,Economy,Rail,1489.24,39.3
Bangalore,Ahmedabad,1506,86.75,15.4,54.4,70.5,Normal,Air,35396.76,21.5
Kolkata,Delhi,313,58.51,21.4,21.8,40.1,Express,Road,1501.16,16.1
Ahmedabad,Chennai,1240,91.75,77.8,99.4,82.0,Normal,Rail,4974.09,42.2
Kolkata,Ahmedabad,996,12.99,83.1,24.1,52.1,Economy,Road,782.43,53.8
Chennai,Mumbai,528,52.7,12.1,96.4,5.3,Express,Rail,1224.07,16.0
Bangalore,Delhi,1766,68.13,5.2,66.7,96.8,Express,Rail,5923.77,37.9
Pune,Delhi,1004,7.85,43.3,22.0,81.4,Express,Rail,635.89,18.0
Hyderabad,Ahmedabad,1078,72.34,13.4,69.4,95.9,Economy,Rail,2004.26,31.4
Bangalore,Hyderabad,751,38.44,53.2,9.1,74.4,Express,Rail,1308.43,13.2
Delhi,Pune,1532,72.38,28.4,32.3,49.7,Economy,Rail,2414.05,55.4
Hyderabad,Pune,489,81.42,27.5,77.6,90.0,Economy,Road,1628.51,27.8
Delhi,Bangalore,747,36.7,65.3,23.7,9.9,Normal,Road,1439.83,38.3
Bangalore,Mumbai,707,33.78,95.3,43.2,53.4,Express,Air,10639.18,16.2
Bangalore,Kolkata,1159,56.6,46.7,55.3,42.0,Express,Road,4471.05,30.8
Bangalore,Pune,1219,86.42,24.2,54.8,48.8,Express,Road,7752.5,36.4
Kolkata,Chennai,869,30.75,48.3,91.4,7.5,Normal,Rail,723.98,35.0
Hyderabad,Pune,489,32.66,61.5,63.1,96.8,Economy,Air,7197.36,13.4
Ahmedabad,Pune,900,79.02,72.6,17.6,24.2,Normal,Road,3230.27,26.6
Bangalore,Hyderabad,751,6.88,15.0,8.5,45.8,Express,Rail,248.23,29.0
Pune,Ahmedabad,1794,24.6,61.2,77.4,80.7,Economy,Rail,3609.13,46.7
Delhi,Kolkata,776,40.09,17.7,18.7,20.0,Normal,Air,8331.6,8.1
Chennai,Hyderabad,801,77.26,65.4,93.3,33.3,Economy,Rail,1556.02,28.4
Chennai,Mumbai,528,23.53,17.5,71.7,6.4,Economy,Road,460.12,36.0
Delhi,Ahmedabad,354,66.4,36.6,65.9,84.4,Express,Road,1838.42,14.5
Delhi,Kolkata,776,32.61,41.2,65.4,51.0,Normal,Road,1287.63,38.9
Kolkata,Bangalore,1854,73.66,81.0,32.2,90.5,Express,Air,54983.38,25.3
Bangalore,Ahmedabad,1506,7.38,31.1,57.4,5.0,Normal,Road,566.54,58.8
Bangalore,Ahmedabad,1506,5.95,51.1,22.8,16.6,Normal,Rail,267.2,38.7
Ahmedabad,Hyderabad,1430,93.29,79.2,45.8,60.8,Normal,Rail,4251.6,40.1
Ahmedabad,Pune,900,45.76,56.7,75.4,70.7,Economy,Air,10133.0,9.9
Delhi,Mumbai,361,19.01,20.3,55.4,26.2,Express,Air,2720.87,23.3
Hyderabad,Mumbai,618,72.33,25.7,62.1,7.7,Economy,Rail,1111.77,37.5
Kolkata,Pune,1165,85.22,88.4,70.3,99.9,Normal,Road,6757.88,35.4
Delhi,Ahmedabad,354,81.19,41.8,69.2,54.6,Express,Air,10175.52,22.6
Hyderabad,Chennai,869,28.31,91.3,70.9,63.3,Economy,Road,2929.91,38.6
Bangalore,Pune,1219,34.53,82.8,74.1,93.3,Economy,Road,5823.24,62.1
Hyderabad,Pune,489,62.6,74.5,81.6,62.9,Normal,Road,1967.99,31.3
Hyderabad,Kolkata,989,48.48,59.2,10.6,71.4,Economy,Rail,1221.75,33.1
Bangalore,Chennai,1449,1.06,5.4,45.0,89.4,Express,Rail,289.14,36.8
Pune,Hyderabad,1952,45.91,49.3,64.9,38.3,Express,Air,30904.01,21.6
Pune,Ahmedabad,1794,36.62,57.8,78.3,59.3,Express,Road,7161.45,56.9
Chennai,Hyderabad,801,17.68,82.8,69.4,40.1,Express,Air,14415.44,7.3
Mumbai,Hyderabad,478,66.96,89.8,88.1,38.7,Normal,Road,1649.42,20.0
Pune,Bangalore,1536,42.38,66.3,7.5,66.5,Express,Rail,3192.75,34.1
Kolkata,Bangalore,1854,4.02,24.0,83.0,21.2,Normal,Rail,494.17,41.0
Pune,Delhi,1004,27.43,74.0,26.4,97.9,Express,Road,2762.2,38.0
Bangalore,Ahmedabad,1506,7.58,19.2,85.0,30.3,Economy,Road,608.72,75.5
Pune,Kolkata,841,25.12,91.5,63.8,89.9,Normal,Road,4613.68,41.9
Delhi,Mumbai,361,99.14,20.5,86.7,43.2,Express,Rail,1540.22,9.5
Ahmedabad,Hyderabad,1430,62.79,41.2,31.8,53.1,Express,Road,6110.66,46.2
Ahmedabad,Kolkata,461,8.39,8.8,11.6,8.5,Economy,Rail,102.1,27.1
Chennai,Delhi,351,39.48,65.8,94.5,15.0,Express,Air,5178.23,17.6
Chennai,Delhi,351,25.99,11.6,10.2,97.0,Express,Road,675.88,24.1
Kolkata,Ahmedabad,996,17.71,7.9,59.0,24.8,Express,Rail,760.29,18.2
Mumbai,Chennai,1808,46.11,68.8,31.1,96.9,Economy,Road,3535.23,70.2
Mumbai,Delhi,1685,72.93,53.8,57.2,8.7,Normal,Road,6477.09,61.9
Mumbai,Delhi,1685,12.04,54.6,37.8,11.8,Normal,Road,1027.92,57.3
Ahmedabad,Bangalore,1075,5.65,19.8,37.6,26.9,Normal,Road,279.68,32.3
Pune,Mumbai,1035,86.57,49.7,14.1,24.7,Normal,Air,21023.77,13.8
Pune,Delhi,1004,1.54,29.2,71.3,52.4,Normal,Rail,619.79,22.6
Bangalore,Ahmedabad,1506,89.72,22.8,5.7,18.8,Express,Road,10226.58,39.3
Delhi,Ahmedabad,354,92.68,57.1,46.5,80.2,Express,Air,12127.37,10.9
Bangalore,Pune,1219,23.86,8.7,68.9,92.7,Express,Air,11244.88,21.4
Mumbai,Pune,1509,70.67,30.5,10.6,82.1,Express,Air,40030.93,20.3
Ahmedabad,Hyderabad,1430,11.5,80.2,17.9,71.6,Express,Road,2212.0,46.7
Mumbai,Delhi,1685,71.14,87.0,29.4,19.3,Normal,Rail,3693.89,37.6
Chennai,Mumbai,528,40.81,29.8,21.5,28.1,Express,Rail,993.95,27.4
Kolkata,Ahmedabad,996,6.72,12.9,36.8,95.5,Economy,Air,1856.95,24.3
Delhi,Pune,1532,27.47,6.8,45.5,49.7,Express,Air,14940.61,15.3
Mumbai,Chennai,1808,49.57,53.5,89.6,28.9,Economy,Air,18317.7,16.3
Bangalore,Mumbai,707,74.37,14.2,38.8,59.8,Economy,Air,9843.51,14.7
Mumbai,Pune,1509,71.19,66.1,6.5,47.4,Economy,Air,22823.85,10.7
Delhi,Bangalore,747,64.62,88.0,10.5,69.8,Normal,Air,11882.59,7.1
Chennai,Kolkata,863,27.45,69.0,64.4,75.5,Economy,Air,11940.66,16.4
Ahmedabad,Mumbai,1398,75.86,7.0,55.2,26.7,Economy,Road,4510.38,76.8
Chennai,Bangalore,1818,39.41,43.4,99.8,45.7,Express,Rail,3144.29,25.9
Chennai,Delhi,351,83.23,9.6,62.8,57.1,Economy,Rail,718.76,13.2
Chennai,Delhi,351,98.36,96.5,89.7,93.2,Normal,Road,2879.83,28.7
Delhi,Ahmedabad,354,21.51,11.3,9.6,6.2,Economy,Air,1564.24,17.4
Chennai,Bangalore,1818,40.19,60.2,77.4,53.0,Express,Rail,4130.58,33.6
Kolkata,Ahmedabad,996,1.93,17.7,94.8,47.7,Normal,Air,4251.81,25.6
Ahmedabad,Bangalore,1075,44.17,40.3,97.1,99.7,Economy,Rail,1887.61,43.7
Bangalore,Hyderabad,751,87.51,36.6,47.3,66.2,Express,Road,5316.55,18.5
Bangalore,Pune,1219,56.12,8.4,23.8,60.4,Economy,Rail,1640.44,43.7
Hyderabad,Bangalore,1863,47.46,39.9,24.3,80.5,Economy,Rail,2015.22,71.7
Ahmedabad,Delhi,555,20.59,93.7,52.2,54.2,Economy,Road,1167.2,39.4
Chennai,Mumbai,528,49.51,13.5,5.2,5.3,Express,Road,2079.1,15.4
Bangalore,Delhi,1766,90.71,82.2,43.5,61.7,Express,Road,12199.09,48.0
Hyderabad,Chennai,869,88.72,42.9,58.4,52.4,Normal,Rail,2226.16,20.6
Bangalore,Pune,1219,59.2,75.8,72.1,89.3,Express,Road,8806.33,28.5
Delhi,Bangalore,747,69.14,88.7,17.6,14.9,Normal,Rail,1636.36,36.1
Delhi,Hyderabad,1334,38.47,75.8,22.1,66.7,Normal,Rail,1607.63,44.7
Hyderabad,Bangalore,1863,54.32,81.8,90.8,88.0,Express,Air,98589.71,20.2
Ahmedabad,Delhi,555,35.55,88.3,96.5,55.6,Economy,Road,2120.8,33.3
Kolkata,Delhi,313,25.87,74.5,85.5,68.6,Normal,Road,1334.26,12.8
Chennai,Kolkata,863,33.26,37.2,78.9,49.4,Normal,Rail,842.56,28.1
Bangalore,Hyderabad,751,25.87,72.5,6.5,20.1,Express,Road,1498.59,33.2
Delhi,Pune,1532,20.66,43.0,95.3,12.5,Economy,Road,1167.64,74.9
Chennai,Pune,757,52.54,62.8,9.2,6.9,Normal,Rail,1194.54,27.0
Delhi,Hyderabad,1334,31.39,74.8,85.5,39.3,Economy,Air,12656.48,13.3
Chennai,Hyderabad,801,66.07,73.6,64.5,6.7,Economy,Air,10691.39,23.9
Bangalore,Hyderabad,751,25.75,98.1,99.1,62.3,Economy,Air,16810.64,18.3
Pune,Chennai,498,14.18,72.6,80.4,98.9,Economy,Air,11628.03,22.9
Hyderabad,Ahmedabad,1078,93.59,7.1,6.6,89.7,Economy,Air,18331.5,17.6
Ahmedabad,Kolkata,461,42.77,7.2,39.1,54.0,Express,Road,1600.63,31.6
Hyderabad,Chennai,869,18.35,55.1,62.3,66.3,Normal,Rail,1132.87,21.5
Ahmedabad,Kolkata,461,52.33,33.9,51.7,91.1,Normal,Road,1298.73,30.5
Kolkata,Mumbai,1957,52.87,17.6,83.0,61.5,Express,Road,7993.36,49.2
Pune,Bangalore,1536,44.92,36.6,5.1,78.8,Economy,Air,13299.01,25.9
Pune,Hyderabad,1952,6.44,25.9,86.6,24.9,Normal,Road,1039.84,66.8
Mumbai,Delhi,1685,76.57,13.8,46.3,26.3,Express,Rail,5732.46,37.3
Delhi,Hyderabad,1334,26.81,28.0,33.7,37.5,Normal,Air,8336.65,13.9
Ahmedabad,Bangalore,1075,20.7,77.4,11.5,87.7,Normal,Road,1019.17,47.1
Pune,Delhi,1004,3.05,73.9,10.8,74.2,Economy,Rail,280.39,33.2
Hyderabad,Kolkata,989,65.65,45.5,17.0,54.4,Express,Air,24220.69,11.9
Chennai,Mumbai,528,22.83,94.2,49.8,16.5,Normal,Road,649.24,30.2
Chennai,Pune,757,13.21,66.5,20.5,82.8,Express,Rail,840.41,16.7
Pune,Bangalore,1536,36.51,22.0,40.1,28.9,Express,Rail,2278.22,34.6
Bangalore,Kolkata,1159,45.17,63.9,36.3,42.9,Normal,Air,14237.4,7.2
Kolkata,Bangalore,1854,3.85,29.4,29.7,87.2,Normal,Air,7589.53,20.1
Chennai,Ahmedabad,585,94.51,74.2,49.5,78.4,Express,Road,4424.3,30.5
Hyderabad,Ahmedabad,1078,15.1,87.7,47.8,85.9,Normal,Air,19478.01,25.5
Kolkata,Mumbai,1957,2.95,83.2,63.9,67.9,Express,Road,10700.92,54.4
Delhi,Pune,1532,28.39,19.8,90.2,78.1,Express,Road,3132.54,40.9
Chennai,Kolkata,863,71.36,43.1,89.4,84.9,Express,Road,4607.36,34.6
Mumbai,Chennai,1808,35.42,57.2,23.4,79.3,Express,Road,4650.58,51.8
Pune,Mumbai,1035,6.97,51.4,40.9,50.0,Economy,Road,912.47,48.5
Kolkata,Chennai,869,70.02,98.2,91.1,59.1,Economy,Rail,2172.35,41.7
Pune,Mumbai,1035,31.42,69.1,42.7,73.8,Express,Air,17163.93,15.1
Pune,Mumbai,1035,93.6,12.2,18.2,34.6,Express,Air,37273.01,15.2
Pune,Bangalore,1536,4.72,70.3,14.7,85.0,Economy,Air,5146.11,15.9
Delhi,Ahmedabad,354,45.88,40.2,21.4,95.9,Economy,Air,3250.09,5.7
Bangalore,Delhi,1766,75.97,26.2,46.9,28.9,Normal,Road,7373.1,65.4
Mumbai,Chennai,1808,34.91,34.9,99.2,86.5,Economy,Air,19982.55,11.2
Mumbai,Pune,1509,60.56,5.2,83.2,46.3,Normal,Air,22514.71,11.1
Mumbai,Ahmedabad,1164,10.17,85.5,90.7,33.3,Economy,Air,11293.53,13.3
Hyderabad,Delhi,740,98.78,86.2,96.3,28.3,Express,Air,28767.49,21.4
Mumbai,Chennai,1808,10.47,37.0,33.5,43.3,Normal,Air,4433.58,21.0
Hyderabad,Pune,489,57.3,86.0,47.7,9.0,Economy,Air,5945.44,13.9
Delhi,Ahmedabad,354,55.41,22.7,11.4,30.2,Economy,Rail,452.56,30.9
Bangalore,Pune,1219,39.91,49.7,53.5,70.2,Economy,Rail,1167.74,45.5
Kolkata,Hyderabad,1729,31.53,34.4,60.1,88.3,Economy,Air,12382.6,24.7
Pune,Ahmedabad,1794,45.12,23.3,18.3,7.6,Express,Road,5797.41,49.3
Delhi,Kolkata,776,61.18,18.3,12.3,63.3,Economy,Rail,1127.32,38.0
Hyderabad,Chennai,869,43.37,68.1,56.4,21.1,Express,Air,14805.55,7.9
Mumbai,Chennai,1808,14.27,6.8,53.6,73.7,Express,Air,9079.02,26.1
Chennai,Ahmedabad,585,37.22,5.2,68.3,79.1,Normal,Air,5279.44,24.8
Mumbai,Bangalore,1816,56.1,76.4,73.7,97.8,Express,Road,16350.65,47.4
Chennai,Ahmedabad,585,86.51,36.0,98.4,30.7,Normal,Air,11429.76,20.6
Mumbai,Pune,1509,86.98,31.0,92.2,44.5,Normal,Rail,3750.15,42.3
Mumbai,Chennai,1808,91.05,37.7,59.6,63.8,Express,Air,63542.18,8.0
Ahmedabad,Kolkata,461,73.67,15.2,41.0,99.2,Express,Air,11582.34,9.4
Kolkata,Chennai,869,49.27,44.5,95.7,59.1,Economy,Rail,1150.25,37.6
Pune,Chennai,498,90.15,99.1,89.5,98.8,Normal,Air,19697.24,11.9
Bangalore,Hyderabad,751,41.93,64.3,32.7,62.8,Normal,Air,8414.97,10.7
Ahmedabad,Mumbai,1398,13.05,5.3,60.4,8.2,Economy,Rail,411.27,49.5
Chennai,Delhi,351,22.43,80.5,37.7,46.0,Economy,Rail,243.54,24.6
Chennai,Pune,757,80.05,99.5,52.1,30.1,Normal,Air,16311.34,12.6
Mumbai,Hyderabad,478,40.75,74.6,20.5,31.9,Normal,Air,5252.02,18.4
Kolkata,Chennai,869,8.51,65.8,24.5,23.9,Economy,Air,1331.57,22.1
Mumbai,Hyderabad,478,39.95,78.1,52.3,70.3,Express,Air,11290.74,24.3
Hyderabad,Ahmedabad,1078,50.68,97.7,55.4,73.0,Normal,Air,23407.46,9.1
Chennai,Ahmedabad,585,99.66,53.9,67.7,60.8,Economy,Rail,1475.81,36.0
Hyderabad,Bangalore,1863,51.64,24.0,72.9,96.3,Economy,Road,3831.48,79.3
Mumbai,Ahmedabad,1164,5.65,96.9,80.1,43.9,Express,Air,28591.48,19.4
Ahmedabad,Delhi,555,52.29,95.0,12.4,22.9,Economy,Air,5911.6,8.1
Kolkata,Chennai,869,32.28,75.6,57.6,28.1,Express,Rail,1155.0,15.0
Kolkata,Ahmedabad,996,82.07,33.9,67.4,73.8,Express,Road,6353.81,32.1
Mumbai,Chennai,1808,87.53,60.4,69.4,20.7,Normal,Road,8228.77,54.6
Hyderabad,Bangalore,1863,8.29,30.5,94.0,68.0,Express,Air,28763.36,17.7
Chennai,Ahmedabad,585,91.19,10.6,23.1,17.3,Normal,Road,2714.69,33.6
Mumbai,Chennai,1808,10.08,85.8,53.9,27.2,Normal,Air,10320.18,14.4
Delhi,Hyderabad,1334,41.43,12.3,16.7,82.7,Normal,Air,13992.59,25.0
Chennai,Ahmedabad,585,8.16,20.6,24.7,97.8,Economy,Road,229.15,33.9
Hyderabad,Ahmedabad,1078,98.7,66.8,91.0,22.7,Express,Air,41073.6,9.5
Kolkata,Chennai,869,29.7,34.2,42.3,21.1,Express,Road,2032.47,30.5
Chennai,Delhi,351,98.15,53.7,99.6,74.4,Express,Road,2502.53,10.4
Kolkata,Mumbai,1957,52.71,11.5,56.6,42.7,Normal,Rail,3089.55,47.9
Ahmedabad,Mumbai,1398,46.95,95.6,16.6,9.8,Normal,Air,15029.25,14.0
Ahmedabad,Pune,900,57.47,76.0,76.2,13.0,Normal,Rail,1424.79,25.6
Hyderabad,Mumbai,618,62.46,29.3,64.6,18.4,Economy,Rail,870.5,22.4
Ahmedabad,Hyderabad,1430,67.16,58.8,10.7,20.4,Economy,Air,17579.21,28.4
Pune,Delhi,1004,77.61,67.1,28.2,30.0,Economy,Rail,1916.89,41.1
Mumbai,Ahmedabad,1164,11.12,39.5,77.4,41.1,Express,Rail,1244.52,34.5
Kolkata,Pune,1165,7.0,6.5,16.0,25.0,Normal,Rail,234.98,24.3
Bangalore,Ahmedabad,1506,64.4,52.7,88.1,7.6,Normal,Rail,3004.9,44.5
Ahmedabad,Bangalore,1075,2.84,67.8,45.6,75.3,Express,Rail,2207.1,27.1
Ahmedabad,Hyderabad,1430,18.79,43.3,61.2,66.6,Normal,Road,2303.51,55.7
Pune,Ahmedabad,1794,29.35,64.1,47.9,71.6,Express,Rail,3329.46,35.3
Chennai,Bangalore,1818,11.76,15.1,87.0,52.4,Economy,Air,5455.23,13.0
Chennai,Ahmedabad,585,7.07,89.0,79.9,50.9,Economy,Air,8100.39,19.6
Bangalore,Mumbai,707,65.07,91.4,25.0,57.4,Normal,Road,2167.82,40.9
Mumbai,Bangalore,1816,98.49,75.2,64.0,68.1,Normal,Air,42992.02,19.6
Chennai,Bangalore,1818,11.89,62.3,55.1,73.2,Normal,Road,4834.8,55.9
Ahmedabad,Mumbai,1398,24.37,10.7,23.7,16.2,Express,Rail,1666.74,20.6
Pune,Delhi,1004,13.46,43.3,21.9,84.9,Normal,Air,4072.0,20.4
Bangalore,Ahmedabad,1506,7.38,31.7,66.5,52.2,Economy,Air,6854.28,22.3
Mumbai,Chennai,1808,88.95,82.8,52.3,29.5,Normal,Rail,4389.54,41.8
Kolkata,Pune,1165,51.14,29.3,31.2,94.0,Normal,Air,15864.93,14.8
Chennai,Delhi,351,31.3,76.8,79.7,74.8,Economy,Road,1295.55,17.4
Delhi,Hyderabad,1334,49.23,46.9,25.9,83.2,Normal,Rail,2004.91,36.3
Kolkata,Delhi,313,70.18,49.0,27.3,98.8,Express,Air,8468.16,21.0
Mumbai,Delhi,1685,41.83,36.1,32.1,82.8,Normal,Rail,2168.58,41.2
Ahmedabad,Kolkata,461,45.95,81.7,73.8,62.1,Express,Road,2576.85,13.1
Kolkata,Hyderabad,1729,64.17,37.1,25.0,99.1,Economy,Rail,2500.81,54.9
Delhi,Bangalore,747,17.62,38.4,21.7,65.6,Express,Air,4989.33,18.8
Kolkata,Chennai,869,36.99,37.5,66.3,64.5,Normal,Road,1606.59,35.4
Pune,Delhi,1004,16.02,66.8,34.3,19.8,Express,Rail,682.68,25.4
Delhi,Pune,1532,15.82,22.6,9.9,11.9,Normal,Rail,785.91,38.2
Pune,Delhi,1004,16.06,10.9,83.7,70.2,Express,Rail,727.56,28.0
Ahmedabad,Mumbai,1398,44.19,40.5,10.2,27.7,Economy,Road,2587.13,69.2
Bangalore,Pune,1219,18.35,40.6,5.1,74.2,Economy,Rail,579.11,46.4
Hyderabad,Kolkata,989,52.22,30.9,38.4,25.7,Normal,Air,13962.3,23.9
Chennai,Pune,757,3.81,89.4,21.2,56.1,Normal,Rail,473.65,16.6
Pune,Mumbai,1035,24.87,22.7,84.5,16.4,Normal,Rail,714.24,32.6
Delhi,Kolkata,776,41.07,37.0,45.9,27.3,Normal,Air,8440.18,9.0
Chennai,Bangalore,1818,82.77,90.7,25.6,80.1,Economy,Rail,3580.66,57.6
Kolkata,Ahmedabad,996,93.15,61.8,36.6,53.1,Economy,Air,18185.16,10.5
Pune,Chennai,498,8.66,78.5,98.5,70.6,Normal,Air,14589.07,9.3
Chennai,Ahmedabad,585,10.83,81.6,8.1,38.3,Express,Air,2209.71,9.2
Delhi,Mumbai,361,21.43,51.9,9.2,32.2,Express,Road,568.33,13.7
Kolkata,Ahmedabad,996,68.29,42.9,28.8,8.3,Economy,Air,12703.68,21.2
Hyderabad,Delhi,740,63.28,17.3,60.6,23.7,Express,Air,17450.72,22.7
Kolkata,Hyderabad,1729,38.4,75.4,63.2,75.7,Economy,Rail,2977.97,47.2
Pune,Hyderabad,1952,75.91,66.7,39.8,32.9,Express,Air,50504.03,10.9
Ahmedabad,Pune,900,3.8,63.7,44.4,92.8,Economy,Rail,1022.87,41.3
Delhi,Mumbai,361,94.96,82.7,98.1,31.1,Express,Rail,1626.43,24.8
Chennai,Delhi,351,53.96,90.2,38.9,13.2,Express,Air,6436.8,19.5
Bangalore,Mumbai,707,86.22,69.0,51.1,11.8,Economy,Road,2591.54,32.8
Hyderabad,Kolkata,989,71.29,69.7,22.0,96.9,Economy,Rail,1724.92,46.2
Delhi,Pune,1532,60.89,92.8,28.4,29.4,Express,Rail,4055.33,42.5
Pune,Chennai,498,49.25,40.6,51.0,20.2,Normal,Rail,785.93,23.4
Bangalore,Ahmedabad,1506,43.57,52.5,58.2,27.3,Express,Rail,2685.61,36.8
Bangalore,Ahmedabad,1506,51.37,42.3,65.4,38.4,Express,Air,27169.04,16.5
Pune,Hyderabad,1952,52.01,56.5,7.1,60.9,Normal,Rail,2886.46,37.2
Delhi,Bangalore,747,99.88,6.3,24.2,43.9,Economy,Rail,1780.03,23.9
Chennai,Mumbai,528,89.53,48.0,13.3,18.5,Economy,Road,2006.02,39.4
Ahmedabad,Pune,900,57.09,60.0,64.9,70.1,Express,Air,19280.61,16.6
Kolkata,Mumbai,1957,50.13,44.6,88.2,63.0,Express,Air,38708.47,21.6
Bangalore,Mumbai,707,75.32,7.8,49.8,80.8,Express,Road,4219.08,23.6
Mumbai,Hyderabad,478,91.04,44.6,12.2,52.6,Express,Air,17359.61,15.3
Chennai,Delhi,351,2.43,24.7,42.4,21.8,Economy,Rail,50.0,15.0
Ahmedabad,Delhi,555,60.43,17.9,51.4,80.7,Express,Air,13107.43,8.5
Delhi,Chennai,365,80.15,99.7,27.6,35.4,Economy,Rail,718.75,28.8
Delhi,Kolkata,776,93.27,47.0,39.3,13.1,Express,Rail,3151.63,29.0
Mumbai,Bangalore,1816,0.92,42.9,78.6,33.1,Express,Rail,1962.35,35.6
Pune,Ahmedabad,1794,72.29,95.2,95.3,83.7,Normal,Road,14008.44,62.9
Ahmedabad,Chennai,1240,97.63,13.9,13.1,91.7,Economy,Air,21809.51,22.2
Mumbai,Kolkata,1416,71.13,56.0,97.5,36.3,Normal,Road,5313.27,51.1
Hyderabad,Pune,489,6.8,40.9,88.8,87.7,Express,Rail,1361.21,24.9
Mumbai,Kolkata,1416,38.22,83.4,60.6,43.6,Express,Road,4341.42,47.8
Hyderabad,Ahmedabad,1078,10.86,32.5,47.8,5.4,Normal,Road,630.7,32.7
Mumbai,Pune,1509,42.1,45.8,16.4,49.5,Normal,Air,17154.97,9.7
Delhi,Hyderabad,1334,30.5,96.9,15.2,73.1,Express,Rail,1718.06,33.0
Chennai,Mumbai,528,26.11,24.4,48.1,14.6,Express,Road,1052.76,17.7
Hyderabad,Chennai,869,50.86,24.5,21.0,14.6,Normal,Rail,1248.29,21.6
Bangalore,Delhi,1766,65.19,74.5,98.5,72.4,Economy,Road,7801.45,88.5
Mumbai,Bangalore,1816,23.41,81.6,77.2,29.8,Express,Road,5319.8,55.4
Bangalore,Mumbai,707,93.71,65.2,94.8,20.8,Normal,Road,3302.55,32.8
Delhi,Hyderabad,1334,67.57,8.1,92.7,17.6,Express,Air,36521.84,21.2
Chennai,Mumbai,528,92.96,93.5,37.9,16.3,Express,Rail,2240.93,12.4
Mumbai,Bangalore,1816,74.48,40.1,32.9,62.5,Economy,Rail,3130.73,58.3
Bangalore,Mumbai,707,92.1,96.8,15.5,26.2,Normal,Air,15597.53,14.0
Pune,Ahmedabad,1794,1.58,30.9,26.5,69.8,Normal,Air,5427.6,15.5
Mumbai,Ahmedabad,1164,50.07,29.7,5.4,62.5,Normal,Road,3091.59,40.3
Kolkata,Pune,1165,0.54,70.3,64.1,47.8,Express,Rail,2234.19,17.7
Mumbai,Kolkata,1416,43.29,63.2,11.2,76.8,Economy,Air,11958.17,26.7
Ahmedabad,Delhi,555,74.47,93.9,41.6,29.5,Normal,Road,2227.17,31.1
Delhi,Hyderabad,1334,36.68,28.4,16.5,97.6,Normal,Road,2329.36,48.3
Kolkata,Hyderabad,1729,23.78,85.3,90.7,30.8,Economy,Air,17709.76,16.4
Hyderabad,Delhi,740,34.9,44.7,61.0,10.5,Normal,Road,1228.8,35.2
Chennai,Kolkata,863,35.59,23.7,69.3,10.3,Express,Rail,1422.59,28.5
Delhi,Mumbai,361,12.03,25.0,63.7,99.2,Normal,Air,2689.61,10.9
Hyderabad,Kolkata,989,70.08,68.8,63.7,15.3,Express,Rail,3357.22,20.4
Hyderabad,Kolkata,989,93.15,71.8,67.5,19.1,Normal,Air,23709.17,10.7
Pune,Mumbai,1035,42.38,21.8,52.2,12.3,Economy,Rail,1025.54,41.1
Hyderabad,Delhi,740,97.73,62.5,92.9,81.6,Normal,Air,18326.37,15.6
Delhi,Kolkata,776,26.74,44.2,79.3,10.8,Express,Air,7721.76,11.7
Kolkata,Chennai,869,44.94,24.4,84.1,63.5,Economy,Road,1503.45,39.4
Delhi,Chennai,365,35.94,34.5,88.0,88.0,Express,Rail,871.08,14.4
Delhi,Kolkata,776,95.42,39.3,29.9,34.4,Normal,Road,3883.41,36.9
Ahmedabad,Pune,900,2.46,40.0,92.5,45.9,Economy,Road,1336.43,52.9
Ahmedabad,Kolkata,461,81.29,51.4,12.3,66.3,Express,Road,2751.71,27.6
Mumbai,Kolkata,1416,85.16,7.2,21.1,81.0,Economy,Rail,3154.9,46.0
Chennai,Delhi,351,12.28,75.3,52.4,53.8,Express,Road,1036.99,26.7
Mumbai,Pune,1509,70.15,63.7,5.4,60.6,Normal,Road,4831.31,49.6
Kolkata,Hyderabad,1729,82.98,47.3,63.6,10.2,Normal,Rail,4150.95,41.4
Chennai,Delhi,351,61.51,91.9,37.8,71.7,Normal,Rail,631.73,15.6
Pune,Mumbai,1035,19.96,83.2,28.3,90.4,Express,Air,16668.17,20.0
Pune,Delhi,1004,7.09,92.3,24.7,32.6,Economy,Road,604.02,44.3
Mumbai,Bangalore,1816,79.57,43.5,78.2,29.2,Express,Rail,6898.52,30.6
Bangalore,Pune,1219,99.54,93.1,16.3,51.1,Normal,Air,32665.17,10.8
Bangalore,Pune,1219,71.01,9.0,77.0,84.3,Normal,Road,4368.78,53.1
Mumbai,Hyderabad,478,85.14,20.2,81.1,68.7,Normal,Air,9540.07,9.3
Pune,Bangalore,1536,99.14,68.3,15.8,13.1,Economy,Air,32297.91,12.1
Bangalore,Kolkata,1159,55.93,89.3,99.7,69.6,Economy,Air,26661.71,23.6
Ahmedabad,Kolkata,461,88.33,27.8,39.0,34.4,Express,Road,3300.48,25.9
Hyderabad,Delhi,740,91.04,47.9,22.6,42.1,Express,Air,26281.25,21.1
Delhi,Mumbai,361,50.47,29.9,64.2,10.5,Economy,Rail,448.96,18.5
Chennai,Kolkata,863,4.92,66.1,67.2,64.1,Normal,Rail,1367.71,31.8
Hyderabad,Mumbai,618,57.84,65.7,94.3,84.0,Economy,Rail,1651.89,23.8
Delhi,Bangalore,747,38.71,98.7,82.9,95.1,Normal,Air,30050.4,19.4
Pune,Bangalore,1536,52.35,59.6,21.3,96.5,Normal,Air,19479.59,10.6
Mumbai,Chennai,1808,68.17,15.6,65.3,95.3,Express,Air,44963.42,21.9
Kolkata,Bangalore,1854,59.67,5.4,30.7,39.8,Express,Air,41895.17,7.1
Bangalore,Hyderabad,751,13.9,14.8,66.9,48.3,Express,Air,3565.92,10.0
Bangalore,Kolkata,1159,7.91,96.3,24.8,5.6,Normal,Road,478.84,41.1
Mumbai,Chennai,1808,98.73,91.4,88.7,48.1,Express,Rail,8542.82,44.7
Mumbai,Ahmedabad,1164,43.42,49.0,66.1,51.9,Express,Rail,2397.21,33.6
Bangalore,Hyderabad,751,2.8,22.2,38.2,49.4,Normal,Rail,201.44,20.3
Delhi,Bangalore,747,28.92,20.2,86.1,25.3,Normal,Air,5822.67,9.0
Hyderabad,Bangalore,1863,93.71,42.8,11.1,95.7,Express,Air,63192.06,18.3
Kolkata,Pune,1165,30.05,76.3,52.4,92.3,Normal,Rail,2757.98,39.6
Delhi,Ahmedabad,354,96.15,93.8,78.1,38.6,Normal,Rail,1122.23,21.5
Hyderabad,Ahmedabad,1078,49.92,73.7,35.5,58.3,Normal,Road,2634.89,47.0
Pune,Delhi,1004,86.5,11.3,40.5,65.9,Normal,Air,20136.76,12.8
Ahmedabad,Chennai,1240,31.39,20.7,29.9,96.0,Normal,Air,9452.81,17.6
Kolkata,Hyderabad,1729,40.04,84.7,70.8,64.7,Economy,Air,27928.88,13.2
Hyderabad,Chennai,869,71.74,14.7,18.5,49.1,Economy,Air,12815.58,18.7
Delhi,Ahmedabad,354,17.89,22.5,78.7,26.3,Economy,Road,257.42,23.4
Pune,Ahmedabad,1794,13.87,51.8,28.1,95.9,Economy,Rail,1204.8,63.8
Mumbai,Delhi,1685,67.2,17.5,61.8,36.2,Normal,Air,28864.5,18.4
Bangalore,Hyderabad,751,99.0,26.6,52.5,67.8,Express,Air,28590.81,17.4
Mumbai,Bangalore,1816,59.24,26.2,38.1,77.4,Express,Air,42055.44,17.4
Ahmedabad,Hyderabad,1430,68.12,12.5,99.2,59.3,Economy,Road,3934.03,63.6
Ahmedabad,Mumbai,1398,76.73,16.6,32.3,62.7,Economy,Road,4225.21,62.3
Mumbai,Pune,1509,5.85,68.6,31.8,99.6,Normal,Air,17219.39,9.1
Ahmedabad,Hyderabad,1430,96.23,10.9,85.5,39.4,Normal,Rail,4356.6,44.7
Kolkata,Delhi,313,60.24,30.9,13.5,73.0,Economy,Road,780.74,33.0
Delhi,Kolkata,776,62.9,95.2,35.5,59.2,Normal,Air,12063.35,6.2
Hyderabad,Delhi,740,12.38,99.3,16.5,9.6,Economy,Rail,214.14,31.6
Chennai,Pune,757,85.56,83.7,60.0,41.0,Economy,Air,12699.69,14.9
Kolkata,Chennai,869,21.52,39.7,14.6,82.6,Normal,Air,4399.36,12.1
Hyderabad,Kolkata,989,83.06,56.1,20.2,49.0,Economy,Air,16131.0,9.7
Delhi,Bangalore,747,60.11,67.3,83.0,41.9,Express,Air,18155.58,13.8
Chennai,Pune,757,52.61,21.9,45.3,6.8,Economy,Air,7527.57,19.6
Chennai,Kolkata,863,76.4,29.6,99.3,72.3,Normal,Air,15196.54,15.3
Kolkata,Ahmedabad,996,26.5,23.5,37.9,65.3,Normal,Road,1241.71,45.5
Kolkata,Ahmedabad,996,69.42,28.1,56.4,50.0,Express,Air,25918.06,16.5
Mumbai,Hyderabad,478,78.45,70.4,72.0,13.3,Express,Road,2662.61,18.8
Delhi,Mumbai,361,20.6,30.3,20.8,12.7,Normal,Road,384.41,28.9
Delhi,Bangalore,747,50.57,78.3,44.5,28.3,Express,Rail,1788.12,13.7
Mumbai,Ahmedabad,1164,67.67,21.4,75.0,83.9,Economy,Road,3389.66,56.3
Bangalore,Pune,1219,32.15,62.4,53.9,88.3,Express,Road,5338.47,31.4
Mumbai,Pune,1509,76.01,81.1,97.4,68.5,Normal,Air,41570.01,22.4
Delhi,Kolkata,776,29.82,17.6,77.7,52.4,Express,Road,1749.12,34.9
Bangalore,Pune,1219,62.87,14.1,52.0,69.2,Economy,Rail,1668.24,55.6
Hyderabad,Ahmedabad,1078,66.92,59.5,36.5,81.7,Economy,Rail,1635.52,36.5
Mumbai,Ahmedabad,1164,41.15,20.5,20.4,12.8,Normal,Road,2449.15,45.3
Pune,Kolkata,841,37.12,32.3,21.7,13.8,Normal,Road,1602.69,25.5
Delhi,Chennai,365,82.43,30.4,48.4,78.6,Normal,Rail,863.7,17.0
Bangalore,Ahmedabad,1506,15.66,59.6,16.0,71.1,Express,Rail,964.45,24.9
Kolkata,Delhi,313,92.44,40.8,92.3,98.0,Express,Rail,1178.86,18.7
Kolkata,Ahmedabad,996,94.08,93.4,29.4,30.8,Express,Air,33578.75,8.2
Kolkata,Bangalore,1854,84.34,67.6,77.5,32.4,Normal,Rail,5152.24,45.0
Hyderabad,Bangalore,1863,23.48,29.4,5.2,30.0,Normal,Rail,1207.55,38.9
Pune,Hyderabad,1952,80.2,51.1,54.1,80.8,Express,Rail,6565.8,42.9
Pune,Delhi,1004,38.2,87.1,89.1,63.0,Economy,Rail,2232.84,45.6
Kolkata,Mumbai,1957,8.11,94.2,14.3,78.8,Express,Air,15945.91,12.0
Bangalore,Kolkata,1159,21.86,51.1,90.1,17.6,Normal,Air,5855.07,23.0
Delhi,Ahmedabad,354,12.0,99.6,97.2,98.9,Economy,Air,12753.87,9.3
Mumbai,Ahmedabad,1164,29.15,18.1,26.8,87.2,Normal,Road,1541.66,33.3
Ahmedabad,Delhi,555,22.05,50.4,94.6,9.9,Normal,Road,570.43,36.6
Ahmedabad,Bangalore,1075,21.37,95.8,20.1,99.3,Express,Rail,2003.9,28.6
Hyderabad,Delhi,740,68.4,56.9,79.6,22.0,Normal,Road,2358.26,33.0
Hyderabad,Chennai,869,72.86,57.9,37.9,53.2,Express,Air,24115.66,18.7
Mumbai,Chennai,1808,80.0,62.2,30.7,58.3,Normal,Air,36595.99,23.1
Chennai,Bangalore,1818,25.89,24.0,92.2,75.8,Normal,Rail,1715.46,36.9
Ahmedabad,Hyderabad,1430,10.33,61.6,17.1,6.2,Economy,Air,3057.77,13.9
Kolkata,Pune,1165,20.0,64.5,78.4,85.7,Economy,Air,20781.45,26.9
Ahmedabad,Mumbai,1398,11.6,23.3,17.7,66.6,Economy,Air,3253.59,18.4
Delhi,Ahmedabad,354,25.82,52.8,84.7,75.0,Normal,Road,1281.3,30.2
Hyderabad,Bangalore,1863,62.13,56.3,60.9,93.8,Economy,Road,4454.37,90.2
Delhi,Bangalore,747,76.64,99.7,32.6,64.2,Economy,Road,2262.82,45.0
Mumbai,Delhi,1685,14.76,91.1,25.0,13.6,Express,Rail,1117.61,26.1
Pune,Delhi,1004,85.52,10.4,15.1,55.8,Economy,Rail,1968.39,46.5
Ahmedabad,Bangalore,1075,39.29,16.1,87.2,26.1,Normal,Road,2044.05,32.6
Chennai,Ahmedabad,585,21.95,86.7,76.3,38.1,Normal,Road,1499.67,29.4
Bangalore,Kolkata,1159,27.38,80.8,97.3,82.6,Economy,Air,31268.72,25.5
Mumbai,Pune,1509,39.15,86.8,93.0,15.2,Express,Road,4462.66,32.7
Ahmedabad,Mumbai,1398,33.36,15.8,18.2,68.1,Economy,Air,10018.61,23.0
Chennai,Mumbai,528,38.37,27.1,7.3,8.5,Normal,Air,4857.0,8.6
Hyderabad,Mumbai,618,86.45,19.5,20.2,31.7,Normal,Rail,1748.23,28.3
Ahmedabad,Bangalore,1075,22.64,12.3,62.2,33.2,Normal,Air,6634.74,13.7
Bangalore,Delhi,1766,99.9,92.9,89.5,20.1,Economy,Rail,3945.57,61.1
Ahmedabad,Pune,900,38.71,85.3,20.9,91.6,Normal,Rail,956.1,27.2
Chennai,Delhi,351,80.57,99.5,36.9,20.8,Economy,Rail,709.14,13.1
Pune,Delhi,1004,97.02,19.0,32.5,47.7,Economy,Rail,2231.1,41.4
Pune,Chennai,498,69.61,23.0,85.8,81.3,Express,Rail,1688.67,11.7
Chennai,Ahmedabad,585,35.12,85.4,27.3,89.0,Express,Rail,1023.67,25.7
Hyderabad,Delhi,740,81.27,29.2,13.9,7.2,Express,Rail,2551.32,25.1
Chennai,Hyderabad,801,52.71,84.6,7.5,81.4,Economy,Rail,1018.83,42.9
Bangalore,Ahmedabad,1506,26.46,30.0,58.4,40.4,Express,Rail,1819.9,36.8
Kolkata,Mumbai,1957,35.27,32.8,20.4,60.2,Economy,Air,14546.42,17.3
Delhi,Pune,1532,48.0,43.3,29.3,98.1,Express,Air,26626.3,24.1
Ahmedabad,Kolkata,461,86.25,88.0,91.2,50.7,Economy,Rail,903.23,18.3
Chennai,Kolkata,863,85.92,96.5,54.6,78.9,Express,Rail,3252.04,32.4
Bangalore,Hyderabad,751,90.61,20.1,31.9,50.8,Express,Air,26245.36,8.2
Hyderabad,Mumbai,618,22.03,90.5,6.9,5.8,Economy,Air,2884.54,13.4
Pune,Mumbai,1035,32.16,81.2,58.2,51.2,Normal,Road,2437.32,32.3
Bangalore,Ahmedabad,1506,8.09,70.0,6.9,32.4,Normal,Rail,386.73,46.3
Delhi,Hyderabad,1334,56.66,97.1,32.5,67.5,Economy,Rail,1811.51,37.8
Bangalore,Mumbai,707,71.06,78.3,73.7,89.8,Normal,Road,3349.28,21.8
Bangalore,Chennai,1449,75.17,95.2,51.0,63.8,Economy,Air,20758.13,20.5
Ahmedabad,Bangalore,1075,80.07,27.2,25.5,65.5,Normal,Air,22786.94,18.3
Ahmedabad,Delhi,555,41.67,9.5,9.1,97.1,Express,Air,9387.37,14.2
Chennai,Ahmedabad,585,59.64,48.9,11.0,25.5,Normal,Air,9028.65,12.9
Mumbai,Kolkata,1416,1.36,13.9,55.0,37.2,Economy,Rail,175.55,56.0
Mumbai,Chennai,1808,91.96,76.3,17.6,16.1,Express,Rail,7571.05,43.5
Chennai,Delhi,351,10.03,75.8,16.6,96.8,Economy,Air,1849.86,16.4
Kolkata,Hyderabad,1729,59.01,5.5,41.3,49.0,Express,Air,41329.08,7.4
Mumbai,Delhi,1685,61.58,12.5,80.2,94.3,Normal,Road,5536.7,61.5
Hyderabad,Chennai,869,56.96,29.4,17.8,97.1,Express,Rail,2230.48,22.6
Delhi,Chennai,365,6.76,88.1,6.9,79.4,Normal,Rail,113.18,22.3
Hyderabad,Delhi,740,4.09,19.9,31.2,75.2,Express,Road,553.97,33.2
Hyderabad,Pune,489,80.05,65.5,9.8,71.1,Normal,Air,10445.94,24.6
Delhi,Ahmedabad,354,14.59,28.9,77.9,44.8,Economy,Rail,160.39,21.4
Hyderabad,Delhi,740,50.57,52.3,16.9,70.2,Economy,Road,1347.9,30.9
Bangalore,Kolkata,1159,80.3,17.4,27.3,78.9,Normal,Rail,2750.32,40.5
Kolkata,Delhi,313,52.05,20.9,53.5,51.5,Economy,Rail,423.22,12.9
Kolkata,Ahmedabad,996,43.52,8.0,60.0,41.7,Normal,Rail,1367.38,31.7
Chennai,Hyderabad,801,16.09,80.2,62.8,46.2,Express,Rail,1792.98,31.7
Chennai,Delhi,351,79.3,51.8,98.5,33.3,Express,Rail,1343.96,27.9
Kolkata,Hyderabad,1729,30.82,43.7,49.4,73.1,Economy,Road,2264.8,83.0
Hyderabad,Mumbai,618,25.84,49.2,75.9,25.1,Economy,Air,3455.03,10.1
Delhi,Pune,1532,47.11,40.9,96.3,29.4,Express,Air,27776.9,23.2
Kolkata,Bangalore,1854,69.02,37.6,31.1,10.6,Express,Road,10019.66,36.2
Kolkata,Mumbai,1957,38.78,36.0,85.9,96.7,Normal,Rail,3791.55,54.5
Delhi,Mumbai,361,14.08,28.6,80.0,36.6,Economy,Road,234.55,33.5
Delhi,Pune,1532,76.26,61.9,74.8,44.5,Normal,Rail,3624.67,46.6
Delhi,Hyderabad,1334,1.03,79.8,26.0,71.5,Express,Road,2738.71,38.8
Pune,Chennai,498,79.34,12.4,39.7,48.4,Economy,Road,1711.39,26.4
Mumbai,Delhi,1685,75.0,55.2,65.5,84.6,Economy,Road,4907.05,71.8
Mumbai,Chennai,1808,36.14,49.0,73.6,43.5,Economy,Air,13789.02,27.3
Ahmedabad,Hyderabad,1430,36.75,40.1,46.7,75.5,Economy,Road,2258.39,57.0
Mumbai,Chennai,1808,3.53,59.9,30.2,26.0,Economy,Road,674.77,83.1
Pune,Delhi,1004,40.0,32.5,47.4,44.2,Economy,Air,7242.49,10.6
Bangalore,Mumbai,707,87.2,81.9,44.6,26.5,Express,Road,4242.52,30.7
Ahmedabad,Delhi,555,23.25,61.7,87.1,88.6,Normal,Road,2524.37,36.8
Delhi,Bangalore,747,72.26,32.7,61.2,7.9,Normal,Air,14830.06,13.1
Mumbai,Delhi,1685,94.08,53.1,24.2,91.0,Express,Air,54254.03,20.5
Delhi,Hyderabad,1334,54.25,61.5,34.7,34.5,Economy,Rail,1748.09,43.6
Kolkata,Bangalore,1854,87.77,17.7,53.3,61.0,Economy,Air,31277.06,19.1
Delhi,Mumbai,361,92.61,32.3,37.8,33.0,Express,Air,13634.72,4.9
Mumbai,Delhi,1685,63.8,63.1,16.3,77.3,Normal,Rail,3242.34,41.2
Chennai,Hyderabad,801,34.97,71.8,56.9,41.5,Economy,Air,5525.01,21.9
Bangalore,Kolkata,1159,34.17,27.9,93.3,84.3,Economy,Air,10522.48,20.8
Hyderabad,Mumbai,618,59.69,86.8,22.4,65.8,Normal,Air,8680.11,15.1
Bangalore,Chennai,1449,17.98,39.1,34.6,55.4,Normal,Road,1204.43,58.6
Mumbai,Chennai,1808,44.77,16.6,27.6,24.6,Express,Road,5963.06,54.8
Delhi,Chennai,365,34.02,37.3,60.0,34.6,Express,Rail,601.91,17.4
Mumbai,Ahmedabad,1164,32.7,70.0,62.8,38.1,Express,Air,14661.14,23.9
Hyderabad,Pune,489,82.18,56.2,78.3,99.5,Normal,Rail,1197.04,17.1
Pune,Ahmedabad,1794,28.42,69.0,24.2,16.8,Economy,Road,1835.56,75.4
Pune,Hyderabad,1952,53.59,73.6,50.2,32.9,Express,Air,39009.12,12.9
Pune,Hyderabad,1952,44.25,18.0,70.8,46.8,Express,Rail,3526.31,38.6
Mumbai,Hyderabad,478,93.36,17.2,74.6,34.8,Express,Rail,2015.4,15.2
Mumbai,Bangalore,1816,28.92,59.3,24.5,77.8,Economy,Road,2025.06,89.7
Hyderabad,Delhi,740,96.45,21.2,76.1,16.9,Express,Road,5238.61,33.1
Bangalore,Pune,1219,97.71,28.7,26.9,40.1,Economy,Air,22989.55,19.3
Mumbai,Bangalore,1816,82.01,42.9,23.9,90.0,Normal,Air,39554.57,18.2
Ahmedabad,Chennai,1240,64.97,32.6,32.5,35.5,Normal,Rail,2621.71,23.5
Kolkata,Pune,1165,34.02,69.2,90.3,47.8,Normal,Rail,2263.34,39.7
Pune,Ahmedabad,1794,84.16,83.4,37.9,14.5,Economy,Road,5920.2,70.7
Hyderabad,Mumbai,618,86.01,95.4,28.0,46.2,Economy,Rail,1264.67,32.7
Pune,Bangalore,1536,87.54,48.1,10.5,83.6,Normal,Road,6664.56,54.7
Chennai,Bangalore,1818,57.77,69.0,6.8,94.0,Express,Road,7761.21,47.1
Pune,Delhi,1004,34.94,85.5,24.9,41.6,Normal,Rail,1004.22,33.6
Mumbai,Ahmedabad,1164,67.41,6.3,76.5,29.7,Express,Rail,3545.33,21.8
Pune,Chennai,498,1.21,88.8,57.5,70.2,Economy,Air,7123.4,9.8
Mumbai,Kolkata,1416,21.94,69.3,65.0,18.8,Economy,Air,5710.23,24.5
Mumbai,Kolkata,1416,53.66,88.1,17.2,44.3,Economy,Road,3250.63,71.2
Hyderabad,Bangalore,1863,42.39,5.8,53.6,96.7,Normal,Air,19504.39,23.0
Delhi,Bangalore,747,13.55,61.7,13.2,17.2,Express,Air,3586.81,23.2
Pune,Ahmedabad,1794,43.93,80.4,12.6,95.1,Economy,Road,2967.2,91.3
Ahmedabad,Delhi,555,57.15,16.0,36.0,72.8,Express,Rail,1477.67,14.0
Hyderabad,Delhi,740,61.88,95.5,45.2,40.1,Economy,Air,9850.87,21.2
Pune,Hyderabad,1952,77.51,15.5,25.4,15.4,Economy,Rail,3337.53,61.8
Bangalore,Ahmedabad,1506,17.63,13.8,75.1,94.8,Normal,Road,1400.99,44.2
Kolkata,Bangalore,1854,1.73,50.0,99.2,44.5,Express,Air,30328.83,19.5
Kolkata,Bangalore,1854,70.13,33.9,29.0,18.5,Express,Rail,5520.57,40.9
Mumbai,Pune,1509,13.15,36.3,36.0,56.6,Normal,Rail,640.14,42.4
Chennai,Mumbai,528,77.07,37.3,24.8,77.6,Normal,Rail,1111.87,21.5
Pune,Kolkata,841,56.48,45.7,75.8,56.8,Normal,Rail,1419.1,22.6
Mumbai,Ahmedabad,1164,34.28,27.6,81.2,84.4,Express,Road,3146.44,26.2
Hyderabad,Pune,489,46.14,90.2,63.0,73.9,Express,Rail,1819.19,18.0
Delhi,Hyderabad,1334,77.45,88.3,82.7,65.0,Economy,Air,23975.67,17.2
Ahmedabad,Bangalore,1075,25.96,85.5,8.2,74.9,Express,Air,9945.9,23.6
Mumbai,Kolkata,1416,19.01,71.9,90.7,25.7,Normal,Road,2431.22,52.3
Delhi,Bangalore,747,73.73,15.8,88.9,23.8,Express,Road,4391.4,22.4
Chennai,Bangalore,1818,40.04,31.7,46.4,39.2,Express,Rail,3259.22,36.4
Ahmedabad,Kolkata,461,55.14,98.9,38.2,52.6,Express,Air,9516.31,11.8
Ahmedabad,Chennai,1240,10.35,88.0,13.2,92.2,Express,Rail,1175.33,31.1
Pune,Kolkata,841,70.99,94.3,81.0,65.7,Express,Rail,3491.82,26.9
Bangalore,Mumbai,707,76.31,68.7,96.4,42.3,Normal,Air,14758.79,17.0
Kolkata,Mumbai,1957,2.27,26.8,94.5,94.2,Normal,Road,4800.94,75.3
Delhi,Ahmedabad,354,9.83,30.9,21.0,74.8,Normal,Rail,111.57,14.9
Hyderabad,Mumbai,618,84.0,31.8,40.5,46.5,Economy,Air,11398.85,14.3
Mumbai,Chennai,1808,54.22,79.7,94.5,69.6,Economy,Air,38597.19,24.4
Bangalore,Kolkata,1159,95.71,56.6,42.9,18.6,Express,Rail,4903.08,19.5
Bangalore,Delhi,1766,30.35,35.5,76.3,99.3,Express,Road,7819.17,47.4
Bangalore,Hyderabad,751,88.0,58.1,84.3,59.8,Express,Air,26597.86,23.6
Delhi,Pune,1532,98.49,9.8,54.4,36.5,Economy,Rail,3293.72,61.8
Kolkata,Chennai,869,97.72,47.9,25.4,73.1,Economy,Road,3599.34,42.4
Bangalore,Delhi,1766,81.82,19.2,10.9,89.0,Normal,Road,7660.9,58.4
Pune,Mumbai,1035,84.58,77.2,79.4,49.6,Express,Air,34319.18,8.2
Delhi,Chennai,365,3.99,14.8,17.9,89.8,Express,Road,119.33,11.9
Ahmedabad,Pune,900,34.04,6.9,93.7,70.0,Normal,Road,1403.18,38.6
Kolkata,Ahmedabad,996,39.25,12.6,90.5,71.4,Express,Rail,1615.66,18.8
Mumbai,Delhi,1685,35.41,9.9,45.3,93.0,Express,Air,22077.07,9.6
Bangalore,Ahmedabad,1506,51.4,71.1,47.6,14.2,Normal,Road,3621.11,53.6
Bangalore,Pune,1219,69.56,87.8,79.8,51.8,Express,Air,33037.03,20.8
Ahmedabad,Hyderabad,1430,1.63,17.1,66.4,59.9,Normal,Road,1018.6,42.0
Kolkata,Mumbai,1957,0.51,97.1,25.8,56.8,Express,Air,21949.19,22.4
Kolkata,Bangalore,1854,89.86,37.3,58.6,75.1,Economy,Air,35071.37,20.5
Kolkata,Ahmedabad,996,65.29,51.2,30.8,72.5,Express,Road,4396.97,25.0
Pune,Kolkata,841,85.97,43.3,49.7,66.6,Economy,Rail,1689.08,41.8
Ahmedabad,Kolkata,461,37.12,86.6,36.1,72.0,Normal,Rail,587.03,17.0
Pune,Delhi,1004,20.91,91.5,15.6,17.3,Economy,Rail,552.06,33.6
Delhi,Mumbai,361,42.45,34.1,27.7,80.8,Express,Road,1165.88,17.0
Ahmedabad,Mumbai,1398,10.26,78.2,19.3,95.9,Normal,Road,1879.97,49.9
Pune,Chennai,498,20.54,57.8,81.5,96.8,Economy,Rail,1190.69,18.2
Hyderabad,Kolkata,989,77.37,73.0,69.3,45.7,Economy,Air,15180.82,19.0
Pune,Kolkata,841,48.09,28.2,88.0,79.2,Express,Road,3188.49,23.1
Bangalore,Hyderabad,751,19.99,47.4,45.8,53.7,Express,Air,6955.62,20.9
Delhi,Ahmedabad,354,51.52,96.2,25.0,87.7,Normal,Air,4197.03,11.8
Delhi,Mumbai,361,33.6,51.7,83.7,62.3,Express,Air,7468.05,24.0
Bangalore,Hyderabad,751,63.36,17.6,60.1,54.7,Normal,Air,11314.49,13.7
Bangalore,Mumbai,707,92.95,21.8,91.3,79.1,Express,Rail,2695.5,15.2
Delhi,Bangalore,747,66.44,46.2,55.8,90.3,Normal,Rail,1471.16,25.9
Pune,Bangalore,1536,67.23,26.7,62.2,12.1,Economy,Air,18775.31,17.5
Pune,Kolkata,841,94.99,59.5,59.0,25.6,Normal,Road,4147.83,37.5
Delhi,Ahmedabad,354,14.46,16.1,72.4,28.0,Normal,Air,1329.09,12.5
Mumbai,Kolkata,1416,53.89,79.1,15.5,56.0,Normal,Rail,2097.44,31.9
Pune,Mumbai,1035,94.47,97.3,22.3,49.4,Economy,Air,19753.71,10.0
Pune,Hyderabad,1952,70.11,35.7,6.1,18.3,Express,Air,49258.07,19.6
Hyderabad,Kolkata,989,77.59,80.2,7.6,64.1,Express,Air,28366.05,24.2
Delhi,Pune,1532,69.88,30.4,80.8,98.9,Express,Road,8719.37,33.8
Chennai,Delhi,351,50.57,49.4,26.2,73.5,Normal,Rail,508.35,29.3
Hyderabad,Mumbai,618,99.14,84.9,63.8,42.2,Express,Road,4583.49,26.8
Ahmedabad,Bangalore,1075,14.67,20.3,71.3,34.2,Normal,Air,4080.52,12.7
Bangalore,Mumbai,707,95.01,6.0,52.2,17.9,Normal,Air,15314.84,22.4
Ahmedabad,Pune,900,89.34,46.5,58.5,86.4,Express,Road,6509.41,25.7
Pune,Hyderabad,1952,59.64,5.9,93.4,54.0,Economy,Road,4900.4,92.8
Chennai,Ahmedabad,585,3.02,63.1,78.2,63.7,Economy,Rail,858.95,26.7
Bangalore,Pune,1219,58.75,67.9,87.2,87.3,Normal,Rail,3671.62,27.7
Delhi,Mumbai,361,10.04,75.6,55.9,63.4,Normal,Road,907.17,25.0
Hyderabad,Ahmedabad,1078,9.0,47.5,58.6,23.9,Economy,Road,579.64,54.6
Chennai,Bangalore,1818,1.82,75.1,69.0,46.4,Normal,Air,19955.26,24.3
Bangalore,Ahmedabad,1506,90.39,66.8,11.1,18.3,Normal,Rail,3708.96,43.6
Mumbai,Bangalore,1816,82.83,98.2,70.2,59.9,Express,Road,12032.38,39.0
Delhi,Kolkata,776,44.36,99.9,54.3,62.2,Express,Air,19230.76,24.3
Bangalore,Chennai,1449,78.19,22.8,32.3,39.3,Economy,Air,22021.25,25.5
Bangalore,Hyderabad,751,11.13,14.1,67.0,10.1,Express,Air,3163.51,15.7
Pune,Delhi,1004,26.71,93.9,11.5,97.5,Normal,Road,1366.11,46.7
Pune,Delhi,1004,99.01,48.6,64.1,22.7,Normal,Air,26563.54,24.9
Kolkata,Ahmedabad,996,46.01,55.3,8.5,42.9,Economy,Road,1659.8,58.0
Hyderabad,Bangalore,1863,99.66,60.5,99.9,30.9,Normal,Road,9024.72,56.7
Bangalore,Delhi,1766,5.74,42.5,40.6,40.7,Economy,Rail,539.24,47.2
Hyderabad,Ahmedabad,1078,37.57,48.5,36.3,56.1,Express,Road,3235.63,36.8
Bangalore,Kolkata,1159,10.07,62.2,51.3,26.4,Economy,Air,4173.47,11.0
Delhi,Chennai,365,69.54,77.9,58.8,93.2,Normal,Road,1587.02,21.4
Kolkata,Bangalore,1854,7.59,77.6,87.6,22.8,Express,Air,20378.3,7.9
Chennai,Mumbai,528,43.97,44.6,69.0,27.3,Normal,Road,1275.04,20.5
Bangalore,Pune,1219,78.99,5.7,91.1,56.0,Economy,Rail,2250.84,42.2
Chennai,Mumbai,528,31.21,25.6,23.6,88.8,Express,Rail,706.59,17.0
Hyderabad,Bangalore,1863,96.46,91.2,42.3,77.2,Economy,Air,37079.59,20.5
Chennai,Ahmedabad,585,71.7,91.2,59.7,38.2,Express,Road,3173.82,30.5
Chennai,Ahmedabad,585,85.4,30.6,70.0,98.8,Express,Rail,2227.5,23.0
Ahmedabad,Bangalore,1075,62.29,91.5,81.0,63.8,Express,Road,8080.89,43.8
Mumbai,Delhi,1685,67.14,85.1,98.3,84.8,Normal,Rail,7068.11,41.7
Hyderabad,Delhi,740,11.5,13.9,5.4,84.4,Normal,Rail,272.83,25.2
Hyderabad,Delhi,740,85.74,34.8,36.6,78.8,Express,Air,23312.45,21.1
Pune,Bangalore,1536,36.38,64.0,38.5,62.0,Economy,Air,10569.38,23.9
Delhi,Mumbai,361,89.46,58.3,84.3,22.2,Normal,Rail,1060.41,16.2
Mumbai,Kolkata,1416,64.99,14.2,41.6,20.2,Express,Road,6769.28,40.6
Chennai,Hyderabad,801,37.72,24.6,13.2,39.3,Express,Road,2074.43,26.3
Mumbai,Pune,1509,11.37,47.2,5.5,51.1,Normal,Rail,482.57,47.7
Bangalore,Ahmedabad,1506,17.5,21.7,78.1,89.4,Express,Road,3410.75,41.9
Pune,Kolkata,841,16.47,21.2,54.6,37.4,Express,Rail,643.44,25.8
Hyderabad,Ahmedabad,1078,68.31,52.1,6.4,47.5,Normal,Rail,2000.43,34.0
Delhi,Kolkata,776,63.03,14.9,51.3,43.7,Normal,Rail,1493.68,18.8
Mumbai,Kolkata,1416,89.87,75.4,29.9,36.2,Economy,Air,23097.36,14.8
Mumbai,Kolkata,1416,89.84,67.9,32.5,40.1,Economy,Air,27774.2,19.0
Chennai,Ahmedabad,585,96.3,85.3,13.3,47.9,Express,Air,20621.47,7.2
Kolkata,Delhi,313,21.63,28.3,70.5,38.2,Economy,Road,248.95,27.7
Kolkata,Bangalore,1854,94.11,15.4,70.1,33.4,Economy,Rail,4506.68,57.3
Kolkata,Chennai,869,72.52,13.4,30.4,64.8,Express,Road,4268.59,19.9
Hyderabad,Bangalore,1863,64.41,67.4,33.4,37.8,Normal,Air,29149.59,24.7
Hyderabad,Delhi,740,53.46,23.0,51.2,25.2,Express,Road,3237.44,28.8
Pune,Hyderabad,1952,8.25,87.5,9.7,29.4,Express,Air,6503.89,17.5
Delhi,Pune,1532,47.11,21.1,23.6,89.1,Express,Air,24528.5,22.1
Pune,Delhi,1004,25.45,5.3,7.1,5.7,Express,Road,1825.06,24.8
Chennai,Kolkata,863,8.82,53.8,26.9,10.0,Economy,Rail,187.73,39.3
Delhi,Pune,1532,99.88,22.4,24.6,52.1,Normal,Air,40986.19,23.4
Delhi,Hyderabad,1334,38.89,9.3,60.6,29.7,Economy,Rail,1173.1,42.9
Hyderabad,Delhi,740,59.18,10.0,80.4,77.3,Economy,Air,8703.0,12.2
Hyderabad,Chennai,869,19.88,67.6,81.9,60.8,Normal,Road,2878.86,42.8
Chennai,Kolkata,863,56.39,72.1,19.9,29.2,Economy,Air,9371.35,20.4
Mumbai,Pune,1509,38.98,13.7,11.5,63.4,Economy,Air,11058.58,14.6
Chennai,Hyderabad,801,97.81,19.9,39.3,32.4,Economy,Rail,1707.58,34.5
Delhi,Mumbai,361,19.34,29.7,39.2,48.9,Express,Road,527.59,28.9
Kolkata,Delhi,313,87.66,58.4,20.9,36.0,Express,Rail,1180.05,11.2
Kolkata,Ahmedabad,996,44.8,38.8,39.8,14.7,Express,Air,17312.4,12.1
Pune,Mumbai,1035,53.84,45.7,43.7,38.0,Normal,Road,2624.72,32.7
Delhi,Hyderabad,1334,7.6,26.3,77.2,71.5,Express,Rail,1692.88,34.2
Kolkata,Mumbai,1957,7.83,32.3,53.6,83.3,Normal,Rail,1752.95,53.4
Ahmedabad,Delhi,555,56.61,55.0,64.7,63.8,Express,Road,2385.58,16.0
Kolkata,Mumbai,1957,4.07,86.4,94.1,70.5,Normal,Road,12259.18,61.3
Kolkata,Pune,1165,38.29,94.8,7.0,79.7,Express,Air,16975.55,19.9
Delhi,Hyderabad,1334,25.95,14.7,39.0,79.1,Normal,Road,1563.73,52.5
Chennai,Pune,757,21.73,6.9,22.1,14.7,Economy,Road,668.79,37.1
Mumbai,Pune,1509,81.41,61.6,26.3,23.1,Express,Rail,5982.81,39.7
Delhi,Bangalore,747,81.97,64.7,44.2,99.9,Economy,Road,2348.83,49.2
Mumbai,Delhi,1685,64.78,30.3,16.8,63.7,Normal,Air,29263.57,17.4
Chennai,Pune,757,83.05,12.5,16.8,38.5,Express,Road,4439.85,23.0
Bangalore,Mumbai,707,70.77,42.4,37.1,80.3,Normal,Air,12960.1,19.7
Bangalore,Chennai,1449,3.99,88.5,37.4,12.9,Normal,Road,578.6,43.7
Kolkata,Delhi,313,34.19,48.1,98.9,58.1,Normal,Rail,533.47,16.5
Delhi,Mumbai,361,33.31,32.0,98.8,60.4,Economy,Air,2819.22,13.8
Mumbai,Kolkata,1416,72.56,6.2,71.1,46.5,Express,Rail,4687.79,25.2
Mumbai,Kolkata,1416,99.82,16.7,90.0,59.0,Express,Air,52581.69,9.4
Mumbai,Kolkata,1416,69.75,5.8,18.5,13.6,Normal,Road,4932.81,52.7
Pune,Mumbai,1035,89.92,92.5,25.0,24.4,Economy,Rail,2025.56,46.2
Pune,Bangalore,1536,96.3,52.7,81.9,93.8,Normal,Air,39444.45,8.3
Pune,Mumbai,1035,91.42,10.6,68.8,43.5,Economy,Rail,2362.06,37.8
Pune,Hyderabad,1952,36.68,80.1,76.2,12.4,Normal,Rail,2121.75,34.6
Bangalore,Hyderabad,751,5.98,67.8,18.7,36.4,Normal,Road,350.55,43.1
Hyderabad,Kolkata,989,38.61,47.9,23.0,36.5,Express,Rail,1616.55,20.2
Kolkata,Ahmedabad,996,28.02,36.7,75.5,21.0,Express,Air,10325.74,18.2
Chennai,Pune,757,62.64,53.7,57.4,69.8,Economy,Air,9624.52,21.0
Mumbai,Delhi,1685,12.85,96.6,75.8,32.7,Normal,Road,4081.63,43.6
Bangalore,Hyderabad,751,26.99,64.8,72.9,97.2,Express,Rail,3357.28,18.4
Delhi,Mumbai,361,80.47,33.8,17.9,70.7,Express,Road,2265.6,14.2
Hyderabad,Mumbai,618,60.17,73.8,6.2,32.5,Normal,Road,1872.96,23.8
Kolkata,Mumbai,1957,37.06,27.5,59.3,71.7,Express,Rail,3281.91,38.6
Ahmedabad,Pune,900,81.4,99.6,52.8,21.8,Express,Road,5547.34,23.2
Kolkata,Pune,1165,97.96,41.5,16.7,29.7,Economy,Air,20720.82,7.7
Chennai,Kolkata,863,76.3,49.5,72.1,62.7,Express,Road,4798.21,37.0
Hyderabad,Kolkata,989,8.2,49.6,66.7,27.4,Normal,Road,831.11,48.3
Bangalore,Ahmedabad,1506,60.06,5.2,42.0,34.3,Express,Road,6739.97,37.2
Ahmedabad,Mumbai,1398,76.98,23.8,13.2,18.1,Express,Road,7786.16,27.7
Bangalore,Pune,1219,19.04,95.4,59.7,81.7,Normal,Rail,3582.65,27.4
Bangalore,Chennai,1449,92.34,38.9,61.5,52.8,Express,Rail,6607.39,35.6
Delhi,Mumbai,361,41.52,46.1,13.3,33.8,Economy,Road,610.7,19.0
Bangalore,Hyderabad,751,96.34,94.7,70.7,16.2,Economy,Rail,1847.9,27.2
Pune,Bangalore,1536,49.87,24.7,34.1,88.8,Express,Road,5548.2,38.2
Delhi,Mumbai,361,51.75,65.7,25.2,88.7,Express,Road,1493.81,16.8
Delhi,Pune,1532,71.81,47.5,63.2,25.1,Normal,Air,29422.13,15.7
Hyderabad,Kolkata,989,24.37,65.9,37.9,16.3,Express,Rail,976.15,21.8
Pune,Delhi,1004,9.29,23.6,70.7,79.7,Express,Road,1931.99,26.1
Ahmedabad,Kolkata,461,20.84,88.9,48.0,36.7,Economy,Rail,325.53,15.9
Bangalore,Hyderabad,751,27.3,15.9,14.7,6.6,Normal,Road,1000.6,31.1
Pune,Delhi,1004,17.13,93.6,74.4,22.8,Normal,Rail,991.7,26.3
Ahmedabad,Bangalore,1075,51.21,94.7,50.7,95.8,Normal,Air,23762.69,23.3
Delhi,Bangalore,747,59.79,43.8,23.5,89.8,Economy,Air,8454.67,15.9
Delhi,Pune,1532,9.92,48.0,21.2,95.2,Express,Rail,1234.37,23.5
Kolkata,Ahmedabad,996,9.86,56.3,16.4,74.8,Normal,Rail,449.95,37.0
Bangalore,Kolkata,1159,28.67,95.1,97.6,19.3,Economy,Rail,999.66,34.3
Ahmedabad,Kolkata,461,31.68,43.4,34.2,13.0,Economy,Air,3162.51,18.8
Hyderabad,Kolkata,989,17.39,88.6,20.0,37.0,Normal,Air,4384.89,16.2
Chennai,Bangalore,1818,57.06,23.2,82.3,88.5,Economy,Rail,2607.12,68.3
Mumbai,Chennai,1808,18.81,18.0,25.2,84.0,Express,Road,2756.7,50.5
Hyderabad,Ahmedabad,1078,57.54,36.4,87.9,14.2,Express,Road,4738.21,40.6
Ahmedabad,Mumbai,1398,15.14,9.3,24.4,40.3,Express,Road,1499.35,41.2
Hyderabad,Chennai,869,11.0,16.4,27.9,77.6,Express,Air,3582.56,23.7
Bangalore,Kolkata,1159,82.46,48.5,19.9,57.4,Normal,Rail,3142.54,41.5
Bangalore,Ahmedabad,1506,1.27,57.4,32.8,17.4,Normal,Rail,285.89,41.8
Pune,Delhi,1004,46.22,23.8,90.3,19.7,Economy,Rail,1119.92,41.7
Kolkata,Pune,1165,56.82,64.5,60.8,71.8,Economy,Road,2474.74,50.1
Bangalore,Chennai,1449,76.04,54.2,27.6,66.5,Express,Road,9089.48,43.0
Mumbai,Pune,1509,99.0,71.6,65.1,61.1,Economy,Road,5403.35,58.8
Ahmedabad,Pune,900,95.21,59.3,37.3,87.5,Normal,Road,4581.71,27.0
Delhi,Kolkata,776,56.07,66.8,5.6,72.1,Normal,Air,10363.51,21.6
Pune,Chennai,498,67.58,61.2,98.0,96.3,Economy,Rail,1471.98,27.0
Hyderabad,Pune,489,11.91,89.7,66.9,27.1,Economy,Air,2928.87,25.0
Hyderabad,Bangalore,1863,71.34,33.0,8.6,50.2,Economy,Road,5225.24,89.1
Mumbai,Hyderabad,478,32.97,39.2,88.3,55.7,Express,Rail,760.35,15.8
Mumbai,Pune,1509,12.3,31.9,78.8,72.9,Normal,Air,13203.21,23.5
Delhi,Hyderabad,1334,91.11,10.6,90.7,78.7,Economy,Air,25031.96,18.8
Hyderabad,Ahmedabad,1078,12.52,14.4,39.9,12.7,Economy,Road,496.0,46.1
Hyderabad,Mumbai,618,89.05,65.2,61.2,42.7,Economy,Air,11209.51,11.1
Chennai,Kolkata,863,11.81,18.4,28.0,45.7,Economy,Rail,244.37,26.0
